x_mm,intensity,net_od,dose_cgy,dose_gy,normalized_percent,smoothed_percent
0,34801.7625,0.02712844743,18.49496364,0.1849496364,11.52584552,11.52584552
0.127,34855.2875,0.02646101702,18.0399394,0.180399394,11.24227972,11.24227972
0.254,34908.55,0.02579787649,17.58783981,0.1758783981,10.96053653,10.96053653
0.381,34779.2625,0.02740931786,18.68644856,0.1868644856,11.64517668,11.64517668
0.508,34810.5375,0.02701895718,18.42031808,0.1842031808,11.47932728,11.47932728
0.635,34770.025,0.0275246834,18.76509962,0.1876509962,11.69419111,11.69419111
0.762,34712.725,0.02824097858,19.25343768,0.1925343768,11.99851769,11.99851769
0.889,34749.6375,0.02777940785,18.93875938,0.1893875938,11.80241384,11.80241384
1.016,34792.3375,0.02724607883,18.57515947,0.1857515947,11.57582263,11.57582263
1.143,34707.3125,0.0283087002,19.29960726,0.1929960726,12.02729003,12.02729003
1.27,34674.4875,0.02871963556,19.57976463,0.1957976463,12.20188084,12.20188084
1.397,34614.8875,0.02946676187,20.08912197,0.2008912197,12.51930639,12.51930639
1.524,34622.55,0.02937063522,20.02358712,0.2002358712,12.47846583,12.47846583
1.651,34618.725,0.02941861748,20.05629928,0.2005629928,12.49885167,12.49885167
1.778,34572.65,0.02999701677,20.45062608,0.2045062608,12.74459153,12.74459153
1.905,34565.2,0.03009061221,20.51443527,0.2051443527,12.78435667,12.78435667
2.032,34529.0125,0.03054552826,20.82457671,0.2082457671,12.9776332,12.9776332
2.159,34548.2625,0.0303034756,20.65955602,0.2065955602,12.87479423,12.87479423
2.286,34520.25,0.03065575407,20.89972374,0.2089972374,13.02446395,13.02446395
2.413,34536.075,0.03045670756,20.76402272,0.2076402272,12.93989666,12.93989666
2.54,34507.0875,0.03082138124,21.01264095,0.2101264095,13.09483264,13.09483264
2.667,34501.35,0.03089359747,21.06187475,0.2106187475,13.12551457,13.12551457
2.794,34466.1625,0.03133675506,21.3639998,0.213639998,13.31379537,13.31379537
2.921,34430.6125,0.03178493773,21.66955072,0.2166955072,13.50421114,13.50421114
3.048,34542.825,0.03037183395,20.70615969,0.2070615969,12.90383709,12.90383709
3.175,34530.2625,0.03052980646,20.81385829,0.2081385829,12.9709536,12.9709536
3.302,34430.475,0.0317866721,21.67073314,0.2167073314,13.50494801,13.50494801
3.429,34454.4625,0.03148420716,21.46452606,0.2146452606,13.37644216,13.37644216
3.556,34495.5125,0.03096708469,21.11197506,0.2111197506,13.1567365,13.1567365
3.683,34462.15,0.03138731793,21.39847131,0.2139847131,13.33527761,13.33527761
3.81,34467.0125,0.03132604468,21.35669794,0.2135669794,13.30924494,13.30924494
3.937,34425.6625,0.03184737961,21.71212081,0.2171212081,13.53074032,13.53074032
4.064,34372.1625,0.03252283002,22.17261272,0.2217261272,13.81771351,13.81771351
4.191,34382.6,0.03239097155,22.08271751,0.2208271751,13.76169187,13.76169187
4.318,34373.1875,0.03250987927,22.16378348,0.2216378348,13.81221123,13.81221123
4.445,34392.6375,0.0322642041,21.99629313,0.2199629313,13.7078332,13.7078332
4.572,34333.15,0.03301603541,22.50885813,0.2250885813,14.02725773,14.02725773
4.699,34361.45,0.03265820424,22.26490482,0.2226490482,13.87522887,13.87522887
4.826,34343.225,0.03288861118,22.42198598,0.2242198598,13.97312002,13.97312002
4.953,34411.275,0.03202892203,21.83588832,0.2183588832,13.60787079,13.60787079
5.08,34406.35,0.03209108344,21.87826719,0.2187826719,13.63428081,13.63428081
5.207,34456.1875,0.03146246428,21.44970273,0.2144970273,13.36720444,13.36720444
5.334,34405.25,0.03210496842,21.88773335,0.2188773335,13.64018001,13.64018001
5.461,34416.6875,0.03196061784,21.78932158,0.2178932158,13.57885094,13.57885094
5.588,34320.5625,0.0331752892,22.61743025,0.2261743025,14.0949186,14.0949186
5.715,34445.1375,0.03160176361,21.54467079,0.2154467079,13.42638743,13.42638743
5.842,34448.475,0.03155968546,21.51598379,0.2151598379,13.40851002,13.40851002
5.969,34480.6,0.03115487193,21.24,0.2124,13.23652015,13.23652015
6.096,34408.525,0.03206363035,21.8595509,0.218595509,13.62261704,13.62261704
6.223,34463.45,0.03137093555,21.38730253,0.2138730253,13.32831736,13.32831736
6.35,34454.3875,0.03148515253,21.46517056,0.2146517056,13.37684381,13.37684381
6.477,34410.55,0.03203807213,21.84212645,0.2184212645,13.61175832,13.61175832
6.604,34421.7625,0.03189658257,21.74566519,0.2174566519,13.55164479,13.55164479
6.731,34458.05,0.0314389895,21.43369867,0.2143369867,13.3572309,13.3572309
6.858,34419.2375,0.0319284413,21.76738505,0.2176738505,13.56518035,13.56518035
6.985,34494.175,0.03098392399,21.12345534,0.2112345534,13.16389087,13.16389087
7.112,34444.425,0.03161074711,21.55079534,0.2155079534,13.43020418,13.43020418
7.239,34461.025,0.03140149549,21.40813693,0.2140813693,13.34130112,13.34130112
7.366,34429.5625,0.03179818223,21.67858023,0.2167858023,13.50983823,13.50983823
7.493,34511.1875,0.0307697831,20.97746364,0.2097746364,13.07291055,13.07291055
7.62,34441.1625,0.03165188448,21.57884096,0.2157884096,13.44768188,13.44768188
7.747,34481.4625,0.03114400859,21.23259387,0.2123259387,13.23190473,13.23190473
7.874,34485.8375,0.0310889089,21.19502936,0.2119502936,13.20849497,13.20849497
8.001,34457.0875,0.0314511206,21.44196912,0.2144196912,13.36238494,13.36238494
8.128,34491.8125,0.03101366976,21.14373468,0.2114373468,13.17652872,13.17652872
8.255,34485.5125,0.03109300178,21.1978197,0.211978197,13.21023388,13.21023388
8.382,34480.9875,0.03114999126,21.23667258,0.2123667258,13.23444654,13.23444654
8.509,34546.1625,0.03032987479,20.67755381,0.2067755381,12.88601024,12.88601024
8.636,34608.9625,0.02954110604,20.13980651,0.2013980651,12.5508924,12.5508924
8.763,34475.725,0.03121627849,21.28186426,0.2128186426,13.26260946,13.26260946
8.89,34496.55,0.03095402289,21.1030701,0.211030701,13.15118703,13.15118703
9.017,34499.1375,0.03092144877,21.08086252,0.2108086252,13.13734752,13.13734752
9.144,34521.3,0.03064254437,20.89071796,0.2089071796,13.01885165,13.01885165
9.271,34531.0875,0.03051943038,20.80678434,0.2080678434,12.9665452,12.9665452
9.398,34517.4875,0.03069051009,20.92341885,0.2092341885,13.03923047,13.03923047
9.525,34531.9125,0.03050905455,20.79971057,0.2079971057,12.96213691,12.96213691
9.652,34520.1,0.0306576412,20.90101031,0.2090101031,13.02526573,13.02526573
9.779,34535.825,0.03045985134,20.76616602,0.2076616602,12.94123234,12.94123234
9.906,34559.5625,0.03016145036,20.56272956,0.2056272956,12.81445311,12.81445311
10.033,34518.9125,0.0306725813,20.9111958,0.209111958,13.0316132,13.0316132
10.16,34468.6125,0.03130588468,21.34295375,0.2134295375,13.30067972,13.30067972
10.287,34512.7,0.03075074996,20.9644877,0.209644877,13.0648241,13.0648241
10.414,34423.85,0.03187024568,21.72770987,0.2172770987,13.54045525,13.54045525
10.541,34575.15,0.02996561342,20.42921668,0.2042921668,12.73124944,12.73124944
10.668,34575.9625,0.02995540782,20.42225896,0.2042225896,12.72691347,12.72691347
10.795,34562.1125,0.03012940684,20.54088372,0.2054088372,12.80083904,12.80083904
10.922,34597.5375,0.02968449761,20.23756448,0.2023756448,12.61181403,12.61181403
11.049,34662.25,0.02887293607,19.68427807,0.1968427807,12.26701239,12.26701239
11.176,34612.45,0.02949734495,20.10997215,0.2010997215,12.53229998,12.53229998
11.303,34653.0625,0.02898806448,19.76276747,0.1976276747,12.31592607,12.31592607
11.43,34683.375,0.02860833478,19.50388473,0.1950388473,12.15459337,12.15459337
11.557,34677.45,0.02868253213,19.55446917,0.1955446917,12.186117,12.186117
11.684,34666.0375,0.02882548386,19.65192727,0.1965192727,12.24685175,12.24685175
11.811,34621.9375,0.02937831829,20.0288251,0.200288251,12.48173008,12.48173008
11.938,34660.625,0.0288932967,19.69815904,0.1969815904,12.27566285,12.27566285
12.065,34671.0125,0.02876316177,19.60943885,0.1960943885,12.22037347,12.22037347
12.192,34660.4875,0.02889501956,19.69933361,0.1969933361,12.27639483,12.27639483
12.319,34624.7625,0.02934288319,20.00466703,0.2000466703,12.46667505,12.46667505
12.446,34687.8375,0.02855246033,19.46579202,0.1946579202,12.13085444,12.13085444
12.573,34656.55,0.02894435908,19.73297109,0.1973297109,12.29735731,12.29735731
12.7,34649,0.02903898133,19.79748031,0.1979748031,12.33755871,12.33755871
12.827,34716.4125,0.02819484633,19.22198678,0.1922198678,11.97891785,11.97891785
12.954,34767.7125,0.0275535686,18.78479227,0.1878479227,11.70646334,11.70646334
13.081,34721.025,0.02813714883,19.1826512,0.191826512,11.95440438,11.95440438
13.208,34774.75,0.02746566986,18.72486683,0.1872486683,11.6691185,11.6691185
13.335,34789.2625,0.02728446413,18.60132886,0.1860132886,11.59213108,11.59213108
13.462,34755.3125,0.02770848855,18.89040976,0.1889040976,11.77228293,11.77228293
13.589,34979.9375,0.02491065717,16.98297331,0.1698297331,10.58359079,10.58359079
13.716,35083.125,0.02363141551,16.11084349,0.1611084349,10.04008966,10.04008966
13.843,34756.25,0.02769677392,18.88242325,0.1888242325,11.76730583,11.76730583
13.97,34703.7375,0.02835343667,19.33010659,0.1933010659,12.04629686,12.04629686
14.097,34722.275,0.02812151397,19.17199205,0.1917199205,11.94776172,11.94776172
14.224,34682.2625,0.02862226538,19.51338199,0.1951338199,12.16051195,12.16051195
14.351,34712.375,0.02824535748,19.25642302,0.1925642302,12.00037812,12.00037812
14.478,34791.225,0.0272599658,18.58462699,0.1858462699,11.58172267,11.58172267
14.605,34748.9625,0.02778784395,18.94451074,0.1894451074,11.80599802,11.80599802
14.732,34730.7125,0.02801599339,19.10005283,0.1910005283,11.90293004,11.90293004
14.859,34799.3875,0.02715808629,18.51517009,0.1851517009,11.53843795,11.53843795
14.986,34861.95,0.02637801067,17.98334938,0.1798334938,11.20701348,11.20701348
15.113,34795.1625,0.02721081727,18.55111972,0.1855111972,11.56084133,11.56084133
15.24,34797.8625,0.02717711863,18.52814549,0.1852814549,11.54652406,11.54652406
15.367,34837.575,0.02668176965,18.19043868,0.1819043868,11.33606912,11.33606912
15.494,34782.5375,0.02736842431,18.65856916,0.1865856916,11.62780257,11.62780257
15.621,34829.775,0.02677901741,18.25673786,0.1825673786,11.37738599,11.37738599
15.748,34763.725,0.02760338058,18.81875185,0.1881875185,11.72762655,11.72762655
15.875,34824.6875,0.02684245838,18.29998908,0.1829998908,11.40433965,11.40433965
16.002,34827.55,0.02680676195,18.27565285,0.1827565285,11.38917359,11.38917359
16.129,34883.4375,0.02611041152,17.80091223,0.1780091223,11.09332078,11.09332078
16.256,34897.4125,0.02593645934,17.68231941,0.1768231941,11.01941512,11.01941512
16.383,34860.275,0.02639887756,17.99757549,0.1799757549,11.21587903,11.21587903
16.51,34874.0125,0.02622776746,17.88092027,0.1788092027,11.14318086,11.14318086
16.637,34896.3875,0.02594921554,17.69101602,0.1769101602,11.02483474,11.02483474
16.764,34853.05,0.02648889701,18.05894674,0.1805894674,11.25412487,11.25412487
16.891,34921.25,0.02563990553,17.48014227,0.1748014227,10.89342068,10.89342068
17.018,34847.6,0.02655681331,18.10524903,0.1810524903,11.28297992,11.28297992
17.145,34820.475,0.02689499513,18.33580629,0.1833580629,11.42666052,11.42666052
17.272,34922.975,0.02561845328,17.46551708,0.1746551708,10.88430644,10.88430644
17.399,34811.1375,0.02701147168,18.4152148,0.184152148,11.47614697,11.47614697
17.526,34869.1125,0.02628879263,17.9225245,0.179225245,11.16910813,11.16910813
17.653,34870.9125,0.02626637422,17.90724064,0.1790724064,11.1595834,11.1595834
17.78,34937.25,0.02544096877,17.34451607,0.1734451607,10.80890002,10.80890002
17.907,34874.5875,0.02622060691,17.87603852,0.1787603852,11.14013861,11.14013861
18.034,34934.9875,0.02546909414,17.36369069,0.1736369069,10.82084942,10.82084942
18.161,34933.95,0.02548199202,17.37248389,0.1737248389,10.82632924,10.82632924
18.288,34897.4625,0.0259358371,17.68189519,0.1768189519,11.01915075,11.01915075
18.415,34941.975,0.02538223769,17.30447584,0.1730447584,10.78394741,10.78394741
18.542,34937.7125,0.02543521961,17.34059655,0.1734059655,10.80645742,10.80645742
18.669,34949.1125,0.02529353462,17.24400205,0.1724400205,10.74626085,10.74626085
18.796,34880.15,0.02615134242,17.82881709,0.1782881709,11.11071076,11.11071076
18.923,34973.5625,0.02498981339,17.03693848,0.1703693848,10.61722125,10.61722125
19.05,34947.35,0.02531543685,17.25893401,0.1725893401,10.75556628,10.75556628
19.177,34948.375,0.02530269925,17.25025009,0.1725025009,10.75015456,10.75015456
19.304,34952.8375,0.02524724845,17.21244621,0.1721244621,10.72659562,10.72659562
19.431,34957.5625,0.02518854355,17.17242383,0.1717242383,10.70165414,10.70165414
19.558,34888.3375,0.02604941141,17.75932508,0.1775932508,11.06740415,11.06740415
19.685,34937.325,0.02544003647,17.34388047,0.1734388047,10.80850392,10.80850392
19.812,34986.275,0.02483198087,16.92933532,0.1692933532,10.55016422,10.55016422
19.939,34935.6625,0.02546070296,17.35796996,0.1735796996,10.81728432,10.81728432
20.066,34975.8625,0.0249612534,17.01746756,0.1701746756,10.6050872,10.6050872
20.193,35001.5125,0.02464287467,16.80041116,0.1680041116,10.46982019,10.46982019
20.32,35021.8125,0.02439106777,16.62874047,0.1662874047,10.36283701,10.36283701
20.447,34979.6,0.02491484743,16.98583004,0.1698583004,10.58537107,10.58537107
20.574,35042.925,0.02412933718,16.45030424,0.1645030424,10.25163764,10.25163764
20.701,35041.8,0.02414327977,16.45980968,0.1645980968,10.25756132,10.25756132
20.828,35056.5125,0.02396097702,16.3355238,0.163355238,10.18010781,10.18010781
20.955,35087.2,0.02358097396,16.07645469,0.1607645469,10.01865896,10.01865896
21.082,35032.825,0.02425452669,16.53565285,0.1653565285,10.3048259,10.3048259
21.209,35079.9875,0.0236702564,16.13732347,0.1613732347,10.05659168,10.05659168
21.336,35072.8625,0.02375847372,16.1974661,0.161974661,10.09407186,10.09407186
21.463,34886.075,0.02607757621,17.77852659,0.1777852659,11.07937031,11.07937031
21.59,34890.425,0.02602342672,17.74160988,0.1774160988,11.05636425,11.05636425
21.717,35036.2875,0.02421160493,16.50639072,0.1650639072,10.28659008,10.28659008
21.844,34966.35,0.02507938596,17.09800506,0.1709800506,10.65527723,10.65527723
21.971,35033.2375,0.02424941304,16.5321666,0.165321666,10.30265331,10.30265331
22.098,35044.525,0.02410950849,16.43678593,0.1643678593,10.24321318,10.24321318
22.225,35032.1625,0.02426273964,16.54125208,0.1654125208,10.30831527,10.30831527
22.352,34996.075,0.02471034775,16.84641129,0.1684641129,10.49848693,10.49848693
22.479,35020.2125,0.02441090932,16.64226755,0.1664226755,10.37126693,10.37126693
22.606,35023.5625,0.02436936711,16.61394593,0.1661394593,10.35361723,10.35361723
22.733,35068.15,0.02381683081,16.23725136,0.1623725136,10.11886557,10.11886557
22.86,35054.5,0.02398590941,16.35252159,0.1635252159,10.19070064,10.19070064
22.987,35011.15,0.02452331021,16.71889745,0.1671889745,10.4190218,10.4190218
23.114,34968.0875,0.02505780613,17.0832929,0.170832929,10.64610879,10.64610879
23.241,35003.6625,0.02461619855,16.78222458,0.1678222458,10.45848652,10.45848652
23.368,35003.1125,0.02462302252,16.78687685,0.1678687685,10.46138577,10.46138577
23.495,34986.55,0.02482856723,16.92700806,0.1692700806,10.5487139,10.5487139
23.622,34998.575,0.02467932434,16.82526092,0.1682526092,10.48530627,10.48530627
23.749,34954.6375,0.02522488374,17.19719895,0.1719719895,10.71709371,10.71709371
23.876,35026.925,0.02432767389,16.58552135,0.1658552135,10.33590337,10.33590337
24.003,34958.9875,0.02517084045,17.16035465,0.1716035465,10.69413277,10.69413277
24.13,34990.4125,0.02478062395,16.89432247,0.1689432247,10.52834462,10.52834462
24.257,34969.1125,0.02504507609,17.07461412,0.1707461412,10.64070027,10.64070027
24.384,34717.0875,0.02818640232,19.21623002,0.1921623002,11.97533031,11.97533031
24.511,34918.85,0.02566975391,17.50049156,0.1750049156,10.90610212,10.90610212
24.638,35009.8875,0.02453897113,16.72957437,0.1672957437,10.42567552,10.42567552
24.765,35026.7875,0.02432937874,16.58668364,0.1658668364,10.33662769,10.33662769
24.892,35016.0375,0.02446268763,16.67756769,0.1667756769,10.39326557,10.39326557
25.019,35026.6125,0.02433154856,16.58816293,0.1658816293,10.33754956,10.33754956
25.146,34962.5,0.02512720696,17.13060728,0.1713060728,10.67559456,10.67559456
25.273,34992.55,0.02475409451,16.87623588,0.1687623588,10.51707327,10.51707327
25.4,34989.55,0.02479132928,16.90162088,0.1690162088,10.5328929,10.5328929
25.527,35005.7625,0.02459014439,16.76446201,0.1676446201,10.4474171,10.4474171
25.654,34969.6375,0.02503855596,17.07016899,0.1707016899,10.63793012,10.63793012
25.781,35037.0625,0.02420199848,16.49984147,0.1649984147,10.28250866,10.28250866
25.908,34959.675,0.02516229975,17.15453198,0.1715453198,10.69050415,10.69050415
26.035,34999.1125,0.0246726546,16.82071379,0.1682071379,10.48247255,10.48247255
26.162,35039.3875,0.02417318039,16.48019458,0.1648019458,10.27026495,10.27026495
26.289,35030.0375,0.02428908411,16.55921256,0.1655921256,10.31950803,10.31950803
26.416,35056.75,0.02395803478,16.33351792,0.1633351792,10.17885777,10.17885777
26.543,35035.4625,0.02422183139,16.51336266,0.1651336266,10.29093491,10.29093491
26.67,34999.7625,0.024664589,16.81521502,0.1681521502,10.47904578,10.47904578
26.797,34973.0625,0.02499602233,17.04117146,0.1704117146,10.6198592,10.6198592
26.924,34989.675,0.02478977776,16.90056313,0.1690056313,10.53223373,10.53223373
27.051,35039.125,0.02417643395,16.48241271,0.1648241271,10.27164727,10.27164727
27.178,34978.7625,0.02492524566,16.99291909,0.1699291909,10.58978888,10.58978888
27.305,35009.1125,0.02454858504,16.7361287,0.167361287,10.42976011,10.42976011
27.432,34900.2,0.0259017706,17.65867017,0.1765867017,11.00467719,11.00467719
27.559,34904.675,0.02584608773,17.62070808,0.1762070808,10.98101965,10.98101965
27.686,34905.85,0.02583146827,17.61074118,0.1761074118,10.9748084,10.9748084
27.813,34932.6,0.02549877538,17.38392603,0.1738392603,10.83345985,10.83345985
27.94,34866.975,0.02631541599,17.94067512,0.1794067512,11.18041938,11.18041938
28.067,34869.175,0.02628801419,17.9219938,0.179219938,11.1687774,11.1687774
28.194,34882.0375,0.0261278417,17.81279535,0.1781279535,11.1007262,11.1007262
28.321,34889.575,0.02603400713,17.74882313,0.1774882313,11.06085946,11.06085946
28.448,34939.9,0.02540802867,17.32205898,0.1732205898,10.79490502,10.79490502
28.575,34924.1,0.02560446325,17.4559793,0.174559793,10.87836261,10.87836261
28.702,34938.2625,0.02542838287,17.33593557,0.1733593557,10.80355275,10.80355275
28.829,34942.575,0.02537478034,17.29939175,0.1729939175,10.78077907,10.78077907
28.956,34917.45,0.02568716641,17.51236262,0.1751236262,10.91350003,10.91350003
29.083,34967.4625,0.02506556854,17.08858496,0.1708858496,10.64940674,10.64940674
29.21,34908.725,0.02579569933,17.58635552,0.1758635552,10.95961154,10.95961154
29.337,34946.5625,0.0253252233,17.26560598,0.1726560598,10.75972417,10.75972417
29.464,34961.0875,0.025144753,17.14256939,0.1714256939,10.6830492,10.6830492
29.591,34907.35,0.02581280585,17.59801798,0.1759801798,10.96687945,10.96687945
29.718,34939.8625,0.02540849478,17.32237676,0.1732237676,10.79510306,10.79510306
29.845,34869.475,0.02628427772,17.91944644,0.1791944644,11.16718992,11.16718992
29.972,34899.325,0.02591265914,17.66609349,0.1766609349,11.00930332,11.00930332
30.099,34933.575,0.025486654,17.37566222,0.1737566222,10.82830993,10.82830993
30.226,34903.5375,0.02586024108,17.6303572,0.176303572,10.98703287,10.98703287
30.353,34879.575,0.02615850183,17.83369806,0.1783369806,11.11375252,11.11375252
30.48,34851.9375,0.0265027598,18.06839776,0.1806839776,11.26001464,11.26001464
30.607,34884.125,0.02610185232,17.79507695,0.1779507695,11.0896843,11.0896843
30.734,34820.5,0.02689468333,18.33559372,0.1833559372,11.42652804,11.42652804
30.861,34860.7125,0.02639342716,17.99385965,0.1799385965,11.21356336,11.21356336
30.988,34846.5,0.02657052247,18.11459533,0.1811459533,11.28880442,11.28880442
31.115,34836.2875,0.02669782026,18.20138127,0.1820138127,11.34288841,11.34288841
31.242,34865.5,0.02633378861,17.95320076,0.1795320076,11.18822521,11.18822521
31.369,34844.8125,0.02659155442,18.12893397,0.1812893397,11.2977401,11.2977401
31.496,34846.4875,0.02657067826,18.11470154,0.1811470154,11.28887061,11.28887061
31.623,34897.2,0.02593910389,17.68412234,0.1768412234,11.02053868,11.02053868
31.75,34910.7875,0.02577004082,17.56886269,0.1756886269,10.94871022,10.94871022
31.877,34886.9,0.02606730596,17.77152479,0.1777152479,11.07500687,11.07500687
32.004,34885.4125,0.02608582371,17.78414936,0.1778414936,11.08287436,11.08287436
32.131,34918.05,0.02567970382,17.50727496,0.1750727496,10.91032946,10.91032946
32.258,34861.05,0.0263892226,17.99099318,0.1799099318,11.21177701,11.21177701
32.385,34906.3,0.02582586946,17.60692417,0.1760692417,10.97242968,10.97242968
32.512,34939.45,0.02541362209,17.32587233,0.1732587233,10.79728146,10.79728146
32.639,34897.5875,0.02593428149,17.68083465,0.1768083465,11.01848983,11.01848983
32.766,34875.775,0.02620581918,17.86595691,0.1786595691,11.13385587,11.13385587
32.893,34944.8625,0.02534635038,17.28000947,0.1728000947,10.76870026,10.76870026
33.02,34925.1875,0.02559093999,17.44675975,0.1744675975,10.87261708,10.87261708
33.147,34911.0375,0.0257669308,17.56674242,0.1756674242,10.94738889,10.94738889
33.274,34870.575,0.02627057759,17.9101063,0.179101063,11.16136925,11.16136925
33.401,34928.35,0.0255516161,17.41995048,0.1741995048,10.85590986,10.85590986
33.528,34903.6125,0.02585930787,17.62972098,0.1762972098,10.98663639,10.98663639
33.655,34899.15,0.02591483688,17.66757818,0.1766757818,11.01022856,11.01022856
33.782,34898.9,0.02591794796,17.66969918,0.1766969918,11.01155033,11.01155033
33.909,34880.575,0.02614605075,17.82520947,0.1782520947,11.10846254,11.10846254
34.036,34881.5375,0.02613406693,17.81703943,0.1781703943,11.10337106,11.10337106
34.163,34879.4625,0.0261599026,17.83465304,0.1783465304,11.11434766,11.11434766
34.29,34761.125,0.02763586294,18.84089687,0.1884089687,11.74142707,11.74142707
34.417,34860.0875,0.02640121347,17.99916801,0.1799916801,11.21687147,11.21687147
34.544,34880.3875,0.0261483853,17.82680106,0.1782680106,11.1094544,11.1094544
34.671,34865.5375,0.0263333215,17.9528823,0.179528823,11.18802675,11.18802675
34.798,34910.525,0.02577330636,17.571089,0.17571089,10.95009762,10.95009762
34.925,34641.3,0.02913550472,19.86328565,0.1986328565,12.37856783,12.37856783
35.052,34747.8125,0.02780221696,18.95430961,0.1895430961,11.81210457,11.81210457
35.179,34883.1375,0.0261141465,17.80345858,0.1780345858,11.09490763,11.09490763
35.306,34803.975,0.02710083831,18.47614098,0.1847614098,11.51411546,11.51411546
35.433,34864.1875,0.02635013779,17.9643469,0.179643469,11.19517136,11.19517136
35.56,34908.25,0.02580160878,17.59038432,0.1759038432,10.96212224,10.96212224
35.687,34850.7875,0.02651709033,18.07816768,0.1807816768,11.26610314,11.26610314
35.814,34880.425,0.02614791839,17.82648274,0.1782648274,11.10925602,11.10925602
35.941,34839.7625,0.02665450055,18.17184783,0.1817184783,11.32448351,11.32448351
36.068,34829.575,0.02678151123,18.25843804,0.1825843804,11.37844552,11.37844552
36.195,34905.175,0.02583986662,17.61646681,0.1761646681,10.97837654,10.97837654
36.322,34877.9125,0.02617920254,17.84781087,0.1784781087,11.12254747,11.12254747
36.449,34866.8875,0.02631650587,17.94141815,0.1794141815,11.18088243,11.18088243
36.576,34897.625,0.02593381481,17.68051648,0.1768051648,11.01829156,11.01829156
36.703,34891.225,0.02601346893,17.73482111,0.1773482111,11.05213356,11.05213356
36.83,34885.975,0.02607882111,17.7793753,0.177793753,11.07989922,11.07989922
36.957,34904.8375,0.02584406586,17.61932966,0.1761932966,10.98016064,10.98016064
37.084,34917.875,0.0256818804,17.50875886,0.1750875886,10.91125421,10.91125421
37.211,34948.2,0.02530487393,17.25173269,0.1725173269,10.7510785,10.7510785
37.338,34874.5,0.02622169655,17.87678139,0.1787678139,11.14060156,11.14060156
37.465,34894.725,0.02596990627,17.70512203,0.1770512203,11.03362545,11.03362545
37.592,34952.4625,0.0252519079,17.21562282,0.1721562282,10.72857525,10.72857525
37.719,34879.6375,0.02615772363,17.83316751,0.1783316751,11.1134219,11.1134219
37.846,34857.2,0.02643718806,18.02369388,0.1802369388,11.2321557,11.2321557
37.973,34916.3375,0.02570100363,17.52179622,0.1752179622,10.91937894,10.91937894
38.1,34830.325,0.02677215948,18.25206243,0.1825206243,11.37447232,11.37447232
38.227,34869,0.02629019382,17.92347977,0.1792347977,11.16970344,11.16970344
38.354,34896.375,0.02594937111,17.69112207,0.1769112207,11.02490083,11.02490083
38.481,34894,0.02597892961,17.71127374,0.1771127374,11.03745912,11.03745912
38.608,34844.9375,0.02658999646,18.12787182,0.1812787182,11.29707818,11.29707818
38.735,34845.325,0.02658516683,18.1245792,0.181245792,11.29502626,11.29502626
38.862,34894.1875,0.02597659597,17.70968277,0.1770968277,11.03646764,11.03646764
38.989,34778.4375,0.0274196199,18.69347202,0.1869347202,11.64955363,11.64955363
39.116,34864.4375,0.02634702362,17.96222379,0.1796222379,11.19384826,11.19384826
39.243,34874.6875,0.0262193616,17.87518953,0.1787518953,11.13960953,11.13960953
39.37,34859.725,0.0264057296,18.00224691,0.1800224691,11.2187902,11.2187902
39.497,34826.375,0.02682141428,18.28564215,0.1828564215,11.39539881,11.39539881
39.624,34900.1375,0.02590254834,17.6592004,0.176592004,11.00500762,11.00500762
39.751,34857.55,0.02643282734,18.02072094,0.1802072094,11.230303,11.230303
39.878,34871.725,0.02625625518,17.90034193,0.1790034193,11.15528421,11.15528421
40.005,34833.8375,0.02672836482,18.22220519,0.1822220519,11.35586563,11.35586563
40.132,34836.375,0.02669672943,18.20063759,0.1820063759,11.34242496,11.34242496
40.259,34824.4125,0.02684588788,18.30232716,0.1830232716,11.40579671,11.40579671
40.386,34796.525,0.02719381161,18.53952602,0.1853952602,11.55361627,11.55361627
40.513,34824.9375,0.02683934067,18.29786356,0.1829786356,11.40301505,11.40301505
40.64,34807.8,0.02705311143,18.44360292,0.1844360292,11.49383812,11.49383812
40.767,34804.1875,0.02709818668,18.47433322,0.1847433322,11.51298888,11.51298888
40.894,34805.1625,0.02708602058,18.46603891,0.1846603891,11.50781997,11.50781997
41.021,34859.2875,0.02641118016,18.00596285,0.1800596285,11.22110594,11.22110594
41.148,34832.8625,0.0267405209,18.23049266,0.1823049266,11.36103029,11.36103029
41.275,34836.075,0.02670046945,18.20318737,0.1820318737,11.34401395,11.34401395
41.402,34878.1375,0.02617640088,17.84590083,0.1784590083,11.12135715,11.12135715
41.529,34858.3125,0.02642332737,18.01424428,0.1801424428,11.22626682,11.22626682
41.656,34845.1875,0.02658688056,18.12574754,0.1812574754,11.29575436,11.29575436
41.783,34856.9875,0.02643983566,18.02549889,0.1802549889,11.23328057,11.23328057
41.91,34823.9875,0.02685118808,18.3059406,0.183059406,11.40804857,11.40804857
42.037,34838.4375,0.02667101763,18.18310843,0.1818310843,11.33150099,11.33150099
42.164,34855.1875,0.02646226302,18.04078887,0.1804078887,11.2428091,11.2428091
42.291,34794.1375,0.02722361095,18.55984188,0.1855984188,11.56627688,11.56627688
42.418,34784.2875,0.02734657438,18.64367285,0.1864367285,11.61851936,11.61851936
42.545,34877.5125,0.0261841833,17.85120654,0.1785120654,11.12466361,11.12466361
42.672,34850.9875,0.02651459803,18.07646854,0.1807646854,11.26504426,11.26504426
42.799,34876.75,0.02619367805,17.85767963,0.1785767963,11.12869756,11.12869756
42.926,34702.4875,0.02836907988,19.34077143,0.1934077143,12.05294306,12.05294306
43.053,34689.3875,0.02853305464,19.45256209,0.1945256209,12.1226097,12.1226097
43.18,34798.5375,0.02716869438,18.52240221,0.1852240221,11.54294492,11.54294492
43.307,34830.15,0.02677434154,18.25355006,0.1825355006,11.37539939,11.37539939
43.434,34814.9625,0.02696375462,18.38268344,0.1838268344,11.45587381,11.45587381
43.561,34841.2,0.02663658178,18.15963161,0.1815963161,11.31687051,11.31687051
43.688,34874.4,0.02622294186,17.87763039,0.1787763039,11.14113064,11.14113064
43.815,34864.5375,0.02634577795,17.96137455,0.1796137455,11.19331903,11.19331903
43.942,34807.8625,0.02705233163,18.44307129,0.1844307129,11.49350681,11.49350681
44.069,34778.3625,0.02742055646,18.69411053,0.1869411053,11.64995154,11.64995154
44.196,34809.4875,0.02703205713,18.42924904,0.1842924904,11.48489295,11.48489295
44.323,34803.85,0.0271023981,18.47720437,0.1847720437,11.51477815,11.51477815
44.45,34750.9375,0.02776316099,18.927683,0.18927683,11.79551117,11.79551117
44.577,34793,0.02723780927,18.56952166,0.1856952166,11.5723092,11.5723092
44.704,34710.625,0.02826725269,19.27135019,0.1927135019,12.00968056,12.00968056
44.831,34702.6375,0.02836720267,19.33949163,0.1933949163,12.05214551,12.05214551
44.958,34665.8625,0.02882767626,19.65342195,0.1965342195,12.24778322,12.24778322
45.085,34668.35,0.02879651394,19.63217687,0.1963217687,12.23454353,12.23454353
45.212,34649.5,0.02903271431,19.79320774,0.1979320774,12.33489609,12.33489609
45.339,34650.6,0.02901892721,19.78380831,0.1978380831,12.32903847,12.32903847
45.466,34592.75,0.02974459809,20.2785383,0.202785383,12.63734843,12.63734843
45.593,34646.3125,0.02907266806,19.82044642,0.1982044642,12.35187092,12.35187092
45.72,34667.7875,0.0288035605,19.6369809,0.196369809,12.23753735,12.23753735
45.847,34592.7125,0.02974506889,20.27885927,0.2027885927,12.63754846,12.63754846
45.974,34584.9375,0.02984269116,20.34541377,0.2034541377,12.67902445,12.67902445
46.101,34514.4,0.03072935835,20.94990385,0.2094990385,13.05573561,13.05573561
46.228,34488.4625,0.03105585244,21.17249294,0.2117249294,13.19445054,13.19445054
46.355,34451.4875,0.03152170831,21.49009266,0.2149009266,13.39237497,13.39237497
46.482,34472.7625,0.03125359903,21.30730773,0.2130730773,13.27846554,13.27846554
46.609,34422.825,0.03188317736,21.73652612,0.2173652612,13.54594943,13.54594943
46.736,34433.1625,0.0317527742,21.64762307,0.2164762307,13.49054608,13.49054608
46.863,34414.5125,0.03198806442,21.80803343,0.2180803343,13.59051195,13.59051195
46.99,34366.4625,0.03259485586,22.22171672,0.2222171672,13.84831455,13.84831455
47.117,34305.475,0.03336624931,22.74761833,0.2274761833,14.17605029,14.17605029
47.244,34144.975,0.03540288726,24.1361071,0.241361071,15.0413403,15.0413403
47.371,34213.1375,0.03453678355,23.54563628,0.2354563628,14.67336577,14.67336577
47.498,34170.2,0.03508216559,23.91745339,0.2391745339,14.90507785,14.90507785
47.625,34079.6,0.03623519763,24.70353913,0.2470353913,15.39495732,15.39495732
47.752,33964.6875,0.03770206322,25.70358257,0.2570358257,16.01817272,16.01817272
47.879,33885.975,0.03870970024,26.39054448,0.2639054448,16.44627936,16.44627936
48.006,33737.1,0.04062193791,27.6942227,0.276942227,17.25871642,17.25871642
48.133,33582.925,0.04261116678,29.05039009,0.2905039009,18.10386411,18.10386411
48.26,33460.05,0.04420310074,30.13569955,0.3013569955,18.7802163,18.7802163
48.387,33118.85,0.04865443816,33.17042256,0.3317042256,20.67142027,20.67142027
48.514,32624.825,0.05518149555,37.62027873,0.3762027873,23.44451871,23.44451871
48.641,31600.4375,0.06903659098,47.0660639,0.470660639,29.3310218,29.3310218
48.768,29930.2625,0.09261916055,66.42551593,0.6642551593,41.39560639,41.39560639
48.895,27964.1,0.1221288398,91.56738186,0.9156738186,57.06372385,57.06372385
49.022,26108.05,0.1519552506,124.5967233,1.245967233,77.64722401,77.64722401
49.149,24974.8,0.1712276673,148.3832927,1.483832927,92.47073651,92.47073651
49.276,24196.2375,0.1849818476,165.7550534,1.657550534,103.296615,103.296615
49.403,23883.1625,0.1906378528,172.9158219,1.729158219,107.7591224,107.7591224
49.53,23642.55,0.1950353702,178.4832858,1.784832858,111.228701,111.228701
49.657,23560.0625,0.1965532481,180.4049907,1.804049907,112.426285,112.426285
49.784,23508.9875,0.1974957613,181.5982567,1.815982567,113.1699145,113.1699145
49.911,23443.225,0.1987123306,183.1384906,1.831384906,114.1297703,114.1297703
50.038,23440.525,0.1987623519,183.2018201,1.832018201,114.1692364,114.1692364
50.165,23379.975,0.1998856439,184.6239605,1.846239605,115.0554978,115.0554978
50.292,23366.4625,0.2001367178,184.9418318,1.849418318,115.2535915,115.2535915
50.419,23388.05,0.1997356727,184.43409,1.8443409,114.9371727,114.9371727
50.546,23399.2875,0.1995270528,184.1699674,1.841699674,114.7725745,114.7725745
50.673,23395.9,0.1995899299,184.2495727,1.842495727,114.8221837,114.8221837
50.8,23347.7625,0.2004844194,185.3820385,1.853820385,115.5279231,115.5279231
50.927,23386.3375,0.1997674734,184.4743511,1.844743511,114.962263,114.962263
51.054,23365.9375,0.2001464756,184.9541858,1.849541858,115.2612903,115.2612903
51.181,23363.9,0.2001843476,185.0021334,1.850021334,115.2911707,115.2911707
51.308,23396.125,0.1995857533,184.2442849,1.842442849,114.8188884,114.8188884
51.435,23363.0875,0.2001994508,185.0212549,1.850212549,115.303087,115.303087
51.562,23402.7375,0.199463025,184.0889051,1.840889051,114.7220575,114.7220575
51.689,23403.4875,0.1994491072,184.0712845,1.840712845,114.7110765,114.7110765
51.816,23372.2875,0.2000284665,184.8047806,1.848047806,115.1681827,115.1681827
51.943,23379.0375,0.1999030588,184.6460086,1.846460086,115.0692379,115.0692379
52.07,23391.5375,0.1996709179,184.3521073,1.843521073,114.886082,114.886082
52.197,23398.6,0.1995398131,184.1861225,1.841861225,114.7826422,114.7826422
52.324,23349.525,0.2004516362,185.3405334,1.853405334,115.5020576,115.5020576
52.451,23394.65,0.1996131341,184.2789503,1.842789503,114.8404914,114.8404914
52.578,23391.7625,0.1996667405,184.3468185,1.843468185,114.8827861,114.8827861
52.705,23411.425,0.1993018373,183.8848339,1.838848339,114.5948827,114.5948827
52.832,23446.6375,0.1986491173,183.0584597,1.830584597,114.0798959,114.0798959
52.959,23432.2,0.1989166208,183.3971317,1.833971317,114.2909524,114.2909524
53.086,23437.925,0.1988105261,183.2628109,1.832628109,114.2072452,114.2072452
53.213,23431.9125,0.1989219494,183.403878,1.83403878,114.2951566,114.2951566
53.34,23426.725,0.1990181068,183.5256178,1.835256178,114.3710234,114.3710234
53.467,23443.8125,0.198701447,183.1247116,1.831247116,114.1211833,114.1211833
53.594,23462.575,0.1983540125,182.6848431,1.826848431,113.8470624,113.8470624
53.721,23497.2,0.1977135729,181.8740164,1.818740164,113.3417647,113.3417647
53.848,23467.3875,0.1982649418,182.5720754,1.825720754,113.7767869,113.7767869
53.975,23529.55,0.1971160649,181.1175432,1.811175432,112.8703395,112.8703395
54.102,23547.4,0.1967867251,180.7005836,1.807005836,112.610495,112.610495
54.229,23524.1375,0.1972159771,181.2440368,1.812440368,112.9491688,112.9491688
54.356,23518.5875,0.1973184514,181.373774,1.81373774,113.0300195,113.0300195
54.483,23538.9,0.1969435224,180.8990964,1.808990964,112.7342059,112.7342059
54.61,23515.9,0.1973680816,181.4366083,1.814366083,113.069177,113.069177
54.737,23546.5125,0.1968030939,180.7213073,1.807213073,112.6234098,112.6234098
54.864,23469.95,0.198217522,182.5120397,1.825120397,113.7393734,113.7393734
54.991,23527.55,0.1971529813,181.1642811,1.811642811,112.899466,112.899466
55.118,23538.6125,0.1969488269,180.905812,1.80905812,112.738391,112.738391
55.245,23550.275,0.1967337035,180.6334557,1.806334557,112.5686618,112.5686618
55.372,23597.15,0.1958701331,179.540135,1.79540135,111.887317,111.887317
55.499,23582.5375,0.1961391526,179.8807263,1.798807263,112.0995696,112.0995696
55.626,23568.4,0.196399586,180.2104472,1.802104472,112.3050478,112.3050478
55.753,23590.625,0.1959902393,179.692195,1.79692195,111.9820791,111.9820791
55.88,23553.2,0.1966797665,180.5651689,1.805651689,112.5261062,112.5261062
56.007,23585.125,0.196091504,179.8204009,1.798204009,112.0619755,112.0619755
56.134,23563.5375,0.1964891964,180.3238983,1.803238983,112.3757492,112.3757492
56.261,23598.525,0.1958448276,179.508097,1.79508097,111.8673514,111.8673514
56.388,23642.9875,0.1950273337,178.4731113,1.784731113,111.2223603,111.2223603
56.515,23636.95,0.1951382498,178.6135363,1.786135363,111.3098715,111.3098715
56.642,23699.325,0.1939937097,177.1644946,1.771644946,110.4068457,110.4068457
56.769,23706.9375,0.1938542316,176.9879088,1.769879088,110.2967995,110.2967995
56.896,23654.0125,0.1948248644,178.2167756,1.782167756,111.0626149,111.0626149
57.023,23714.1375,0.1937223527,176.8209439,1.768209439,110.1927489,110.1927489
57.15,23731.525,0.1934040392,176.4179441,1.764179441,109.9416041,109.9416041
57.277,23703.15,0.1939236215,177.0757597,1.770757597,110.3515471,110.3515471
57.404,23724.85,0.1935262111,176.5726194,1.765726194,110.0379959,110.0379959
57.531,23740.075,0.1932475997,176.2198843,1.762198843,109.8181755,109.8181755
57.658,23771.5875,0.1926715008,175.4905161,1.754905161,109.3636418,109.3636418
57.785,23771.7125,0.1926692172,175.4876248,1.754876248,109.36184,109.36184
57.912,23832.425,0.1915614514,174.0851412,1.740851412,108.4878286,108.4878286
58.039,23792.9875,0.1922807099,174.9957564,1.749957564,109.0553133,109.0553133
58.166,23798.8625,0.1921734865,174.8600065,1.748600065,108.9707156,108.9707156
58.293,23818.575,0.1918139111,174.4047671,1.744047671,108.6870157,108.6870157
58.42,23785.7125,0.1924135211,175.1639016,1.751639016,109.1600994,109.1600994
58.547,23844.275,0.1913455644,173.8118181,1.738118181,108.3174968,108.3174968
58.674,23871.5625,0.1908488399,173.1829416,1.731829416,107.9255883,107.9255883
58.801,23840.975,0.191405674,173.8879197,1.738879197,108.3649225,108.3649225
58.928,23865.4625,0.1909598312,173.3234617,1.733234617,108.0131588,108.0131588
59.055,23830.6875,0.1915931147,174.1252285,1.741252285,108.5128105,108.5128105
59.182,23813.85,0.1919000726,174.5138516,1.745138516,108.7549959,108.7549959
59.309,23851.5875,0.1912123965,173.6432213,1.736432213,108.2124292,108.2124292
59.436,23849.3625,0.1912529116,173.6945154,1.736945154,108.2443951,108.2443951
59.563,23846.8125,0.1912993493,173.7533077,1.737533077,108.2810338,108.2810338
59.69,23887.6125,0.1905569409,172.8133838,1.728133838,107.6952842,107.6952842
59.817,23731.15,0.1934109019,176.4266326,1.764266326,109.9470187,109.9470187
59.944,23737.3125,0.1932981391,176.2838695,1.762838695,109.8580504,109.8580504
60.071,23853.2625,0.1911818988,173.6046098,1.736046098,108.188367,108.188367
60.198,23899.55,0.1903399626,172.5386789,1.725386789,107.5240913,107.5240913
60.325,23862.4625,0.1910144274,173.3925832,1.733925832,108.0562345,108.0562345
60.452,23862.6125,0.1910116975,173.3891269,1.733891269,108.0540806,108.0540806
60.579,23862.2125,0.1910189774,173.3983437,1.733983437,108.0598244,108.0598244
60.706,23863.0375,0.1910039626,173.3793342,1.733793342,108.0479779,108.0479779
60.833,23933.575,0.1897221116,171.7564505,1.717564505,107.0366157,107.0366157
60.96,23928.925,0.1898064978,171.8632875,1.718632875,107.1031953,107.1031953
61.087,23922.725,0.1899190384,172.0057691,1.720057691,107.1919882,107.1919882
61.214,23952.9625,0.1893704518,171.3112327,1.713112327,106.7591611,106.7591611
61.341,23960.45,0.1892347161,171.1393849,1.711393849,106.6520676,106.6520676
61.468,23965.05,0.1891513469,171.0338356,1.710338356,106.5862905,106.5862905
61.595,23956.5125,0.189306091,171.2297489,1.712297489,106.7083814,106.7083814
61.722,24014.0125,0.188264954,169.9116205,1.699116205,105.8869391,105.8869391
61.849,24056.725,0.1874931827,168.9345217,1.689345217,105.2780226,105.2780226
61.976,24000.4125,0.1885109803,170.2231013,1.702231013,106.0810504,106.0810504
62.103,24003.2125,0.1884603164,170.1589585,1.701589585,106.0410773,106.0410773
62.23,24032.075,0.1879384157,169.4982076,1.694982076,105.629305,105.629305
62.357,24064.6625,0.1873499111,168.7531332,1.687531332,105.1649834,105.1649834
62.484,24063.15,0.1873772081,168.7876924,1.687876924,105.1865203,105.1865203
62.611,24038.575,0.1878209671,169.3495122,1.693495122,105.5366398,105.5366398
62.738,24011.225,0.188315369,169.9754482,1.699754482,105.9267158,105.9267158
62.865,24047.2625,0.1876640422,169.1508378,1.691508378,105.4128283,105.4128283
62.992,24035.3375,0.1878794615,169.4235689,1.694235689,105.5827911,105.5827911
63.119,24037.925,0.1878327105,169.3643799,1.693643799,105.5459052,105.5459052
63.246,24007.6,0.1883809398,170.058464,1.70058464,105.9784503,105.9784503
63.373,24026.15,0.1880455022,169.6337842,1.696337842,105.7137948,105.7137948
63.5,24019.7125,0.1881618815,169.7811258,1.697811258,105.8056164,105.8056164
63.627,24009.05,0.1883547103,170.0252562,1.700252562,105.9577556,105.9577556
63.754,24019.8375,0.1881596214,169.7782644,1.697782644,105.8038332,105.8038332
63.881,24058.9375,0.1874532424,168.8839554,1.688839554,105.2465103,105.2465103
64.008,24052.55,0.1875685602,169.0299532,1.690299532,105.3374944,105.3374944
64.135,23983.05,0.1888252735,170.6210113,1.706210113,106.3290232,106.3290232
64.262,24034.85,0.1878882703,169.4347212,1.694347212,105.5897411,105.5897411
64.389,24057.925,0.1874715197,168.9070953,1.689070953,105.2609308,105.2609308
64.516,24076.6625,0.1871334014,168.4790216,1.684790216,104.9941602,104.9941602
64.643,24070.875,0.1872378087,168.6112063,1.686112063,105.0765362,105.0765362
64.77,24021.875,0.1881227836,169.7316261,1.697316261,105.7747687,105.7747687
64.897,24014.1875,0.1882617891,169.9076136,1.699076136,105.8844421,105.8844421
65.024,23968.025,0.1890974373,170.9655835,1.709655835,106.5437566,106.5437566
65.151,24066.3875,0.1873187812,168.7137212,1.687137212,105.1404223,105.1404223
65.278,24019.725,0.1881616554,169.7808397,1.697808397,105.8054381,105.8054381
65.405,24053.7,0.1875477962,169.003665,1.69003665,105.3211119,105.3211119
65.532,24055.85,0.1875089793,168.9545209,1.689545209,105.2904859,105.2904859
65.659,24068.4125,0.1872822402,168.6674586,1.686674586,105.111592,105.111592
65.786,24069,0.1872716394,168.6540375,1.686540375,105.1032281,105.1032281
65.913,24099.2,0.1867270604,167.9645749,1.679645749,104.673563,104.673563
66.04,24093.5375,0.186829117,168.0937833,1.680937833,104.7540842,104.7540842
66.167,24102.0125,0.186676379,167.9004098,1.679004098,104.6335761,104.6335761
66.294,24120.4375,0.1863445055,167.4802423,1.674802423,104.3717327,104.3717327
66.421,24101.975,0.1866770547,167.9012653,1.679012653,104.6341092,104.6341092
66.548,24117.025,0.1864059528,167.5580375,1.675580375,104.4202137,104.4202137
66.675,24092.9,0.1868406083,168.1083318,1.681083318,104.7631507,104.7631507
66.802,24098.0625,0.1867475599,167.9905282,1.679905282,104.6897369,104.6897369
66.929,24030.9125,0.1879594242,169.5248054,1.695248054,105.6458805,105.6458805
67.056,24085.8625,0.1869674836,168.2689619,1.682689619,104.8632535,104.8632535
67.183,24114.0375,0.1864597544,167.6261529,1.676261529,104.4626624,104.4626624
67.31,24119.975,0.186352833,167.4907854,1.674907854,104.378303,104.378303
67.437,24106.4625,0.1865962018,167.7989017,1.677989017,104.5703174,104.5703174
67.564,24078.6375,0.1870977778,168.4339205,1.684339205,104.9660538,104.9660538
67.691,24104.4875,0.1866317842,167.8439507,1.678439507,104.5983915,104.5983915
67.818,24117.9125,0.1863899711,167.537804,1.67537804,104.4076044,104.4076044
67.945,24069.35,0.1872653242,168.6460421,1.686460421,105.0982455,105.0982455
68.072,24131.7125,0.1861415438,167.2232832,1.672232832,104.2115987,104.2115987
68.199,24156.875,0.1856889343,166.6502584,1.666502584,103.8544963,103.8544963
68.326,24127.975,0.1862088121,167.3084482,1.673084482,104.2646725,104.2646725
68.453,24121.2625,0.1863296514,167.4614364,1.674614364,104.360013,104.360013
68.58,24148.875,0.1858327828,166.8323774,1.668323774,103.9679908,103.9679908
68.707,24150.4125,0.1858051332,166.7973717,1.667973717,103.9461756,103.9461756
68.834,24131.8875,0.1861383943,167.2192959,1.672192959,104.2091139,104.2091139
68.961,24150.2625,0.1858078307,166.8007868,1.668007868,103.9483039,103.9483039
69.088,24165.575,0.1855325531,166.4522724,1.664522724,103.7311138,103.7311138
69.215,24126.1875,0.1862409877,167.3491839,1.673491839,104.2900586,104.2900586
69.342,24175.4,0.1853560178,166.2287704,1.662287704,103.59183,103.59183
69.469,24169.35,0.1854647155,166.3663868,1.663663868,103.6775909,103.6775909
69.596,24152.5125,0.1857673708,166.7495627,1.667495627,103.9163816,103.9163816
69.723,24136.0125,0.1860641643,167.1253171,1.671253171,104.1505474,104.1505474
69.85,24111.0125,0.1865142381,167.6951318,1.676951318,104.5056493,104.5056493
69.977,24162.0875,0.1855952336,166.5316289,1.665316289,103.7805678,103.7805678
70.104,24116.975,0.1864068532,167.5591774,1.675591774,104.4209241,104.4209241
70.231,24146.25,0.1858799935,166.8921483,1.668921483,104.0052393,104.0052393
70.358,24151.2625,0.185789848,166.7780199,1.667780199,103.9341158,103.9341158
70.485,24175.35,0.185356916,166.2299076,1.662299076,103.5925386,103.5925386
70.612,24164.975,0.1855433362,166.4659243,1.664659243,103.7396215,103.7396215
70.739,24184.05,0.1852006543,166.0320729,1.660320729,103.4692504,103.4692504
70.866,24117.625,0.1863951482,167.5443584,1.675443584,104.411689,104.411689
70.993,24149.8,0.1858161479,166.8113168,1.668113168,103.9548661,103.9548661
71.12,24189.075,0.1851104253,165.9178387,1.659178387,103.3980609,103.3980609
71.247,24179.4625,0.1852830439,166.136382,1.66136382,103.5342546,103.5342546
71.374,24197.3,0.1849627774,165.7309096,1.657309096,103.2815689,103.2815689
71.501,24218.2125,0.1845876008,165.2559183,1.652559183,102.9855599,102.9855599
71.628,24217.075,0.1846079996,165.2817441,1.652817441,103.0016542,103.0016542
71.755,24263.65,0.1837735536,164.2252963,1.642252963,102.3432883,102.3432883
71.882,24260.05,0.1838379947,164.3068818,1.643068818,102.3941314,102.3941314
72.009,24268.1,0.1836939105,164.1244644,1.641244644,102.280451,102.280451
72.136,24246.1,0.1840877943,164.6231398,1.646231398,102.5912197,102.5912197
72.263,24235.9875,0.1842689665,164.8525123,1.648525123,102.734162,102.734162
72.39,24253.35,0.1839579522,164.4587536,1.644587536,102.4887762,102.4887762
72.517,24248.2875,0.1840486137,164.5735354,1.645735354,102.5603068,102.5603068
72.644,24242.3,0.184155865,164.7093205,1.647093205,102.6449265,102.6449265
72.771,24253.775,0.183950342,164.4491187,1.644491187,102.4827718,102.4827718
72.898,24254.9375,0.1839295265,164.4227653,1.644227653,102.4663486,102.4663486
73.025,24232.325,0.1843346013,164.9356091,1.649356091,102.7859469,102.7859469
73.152,24239.2125,0.1842111803,164.7793522,1.647793522,102.6885695,102.6885695
73.279,24239.0875,0.1842134199,164.7821877,1.647821877,102.6903365,102.6903365
73.406,24226.05,0.1844470771,165.0780088,1.650780088,102.8746887,102.8746887
73.533,24224.1875,0.184480467,165.1202819,1.651202819,102.9010329,102.9010329
73.66,24256.1125,0.1839084881,164.3961298,1.643961298,102.4497497,102.4497497
73.787,24205.2875,0.184819441,165.5494389,1.655494389,103.1684785,103.1684785
73.914,24190.6,0.185083046,165.8831753,1.658831753,103.3764591,103.3764591
74.041,24239.2125,0.1842111803,164.7793522,1.647793522,102.6885695,102.6885695
74.168,24274.9,0.1835722368,163.9704198,1.639704198,102.1844522,102.1844522
74.295,24210.3125,0.1847292911,165.4353049,1.654353049,103.0973515,103.0973515
74.422,24233.05,0.184321608,164.9191589,1.649191589,102.7756953,102.7756953
74.549,24217.4625,0.1846010504,165.2729462,1.652729462,102.9961715,102.9961715
74.676,24188.575,0.1851194024,165.9292042,1.659292042,103.4051438,103.4051438
74.803,24170.0625,0.1854519129,166.3501781,1.663501781,103.6674898,103.6674898
74.93,24186.825,0.185150824,165.9689854,1.659689854,103.429935,103.429935
75.057,24152.4,0.1857693937,166.7521237,1.667521237,103.9179777,103.9179777
75.184,24213.825,0.184666287,165.3555388,1.653555388,103.0476422,103.0476422
75.311,24208,0.1847707757,165.4878263,1.654878263,103.1300823,103.1300823
75.438,24178.4,0.1853021282,166.1605436,1.661605436,103.5493118,103.5493118
75.565,24192.5625,0.1850478146,165.8385707,1.658385707,103.3486621,103.3486621
75.692,24169.4625,0.185462694,166.3638275,1.663638275,103.675996,103.675996
75.819,24189.3875,0.1851048146,165.9107354,1.659107354,103.3936342,103.3936342
75.946,24146.7875,0.1858703262,166.879909,1.66879909,103.9976119,103.9976119
76.073,24159.35,0.1856444408,166.5939275,1.665939275,103.8193916,103.8193916
76.2,24178.2625,0.185304598,166.1636705,1.661636705,103.5512605,103.5512605
76.327,24181.2875,0.1852502658,166.0948834,1.660948834,103.5083931,103.5083931
76.454,24178.2,0.1853057206,166.1650918,1.661650918,103.5521462,103.5521462
76.581,24177.65,0.1853156,166.1775995,1.661775995,103.5599409,103.5599409
76.708,24173.9375,0.1853822914,166.262034,1.66262034,103.6125595,103.6125595
76.835,24196.4375,0.1849782579,165.7505086,1.657505086,103.2937828,103.2937828
76.962,24191.0625,0.1850747428,165.8726631,1.658726631,103.369908,103.369908
77.089,24187.525,0.1851382551,165.9530726,1.659530726,103.4200183,103.4200183
77.216,24199,0.1849322668,165.6922817,1.656922817,103.2574965,103.2574965
77.343,24249.8875,0.1840199582,164.5372561,1.645372561,102.537698,102.537698
77.47,24213.8625,0.1846656144,165.3546873,1.653546873,103.0471115,103.0471115
77.597,24236.175,0.1842656066,164.8482586,1.648482586,102.7315111,102.7315111
77.724,24275.0375,0.1835697769,163.9673054,1.639673054,102.1825113,102.1825113
77.851,24279.5875,0.1834883824,163.8642561,1.638642561,102.1182922,102.1182922
77.978,24258.6375,0.1838632815,164.3388961,1.643388961,102.4140823,102.4140823
78.105,24218.1125,0.1845893941,165.2581887,1.652581887,102.9869748,102.9869748
78.232,24246.375,0.1840828686,164.6169036,1.646169036,102.5873334,102.5873334
78.359,24248.6625,0.1840418974,164.5650322,1.645650322,102.5550077,102.5550077
78.486,24241.2875,0.184174004,164.7322854,1.647322854,102.659238,102.659238
78.613,24188.85,0.185114465,165.9229532,1.659229532,103.4012482,103.4012482
78.74,24124.2125,0.186276541,167.3941961,1.673941961,104.3181096,104.3181096
78.867,24201.65,0.1848847104,165.6320731,1.656320731,103.2199751,103.2199751
78.994,24210.6625,0.1847230127,165.4273562,1.654273562,103.092398,103.092398
79.121,24218.9375,0.1845745999,165.2394586,1.652394586,102.9753024,102.9753024
79.248,24128.9625,0.1861910379,167.2859451,1.672859451,104.2506489,104.2506489
79.375,24229.9875,0.1843764963,164.9886501,1.649886501,102.8190014,102.8190014
79.502,24239.875,0.1841993104,164.7643244,1.647643244,102.6792043,102.6792043
79.629,24174.1625,0.1853782492,166.2569164,1.662569164,103.6093702,103.6093702
79.756,24129.875,0.1861746142,167.265152,1.67265152,104.2376909,104.2376909
79.883,24169.7125,0.1854582019,166.3581402,1.663581402,103.6724517,103.6724517
80.01,24175.6625,0.1853513022,166.2228002,1.662228002,103.5881094,103.5881094
80.137,24206.0375,0.1848059846,165.5324025,1.655324025,103.1578616,103.1578616
80.264,24154.55,0.1857307354,166.7031805,1.667031805,103.8874768,103.8874768
80.391,24132.15,0.1861336702,167.2133149,1.672133149,104.2053866,104.2053866
80.518,24121.3875,0.1863274009,167.4585871,1.674585871,104.3582373,104.3582373
80.645,24158.1,0.1856669117,166.6223767,1.666223767,103.8371208,103.8371208
80.772,24165.825,0.1855280602,166.4465842,1.664465842,103.7275689,103.7275689
80.899,24164.2375,0.1855565908,166.4827052,1.664827052,103.7500792,103.7500792
81.026,24127.625,0.1862151121,167.3164242,1.673164242,104.2696431,104.2696431
81.153,24208.9,0.1847546299,165.467385,1.65467385,103.1173434,103.1173434
81.28,24184.8875,0.1851856148,166.0130322,1.660130322,103.4573844,103.4573844
81.407,24170.775,0.1854391107,166.3339699,1.663339699,103.6573891,103.6573891
81.534,24195.65,0.1849923927,165.7684039,1.657684039,103.304935,103.304935
81.661,24158.425,0.1856610691,166.6149798,1.666149798,103.8325111,103.8325111
81.788,24155.475,0.1857141043,166.6821248,1.666821248,103.8743551,103.8743551
81.915,24157.5625,0.1856765745,166.6346103,1.666346103,103.8447447,103.8447447
82.042,24097.25,0.186762203,168.009067,1.68009067,104.70129,104.70129
82.169,24176,0.1853452393,166.2151244,1.662151244,103.5833259,103.5833259
82.296,24173.35,0.1853928462,166.2753969,1.662753969,103.6208871,103.6208871
82.423,24177.1375,0.1853248059,166.1892547,1.661892547,103.5672042,103.5672042
82.55,24144.1375,0.1859179906,166.9402544,1.669402544,104.0352185,104.0352185
82.677,24100.0375,0.186711968,167.9454671,1.679454671,104.6616553,104.6616553
82.804,24137.425,0.186038749,167.0931402,1.670931402,104.1304951,104.1304951
82.931,24129.0375,0.186189688,167.2842361,1.672842361,104.2495838,104.2495838
83.058,24133.8625,0.1861028523,167.174298,1.67174298,104.1810717,104.1810717
83.185,24103.95,0.1866414686,167.8562115,1.678562115,104.6060323,104.6060323
83.312,24128.4875,0.1861995874,167.2967692,1.672967692,104.2573944,104.2573944
83.439,24101.4,0.1866874158,167.9143829,1.679143829,104.642284,104.642284
83.566,24109.45,0.1865423833,167.7307649,1.677307649,104.5278554,104.5278554
83.693,24097.025,0.1867662581,168.014201,1.68014201,104.7044895,104.7044895
83.82,24117.4,0.1863991999,167.549488,1.67549488,104.4148858,104.4148858
83.947,24101.0625,0.1866934974,167.9220825,1.679220825,104.6470823,104.6470823
84.074,24070.7625,0.1872398385,168.613776,1.68613776,105.0781376,105.0781376
84.201,24154.8,0.1857262404,166.6974897,1.666974897,103.8839303,103.8839303
84.328,24189.275,0.1851068344,165.9132926,1.659132926,103.3952278,103.3952278
84.455,24206.4625,0.1847983595,165.5227487,1.655227487,103.1518455,103.1518455
84.582,24120.925,0.186335728,167.4691297,1.674691297,104.3648074,104.3648074
84.709,24079.1,0.187089436,168.4233594,1.684233594,104.9594722,104.9594722
84.836,24132.9875,0.1861185984,167.1942333,1.671942333,104.1934952,104.1934952
84.963,24107.025,0.1865860681,167.7860719,1.677860719,104.5623221,104.5623221
85.09,24111.375,0.1865077087,167.6868653,1.676868653,104.5004977,104.5004977
85.217,24179.3375,0.1852852891,166.1392245,1.661392245,103.536026,103.536026
85.344,24216.95,0.1846102412,165.2845822,1.652845822,103.0034229,103.0034229
85.471,24257.275,0.1838876746,164.3697788,1.643697788,102.4333281,102.4333281
85.598,24259.4875,0.1838480645,164.3196306,1.643196306,102.4020763,102.4020763
85.725,24278.975,0.1834993384,163.878127,1.63878127,102.1269364,102.1269364
85.852,24230.35,0.1843699989,164.9804241,1.649804241,102.8138751,102.8138751
85.979,24254.2625,0.1839416128,164.4380671,1.644380671,102.4758846,102.4758846
86.106,24261.2625,0.1838162895,164.279402,1.64279402,102.3770063,102.3770063
86.233,24244.2,0.1841218283,164.6662285,1.646662285,102.6180721,102.6180721
86.36,24245.675,0.184095407,164.6327778,1.646327778,102.597226,102.597226
86.487,24231.975,0.1843408741,164.9435507,1.649435507,102.790896,102.790896
86.614,24174.9375,0.1853643264,166.2392895,1.662392895,103.5983853,103.5983853
86.741,24251.1375,0.1839975723,164.5089146,1.645089146,102.5200359,102.5200359
86.868,24267.2375,0.1837093458,164.1440062,1.641440062,102.2926292,102.2926292
86.995,24205.45,0.1848165254,165.5457476,1.655457476,103.1661781,103.1661781
87.122,24255.9625,0.1839111738,164.39953,1.6439953,102.4518687,102.4518687
87.249,24244.2875,0.1841202609,164.6642441,1.646642441,102.6168354,102.6168354
87.376,24266.675,0.1837194126,164.1567513,1.641567513,102.3005718,102.3005718
87.503,24276.6375,0.1835411529,163.9310661,1.639310661,102.1599274,102.1599274
87.63,24256.65,0.1838988645,164.3839458,1.643839458,102.4421568,102.4421568
87.757,24277.7,0.1835221458,163.9070022,1.639070022,102.1449311,102.1449311
87.884,24293.9,0.1832324469,163.5402297,1.635402297,101.9163628,101.9163628
88.011,24242.5875,0.1841507145,164.7027998,1.647027998,102.6408629,102.6408629
88.138,24180.5875,0.1852628379,166.1108003,1.661108003,103.5183124,103.5183124
88.265,24280.725,0.1834680361,163.8384968,1.638384968,102.1022393,102.1022393
88.392,24289.85,0.1833048535,163.6318999,1.636318999,101.9734906,101.9734906
88.519,24282.0125,0.183445008,163.8093421,1.638093421,102.0840705,102.0840705
88.646,24213.7375,0.1846678564,165.3575257,1.653575257,103.0488804,103.0488804
88.773,24238.025,0.1842324573,164.8062899,1.648062899,102.7053567,102.7053567
88.9,24239.875,0.1841993104,164.7643244,1.647643244,102.6792043,102.6792043
89.027,24277.2125,0.1835308666,163.9180431,1.639180431,102.1518117,102.1518117
89.154,24251.35,0.1839937669,164.5040966,1.645040966,102.5170334,102.5170334
89.281,24268.725,0.1836827258,164.1103041,1.641103041,102.2716265,102.2716265
89.408,24270.45,0.1836518577,164.0712235,1.640712235,102.2472719,102.2472719
89.535,24328.1125,0.1826212709,162.7664522,1.627664522,101.4341537,101.4341537
89.662,24308.7125,0.1829677291,163.2050846,1.632050846,101.7075042,101.7075042
89.789,24342.55,0.1823636156,162.4402485,1.624402485,101.2308673,101.2308673
89.916,24356.1875,0.1821203776,162.1322978,1.621322978,101.038956,101.038956
90.043,24304,0.1830519298,163.3116867,1.633116867,101.7739374,101.7739374
90.17,24313.7,0.1828786326,163.0922842,1.630922842,101.6372084,101.6372084
90.297,24278.775,0.183502916,163.8826563,1.638826563,102.129759,102.129759
90.424,24308.4625,0.1829721956,163.2107393,1.632107393,101.7110282,101.7110282
90.551,24320.1,0.18276433,162.9475717,1.629475717,101.5470252,101.5470252
90.678,24339.15,0.1824242791,162.5170513,1.625170513,101.2787299,101.2787299
90.805,24264.6,0.1837565499,164.2037689,1.642037689,102.3298726,102.3298726
90.932,24359.3,0.1820648823,162.062038,1.62062038,100.995171,100.995171
91.059,24338.475,0.1824363236,162.5323002,1.625323002,101.2882329,101.2882329
91.186,24308.375,0.1829737588,163.2127185,1.632127185,101.7122616,101.7122616
91.313,24292.4625,0.1832581454,163.5727652,1.635727652,101.9366385,101.9366385
91.44,24303.625,0.1830586308,163.3201705,1.633201705,101.7792244,101.7792244
91.567,24258.0625,0.1838735757,164.351929,1.64351929,102.4222043,102.4222043
91.694,24101.275,0.1866896682,167.9172346,1.679172346,104.6440611,104.6440611
91.821,24338.9,0.18242874,162.522699,1.62522699,101.2822495,101.2822495
91.948,24344.5125,0.1823286041,162.3959223,1.623959223,101.2032438,101.2032438
92.075,24312.225,0.18290498,163.1256413,1.631256413,101.6579961,101.6579961
92.202,24328.3,0.1826179237,162.7622145,1.627622145,101.4315128,101.4315128
92.329,24365.825,0.1819485656,161.9147757,1.619147757,100.9033988,100.9033988
92.456,24379.7625,0.1817002158,161.6003531,1.616003531,100.7074543,100.7074543
92.583,24344.175,0.182334625,162.403545,1.62403545,101.2079941,101.2079941
92.71,24268.7,0.1836831732,164.1108705,1.641108705,102.2719794,102.2719794
92.837,24347,0.1822842306,162.3397433,1.623397433,101.1682337,101.1682337
92.964,24316.875,0.182821924,163.0204885,1.630204885,101.5924661,101.5924661
93.091,24294.8125,0.1832161347,163.5195777,1.635195777,101.9034927,101.9034927
93.218,24355.075,0.182140215,162.1574129,1.621574129,101.0546074,101.0546074
93.345,24364.4625,0.1819728514,161.9455226,1.619455226,100.9225599,100.9225599
93.472,24362.4625,0.1820085027,161.9906588,1.619906588,100.9506883,100.9506883
93.599,24305.7875,0.1830199897,163.2712489,1.632712489,101.7487371,101.7487371
93.726,24363.975,0.1819815411,161.9565242,1.619565242,100.929416,100.929416
93.853,24393.0375,0.1814638029,161.3010433,1.613010433,100.5209279,100.5209279
93.98,24407.225,0.1812112816,160.9813394,1.609813394,100.3216922,100.3216922
94.107,24365.375,0.1819565865,161.9249305,1.619249305,100.9097271,100.9097271
94.234,24348.5,0.1822574749,162.3058693,1.623058693,101.1471238,101.1471238
94.361,24370.025,0.1818737116,161.820007,1.61820007,100.8443401,100.8443401
94.488,24360.625,0.1820412599,162.032131,1.62032131,100.9765333,100.9765333
94.615,24345.725,0.1823069743,162.3685379,1.623685379,101.1861781,101.1861781
94.742,24355.1875,0.182138209,162.1548731,1.621548731,101.0530247,101.0530247
94.869,24348.075,0.1822650555,162.3154667,1.623154667,101.1531048,101.1531048
94.996,24342.5625,0.1823633926,162.4399661,1.624399661,101.2306914,101.2306914
95.123,24361,0.1820345746,162.023667,1.62023667,100.9712586,100.9712586
95.25,24360.8625,0.1820370258,162.0267705,1.620267705,100.9731926,100.9731926
95.377,24382.4,0.1816532346,161.5408727,1.615408727,100.6703868,100.6703868
95.504,24423.8625,0.18091534,160.6066634,1.606066634,100.0881985,100.0881985
95.631,24397.2875,0.1813881423,161.2052534,1.612052534,100.4612328,100.4612328
95.758,24388.15,0.1815508288,161.4112222,1.614112222,100.5895901,100.5895901
95.885,24374.5,0.1817939707,161.7190512,1.617190512,100.7814256,100.7814256
96.012,24400.3375,0.1813338529,161.1365204,1.611365204,100.4183992,100.4183992
96.139,24427.825,0.1808448863,160.5174657,1.605174657,100.0326115,100.0326115
96.266,24462.6625,0.1802259627,159.7338794,1.597338794,99.54428967,99.54428967
96.393,24427.1625,0.1808566648,160.5323779,1.605323779,100.0419046,100.0419046
96.52,24463.875,0.1802044373,159.7066272,1.597066272,99.52730643,99.52730643
96.647,24428.875,0.1808262191,160.4938321,1.604938321,100.0178833,100.0178833
96.774,24422.6375,0.180937123,160.6342417,1.606342417,100.105385,100.105385
96.901,24462.8125,0.1802232997,159.7305079,1.597305079,99.54218861,99.54218861
97.028,24476.875,0.1799737164,159.4145236,1.594145236,99.34527088,99.34527088
97.155,24416.6,0.1810444978,160.7701833,1.607701833,100.1901022,100.1901022
97.282,24366.9,0.1819294054,161.8905179,1.618905179,100.8882816,100.8882816
97.409,24384.4875,0.1816160541,161.4938004,1.614938004,100.6410519,100.6410519
97.536,24398.575,0.1813652243,161.1762381,1.611762381,100.4431508,100.4431508
97.663,24426.5375,0.1808677769,160.5464463,1.605464463,100.0506719,100.0506719
97.79,24407.0125,0.1812150628,160.9861266,1.609861266,100.3246755,100.3246755
97.917,24401.25,0.1813176119,161.1159586,1.611159586,100.4055853,100.4055853
98.044,24414.925,0.1810742918,160.8079039,1.608079039,100.2136092,100.2136092
98.171,24459.0125,0.1802907673,159.8159251,1.598159251,99.59541958,99.59541958
98.298,24456.175,0.1803411529,159.8797156,1.598797156,99.6351731,99.6351731
98.425,24452.7875,0.1804013126,159.9558805,1.599558805,99.68263819,99.68263819
98.552,24440.575,0.1806182672,160.2305553,1.602305553,99.85381233,99.85381233
98.679,24446.9875,0.1805043359,160.0863129,1.600863129,99.76392211,99.76392211
98.806,24444.9875,0.1805398668,160.1312967,1.601312967,99.79195551,99.79195551
98.933,24409.1875,0.1811763629,160.9371307,1.609371307,100.2941418,100.2941418
99.06,24432.5875,0.1807602236,160.4102787,1.604102787,99.96581384,99.96581384
99.187,24396.7625,0.1813974879,161.2170854,1.612170854,100.4686063,100.4686063
99.314,24444.4125,0.1805500825,160.1442303,1.601442303,99.80001554,99.80001554
99.441,24430.15,0.1808035528,160.4651356,1.604651356,100,100
99.568,24380.4625,0.1816877464,161.5845662,1.615845662,100.6976161,100.6976161
99.695,24438.2375,0.1806598052,160.2831444,1.602831444,99.8865852,99.8865852
99.822,24415.6625,0.1810611733,160.7912953,1.607912953,100.2032589,100.2032589
99.949,24406.775,0.1812192888,160.9914769,1.609914769,100.3280098,100.3280098
100.076,24468.5375,0.1801216743,159.6018453,1.596018453,99.46200755,99.46200755
100.203,24436.0625,0.1806984591,160.332082,1.60332082,99.91708255,99.91708255
100.33,24425.7875,0.1808811118,160.563329,1.60563329,100.061193,100.061193
100.457,24425.425,0.1808875572,160.5714891,1.605714891,100.0662783,100.0662783
100.584,24385.6,0.1815962406,161.4687156,1.614687156,100.6254194,100.6254194
100.711,24439.975,0.180628929,160.2440537,1.602440537,99.86222432,99.86222432
100.838,24438.175,0.1806609159,160.2845506,1.602845506,99.88746152,99.88746152
100.965,24411.6,0.1811334412,160.8827898,1.608827898,100.2602772,100.2602772
101.092,24365.9875,0.1819456693,161.9111087,1.619111087,100.9011136,100.9011136
101.219,24398.925,0.1813589943,161.1683506,1.611683506,100.4382354,100.4382354
101.346,24427.5,0.1808506644,160.5247811,1.605247811,100.0371704,100.0371704
101.473,24402.8,0.1812900258,161.0810333,1.610810333,100.3838202,100.3838202
101.6,24415.675,0.181060951,160.7910138,1.607910138,100.2030835,100.2030835
101.727,24435.95,0.1807004585,160.3346134,1.603346134,99.91866007,99.91866007
101.854,24437.25,0.1806773545,160.3053626,1.603053626,99.90043136,99.90043136
101.981,24460.85,0.1802581419,159.7746197,1.597746197,99.56967857,99.56967857
102.108,24428.875,0.1808262191,160.4938321,1.604938321,100.0178833,100.0178833
102.235,24433.4875,0.1807442262,160.3900253,1.603900253,99.95319212,99.95319212
102.362,24443.9,0.180559188,160.1557582,1.601557582,99.80719964,99.80719964
102.489,24362.85,0.182001595,161.9819134,1.619819134,100.9452382,100.9452382
102.616,24438.825,0.1806493648,160.2699263,1.602699263,99.87834787,99.87834787
102.743,24457.1625,0.1803236172,159.8575145,1.598575145,99.62133765,99.62133765
102.87,24469.475,0.1801050348,159.5807789,1.595807789,99.44887926,99.44887926
102.997,24423.425,0.1809231195,160.6165127,1.606165127,100.0943364,100.0943364
103.124,24458.025,0.1803083018,159.8381245,1.598381245,99.60925398,99.60925398
103.251,24463.6375,0.1802086536,159.7119652,1.597119652,99.53063297,99.53063297
103.378,24445.5125,0.1805305397,160.1194881,1.601194881,99.78459652,99.78459652
103.505,24442,0.1805929466,160.1984982,1.601984982,99.83383468,99.83383468
103.632,24446.9125,0.1805056682,160.0879997,1.600879997,99.76497332,99.76497332
103.759,24460.275,0.180268351,159.7875449,1.597875449,99.57773337,99.57773337
103.886,24540.175,0.1788520309,157.9944171,1.579944171,98.46027705,98.46027705
104.013,24456.6625,0.180332496,159.8687555,1.598687555,99.62834287,99.62834287
104.14,24471.9375,0.1800613315,159.5254485,1.595254485,99.41439799,99.41439799
104.267,24447.9125,0.1804879038,160.0655091,1.600655091,99.75095743,99.75095743
104.394,24347.7125,0.1822715214,162.3236529,1.623236529,101.1582063,101.1582063
104.521,24404.6,0.1812579925,161.0404777,1.610404777,100.3585465,100.3585465
104.648,24355.5125,0.1821324137,162.147536,1.62147536,101.0484523,101.0484523
104.775,24417.2,0.1810338258,160.7566721,1.607566721,100.1816821,100.1816821
104.902,24383.825,0.1816278536,161.5087391,1.615087391,100.6503615,100.6503615
105.029,24439.8875,0.1806304839,160.2460222,1.602460222,99.86345108,99.86345108
105.156,24444.9375,0.1805407551,160.1324214,1.601324214,99.79265638,99.79265638
105.283,24488.9375,0.1797597435,159.1436239,1.591436239,99.17644935,99.17644935
105.41,24495.3125,0.179646702,159.000508,1.59000508,99.08726119,99.08726119
105.537,24435.325,0.1807115666,160.3486768,1.603486768,99.92742422,99.92742422
105.664,24454.15,0.1803771145,159.9252447,1.599252447,99.66354628,99.66354628
105.791,24373.3875,0.1818137932,161.7441474,1.617441474,100.7970652,100.7970652
105.918,24401,0.1813220614,161.1215919,1.611215919,100.4090959,100.4090959
106.045,24433.9375,0.1807362277,160.3798988,1.603798988,99.94688144,99.94688144
106.172,24378.825,0.1817169165,161.621497,1.61621497,100.7206309,100.7206309
106.299,24424.9875,0.1808953362,160.5813377,1.605813377,100.0724158,100.0724158
106.426,24439.75,0.1806329272,160.2491156,1.602491156,99.86537886,99.86537886
106.553,24438.3,0.1806586945,160.2817382,1.602817382,99.88570887,99.88570887
106.68,24402.1375,0.1813018164,161.0959607,1.610959607,100.3931229,100.3931229
106.807,24406.9125,0.1812168422,160.9883793,1.609883793,100.3260794,100.3260794
106.934,24471.1,0.1800761946,159.5442659,1.595442659,99.42612473,99.42612473
107.061,24431.75,0.1807751106,160.4291264,1.604291264,99.97755947,99.97755947
107.188,24435.9125,0.180701125,160.3354572,1.603354572,99.91918592,99.91918592
107.315,24453.3375,0.1803915444,159.9435136,1.599435136,99.67493124,99.67493124
107.442,24464.8,0.1801880166,159.6858378,1.596858378,99.5143507,99.5143507
107.569,24467.0125,0.1801487425,159.6361149,1.596361149,99.48336399,99.48336399
107.696,24466.925,0.1801502956,159.6380813,1.596380813,99.4845894,99.4845894
107.823,24430.35,0.1807999974,160.4606343,1.604606343,99.99719485,99.99719485
107.95,24459.9375,0.1802743433,159.7951315,1.597951315,99.58246128,99.58246128
108.077,24496.3625,0.1796280862,158.9769396,1.589769396,99.0725736,99.0725736
108.204,24460.9375,0.1802565884,159.7726529,1.597726529,99.56845286,99.56845286
108.331,24480.6,0.1799076285,159.3308533,1.593308533,99.29312851,99.29312851
108.458,24488.6375,0.1797650638,159.1503597,1.591503597,99.18064701,99.18064701
108.585,24474.2,0.1800211816,159.4746169,1.594746169,99.38272029,99.38272029
108.712,24461.6125,0.1802446042,159.7574803,1.597574803,99.55899749,99.55899749
108.839,24514.475,0.1793070895,158.5705426,1.585705426,98.81931177,98.81931177
108.966,24505.4,0.1794678905,158.7741242,1.587741242,98.94618146,98.94618146
109.093,24490.4625,0.1797326995,159.109385,1.59109385,99.15511203,99.15511203
109.22,24466.3125,0.1801611678,159.651846,1.59651846,99.49316739,99.49316739
109.347,24506.95,0.1794404216,158.7393474,1.587393474,98.92450893,98.92450893
109.474,24492.1625,0.1797025541,159.0712195,1.590712195,99.13132773,99.13132773
109.601,24469.925,0.1800970481,159.5706674,1.595706674,99.44257785,99.44257785
109.728,24519.85,0.1792118773,158.4499995,1.584499995,98.7441907,98.7441907
109.855,24508.9,0.1794058665,158.695599,1.58695599,98.89724544,98.89724544
109.982,24532.4,0.1789896491,158.1686482,1.581686482,98.56885584,98.56885584
110.109,24496.55,0.179624762,158.972731,1.58972731,99.06995089,99.06995089
110.236,24500.6625,0.1795518585,158.8804317,1.588804317,99.012431,99.012431
110.363,24544.1125,0.1787823534,157.9062021,1.579062021,98.40530252,98.40530252
110.49,24513.525,0.1793239198,158.5918507,1.585918507,98.83259069,98.83259069
110.617,24490.675,0.1797289312,159.1046141,1.591046141,99.1521389,99.1521389
110.744,24494.225,0.1796659835,159.0249193,1.590249193,99.102474,99.102474
110.871,24471.8375,0.1800631062,159.5276953,1.595276953,99.41579818,99.41579818
110.998,24441.825,0.1805960561,160.2024349,1.602024349,99.83628802,99.83628802
111.125,24445.8375,0.1805247658,160.1121781,1.601121781,99.78004103,99.78004103
111.252,24464.5,0.1801933422,159.6925802,1.596925802,99.5185525,99.5185525
111.379,24437.375,0.1806751331,160.3025501,1.603025501,99.89867865,99.89867865
111.506,24395.825,0.181414177,161.2382145,1.612382145,100.4817738,100.4817738
111.633,24450.15,0.1804481585,160.0151897,1.600151897,99.71959896,99.71959896
111.76,24426.9,0.1808613319,160.5382866,1.605382866,100.0455868,100.0455868
111.887,24421.2,0.180962686,160.6666057,1.606666057,100.1255538,100.1255538
112.014,24439.45,0.1806382583,160.2558649,1.602558649,99.86958497,99.86958497
112.141,24438.9625,0.1806469214,160.2668328,1.602668328,99.87642001,99.87642001
112.268,24470.3,0.1800903926,159.5622412,1.595622412,99.43732677,99.43732677
112.395,24476.45,0.1799812572,159.4240707,1.594240707,99.35122051,99.35122051
112.522,24480.35,0.1799120636,159.3364684,1.593364684,99.29662775,99.29662775
112.649,24456.9625,0.1803271687,159.8620109,1.598620109,99.62413972,99.62413972
112.776,24439.0875,0.1806447,160.2640205,1.602640205,99.87466743,99.87466743
112.903,24456.05,0.1803433727,159.8825259,1.598825259,99.63692446,99.63692446
113.03,24401.85,0.1813069332,161.1024388,1.611024388,100.3971599,100.3971599
113.157,24460.9875,0.1802557006,159.771529,1.59771529,99.56775245,99.56775245
113.284,24445.425,0.1805320942,160.1214562,1.601214562,99.78582301,99.78582301
113.411,24422.575,0.1809382344,160.6356488,1.606356488,100.1062618,100.1062618
113.538,24403.9375,0.1812697823,161.055404,1.61055404,100.3678484,100.3678484
113.665,24418.725,0.1810067024,160.7223325,1.607223325,100.1602821,100.1602821
113.792,24416.2375,0.1810509456,160.7783465,1.607783465,100.1951894,100.1951894
113.919,24442.375,0.1805862835,160.1900624,1.601900624,99.8285776,99.8285776
114.046,24360.2125,0.1820486139,162.0414415,1.620414415,100.9823355,100.9823355
114.173,24391.65,0.1814885067,161.3323194,1.613323194,100.5404189,100.5404189
114.3,24393.9125,0.1814482247,161.2813205,1.612813205,100.5086369,100.5086369
114.427,24363.55,0.1819891169,161.9661156,1.619661156,100.9353932,100.9353932
114.554,24339.8375,0.1824120119,162.5015205,1.625015205,101.2690513,101.2690513
114.681,24376.9875,0.1817496517,161.6629413,1.616629413,100.7464585,100.7464585
114.808,24343.775,0.182341761,162.4125795,1.624125795,101.2136243,101.2136243
114.935,24383.875,0.181626963,161.5076116,1.615076116,100.6496589,100.6496589
115.062,24399.7,0.1813451997,161.1508861,1.611508861,100.4273517,100.4273517
115.189,24440.975,0.1806111595,160.2215567,1.602215567,99.84820445,99.84820445
115.316,24428.6,0.180831108,160.5000218,1.605000218,100.0217407,100.0217407
115.443,24470.0375,0.1800950514,159.5681395,1.595681395,99.44100252,99.44100252
115.57,24531.8375,0.1789996071,158.1812555,1.581812555,98.57671256,98.57671256
115.697,24480.75,0.1799049675,159.3274843,1.593274843,99.29102899,99.29102899
115.824,24426.975,0.1808599984,160.5365984,1.605365984,100.0445348,100.0445348
115.951,24454.425,0.1803722307,159.9190615,1.599190615,99.65969299,99.65969299
116.078,24421.7875,0.1809522383,160.6533784,1.606533784,100.1173107,100.1173107
116.205,24415.1125,0.1810709566,160.8036813,1.608036813,100.2109778,100.2109778
116.332,24420.6625,0.1809722447,160.6787075,1.606787075,100.1330955,100.1330955
116.459,24411.225,0.1811401127,160.8912362,1.608912362,100.2655409,100.2655409
116.586,24397.8125,0.181378797,161.1934217,1.611934217,100.4538594,100.4538594
116.713,24410.05,0.1811610173,160.9177025,1.609177025,100.2820344,100.2820344
116.84,24237.525,0.1842414163,164.8176325,1.648176325,102.7124253,102.7124253
116.967,24365.5,0.1819543585,161.9221097,1.619221097,100.9079692,100.9079692
117.094,24428.325,0.180835997,160.5062115,1.605062115,100.025598,100.025598
117.221,24428.45,0.1808337747,160.503398,1.60503398,100.0238447,100.0238447
117.348,24420.1875,0.1809806922,160.6894024,1.606894024,100.1397604,100.1397604
117.475,24424.2,0.1809093388,160.5990656,1.605990656,100.0834636,100.0834636
117.602,24404.725,0.1812557681,161.0376614,1.610376614,100.3567914,100.3567914
117.729,24427.1,0.180857776,160.5337847,1.605337847,100.0427813,100.0427813
117.856,24405.625,0.1812397524,161.0173848,1.610173848,100.3441553,100.3441553
117.983,24454.025,0.1803793345,159.9280552,1.599280552,99.66529779,99.66529779
118.11,24437.2125,0.180678021,160.3062064,1.603062064,99.90095717,99.90095717
118.237,24400.3125,0.1813342979,161.1370838,1.611370838,100.4187503,100.4187503
118.364,24429.6125,0.180813108,160.477233,1.60477233,100.0075389,100.0075389
118.491,24434.625,0.1807240081,160.3644282,1.603644282,99.93724034,99.93724034
118.618,24431.65,0.1807768881,160.4313769,1.604313769,99.97896196,99.97896196
118.745,24412.85,0.1811112036,160.854636,1.60854636,100.2427321,100.2427321
118.872,24370.8375,0.1818592324,161.8016757,1.618016757,100.8329162,100.8329162
118.999,24403.875,0.1812708945,161.0568122,1.610568122,100.368726,100.368726
119.126,24416.6875,0.1810429415,160.7682129,1.607682129,100.1888742,100.1888742
119.253,24439.6625,0.1806344821,160.2510842,1.602510842,99.86660564,99.86660564
119.38,24412.8875,0.1811105365,160.8537914,1.608537914,100.2422058,100.2422058
119.507,24479.8,0.179921821,159.3488217,1.593488217,99.3043262,99.3043262
119.634,24481.0875,0.1798989802,159.3199041,1.593199041,99.2863051,99.2863051
119.761,24455.6625,0.1803502541,159.891238,1.59891238,99.64235375,99.64235375
119.888,24480.8375,0.1799034152,159.325519,1.59325519,99.28980427,99.28980427
120.015,24486.225,0.1798078505,159.2045296,1.592045296,99.21440508,99.21440508
120.142,24542.075,0.1788184074,157.9518481,1.579518481,98.43374856,98.43374856
120.269,24497.9125,0.1796006072,158.9421499,1.589421499,99.05089308,99.05089308
120.396,24553.575,0.178614952,157.694264,1.57694264,98.27322518,98.27322518
120.523,24495.8375,0.179637394,158.9887237,1.589887237,99.07991732,99.07991732
120.65,24445.575,0.1805294293,160.1180823,1.601180823,99.78372046,99.78372046
120.777,24444.3875,0.1805505267,160.1447926,1.601447926,99.80036598,99.80036598
120.904,24429.7875,0.180809997,160.4732943,1.604732943,100.0050844,100.0050844
121.031,24452.5,0.1804064188,159.9623452,1.599623452,99.6866669,99.6866669
121.158,24474.15,0.1800220689,159.4757402,1.594757402,99.38342032,99.38342032
121.285,24442.4125,0.1805856172,160.1892188,1.601892188,99.8280519,99.8280519
121.412,24478.1,0.1799519817,159.3870065,1.593870065,99.32812251,99.32812251
121.539,24428.7,0.1808293302,160.497771,1.60497771,100.020338,100.020338
121.666,24437.9625,0.1806646923,160.2893316,1.602893316,99.89044103,99.89044103
121.793,24486.3375,0.1798058552,159.2020035,1.592020035,99.21283079,99.21283079
121.92,24494.1875,0.1796666484,159.0257611,1.590257611,99.10299859,99.10299859
122.047,24437.5375,0.1806722452,160.2988939,1.602988939,99.89640014,99.89640014
122.174,24439.6625,0.1806344821,160.2510842,1.602510842,99.86660564,99.86660564
122.301,24431.7625,0.1807748884,160.4288451,1.604288451,99.97738416,99.97738416
122.428,24445.4125,0.1805323162,160.1217373,1.601217373,99.78599822,99.78599822
122.555,24438.8375,0.1806491427,160.2696451,1.602696451,99.87817261,99.87817261
122.682,24429.7625,0.1808104414,160.4738569,1.604738569,100.005435,100.005435
122.809,24441.9875,0.1805931687,160.1987794,1.601987794,99.83400992,99.83400992
122.936,24442.05,0.1805920582,160.1973734,1.601973734,99.83313374,99.83313374
123.063,24428.3,0.1808364415,160.5067742,1.605067742,100.0259487,100.0259487
123.19,24440.475,0.1806200442,160.232805,1.60232805,99.85521431,99.85521431
123.317,24454.5875,0.1803693448,159.9154078,1.599154078,99.65741607,99.65741607
123.444,24478.7,0.1799413365,159.3735292,1.593735292,99.31972363,99.31972363
123.571,24434.775,0.180721342,160.3610529,1.603610529,99.93513686,99.93513686
123.698,24398.3875,0.1813685618,161.1804635,1.611804635,100.445784,100.445784
123.825,24354.45,0.1821513601,162.171523,1.62171523,101.0634007,101.0634007
123.952,24345.9375,0.1823031836,162.3637387,1.623637387,101.1831873,101.1831873
124.079,24418.775,0.1810058131,160.7212067,1.607212067,100.1595805,100.1595805
124.206,24383.775,0.1816287441,161.5098666,1.615098666,100.6510642,100.6510642
124.333,24376.9,0.1817512106,161.6649149,1.616649149,100.7476885,100.7476885
124.46,24379.5625,0.1817037786,161.6048637,1.616048637,100.7102653,100.7102653
124.587,24383.8125,0.1816280762,161.509021,1.61509021,100.6505372,100.6505372
124.714,24454.9375,0.1803631291,159.9075385,1.599075385,99.65251199,99.65251199
124.841,24438.5875,0.1806535854,160.2752698,1.602752698,99.88167783,99.88167783
124.968,24464.575,0.1801920108,159.6908946,1.596908946,99.51750205,99.51750205
125.095,24398.8375,0.1813605518,161.1703225,1.611703225,100.4394642,100.4394642
125.222,24370.975,0.1818567822,161.7985735,1.617985735,100.8309829,100.8309829
125.349,24383.65,0.1816309704,161.5126852,1.615126852,100.6528207,100.6528207
125.476,24408.6625,0.1811857039,160.9489569,1.609489569,100.3015118,100.3015118
125.603,24318.525,0.1827924564,162.983181,1.62983181,101.5692165,101.5692165
125.73,24348.5,0.1822574749,162.3058693,1.623058693,101.1471238,101.1471238
125.857,24301.3125,0.1830999561,163.3724902,1.633724902,101.8118295,101.8118295
125.984,24290.9125,0.1832858567,163.6078491,1.636078491,101.9585024,101.9585024
126.111,24303.475,0.1830613113,163.323564,1.63323564,101.7813392,101.7813392
126.238,24386.725,0.1815762054,161.4433501,1.614433501,100.6096119,100.6096119
126.365,24328.4,0.1826161386,162.7599545,1.627599545,101.4301044,101.4301044
126.492,24343.375,0.1823488971,162.4216141,1.624216141,101.2192546,101.2192546
126.619,24338.825,0.1824300783,162.5243933,1.625243933,101.2833054,101.2833054
126.746,24308.0625,0.182979342,163.2197871,1.632197871,101.7166667,101.7166667
126.873,24336.2375,0.1824762513,162.5828505,1.625828505,101.3197352,101.3197352
127,24221.6125,0.1845266344,165.178732,1.65178732,102.9374583,102.9374583
127.127,24311.7875,0.1829127953,163.1355357,1.631355357,101.6641622,101.6641622
127.254,24318.8125,0.182787322,162.9766808,1.629766808,101.5651656,101.5651656
127.381,24378.9375,0.1817149124,161.6189597,1.616189597,100.7190497,100.7190497
127.508,24321.425,0.1827406695,162.9176165,1.629176165,101.5283575,101.5283575
127.635,24315.3,0.1828500541,163.0561025,1.630561025,101.6146603,101.6146603
127.762,24301.3875,0.1830986158,163.3707933,1.633707933,101.810772,101.810772
127.889,24262.9375,0.1837863068,164.2414425,1.642414425,102.3533504,102.3533504
128.016,24305.175,0.1830309339,163.2851049,1.632851049,101.757372,101.757372
128.143,24317.75,0.182806297,163.0007039,1.630007039,101.5801366,101.5801366
128.27,24319.8125,0.182769464,162.9540717,1.629540717,101.5510759,101.5510759
128.397,24312.8,0.1828947088,163.1126374,1.631126374,101.6498923,101.6498923
128.524,24359.1375,0.1820677795,162.065706,1.62065706,100.9974568,100.9974568
128.651,24361.4875,0.1820258838,162.0126641,1.620126641,100.9644017,100.9644017
128.778,24375.825,0.181770363,161.6891628,1.616891628,100.7627995,100.7627995
128.905,24345.05,0.1823190155,162.3837826,1.623837826,101.1956785,101.1956785
129.032,24416.3125,0.1810496116,160.7766576,1.607766576,100.1941369,100.1941369
129.159,24369.6625,0.1818801717,161.8281858,1.618281858,100.849437,100.849437
129.286,24384.2875,0.1816196162,161.4983102,1.614983102,100.6438623,100.6438623
129.413,24413.075,0.181107201,160.8495685,1.608495685,100.2395741,100.2395741
129.54,24469.85,0.1800983792,159.5723526,1.595723526,99.44362808,99.44362808
129.667,24413.45,0.18110053,160.8411227,1.608411227,100.2343108,100.2343108
129.794,24400.75,0.181326511,161.1272252,1.611272252,100.4126065,100.4126065
129.921,24374.9375,0.1817861755,161.7091822,1.617091822,100.7752753,100.7752753
130.048,24354.675,0.1821473478,162.1664433,1.621664433,101.0602351,101.0602351
130.175,24413.0875,0.1811069786,160.849287,1.60849287,100.2393987,100.2393987
130.302,24363.55,0.1819891169,161.9661156,1.619661156,100.9353932,100.9353932
130.429,24401.3,0.181316722,161.1148319,1.611148319,100.4048832,100.4048832
130.556,24396.075,0.1814097265,161.23258,1.6123258,100.4782624,100.4782624
130.683,24388.5875,0.1815430381,161.4013587,1.614013587,100.5834433,100.5834433
130.81,24431.1375,0.1807859984,160.4429109,1.604429109,99.98614981,99.98614981
130.937,24427.675,0.1808475531,160.520842,1.60520842,100.0347156,100.0347156
131.064,24424.95,0.180896003,160.5821819,1.605821819,100.0729419,100.0729419
131.191,24425.8,0.1808808896,160.5630476,1.605630476,100.0610176,100.0610176
131.318,24412.925,0.1811098694,160.8529468,1.608529468,100.2416794,100.2416794
131.445,24433.05,0.1807520026,160.3998706,1.603998706,99.95932762,99.95932762
131.572,24460.9125,0.1802570322,159.7732148,1.597732148,99.56880306,99.56880306
131.699,24464.3125,0.1801966707,159.6967943,1.596967943,99.52117866,99.52117866
131.826,24449.05,0.1804676976,160.0399271,1.600399271,99.73501506,99.73501506
131.953,24440.75,0.1806151576,160.2266184,1.602266184,99.85135887,99.85135887
132.08,24453.7875,0.1803835524,159.9333953,1.599333953,99.66862567,99.66862567
132.207,24447.2125,0.1805003388,160.0812524,1.600812524,99.76076849,99.76076849
132.334,24376.4,0.1817601186,161.6761929,1.616761929,100.7547168,100.7547168
132.461,24479.6,0.1799253692,159.3533139,1.593533139,99.30712568,99.30712568
132.588,24447.6375,0.1804927889,160.0716939,1.600716939,99.75481174,99.75481174
132.715,24457.325,0.1803207316,159.8538613,1.598538613,99.61906099,99.61906099
132.842,24520.85,0.1791941657,158.4275758,1.584275758,98.73021651,98.73021651
132.969,24474.0875,0.1800231779,159.4771443,1.594771443,99.38429536,99.38429536
133.096,24486.725,0.1797989825,159.1933023,1.591933023,99.20740831,99.20740831
133.223,24497.425,0.1796092496,158.9530916,1.589530916,99.05771181,99.05771181
133.35,24489.6625,0.1797468863,159.1273461,1.591273461,99.16630521,99.16630521
133.477,24462.95,0.1802208587,159.7274174,1.597274174,99.54026264,99.54026264
133.604,24470.8625,0.1800804096,159.5496022,1.595496022,99.4294503,99.4294503
133.731,24503.3375,0.1795044445,158.8204033,1.588204033,98.97502204,98.97502204
133.858,24505.0625,0.1794738718,158.7816969,1.587816969,98.95090066,98.95090066
133.985,24479.0875,0.1799344616,159.3648253,1.593648253,99.31429946,99.31429946
134.112,24500.8,0.1795494212,158.8773459,1.588773459,99.01050801,99.01050801
134.239,24499.1,0.1795795559,158.915498,1.58915498,99.03428392,99.03428392
134.366,24502.9625,0.179511091,158.8288181,1.588288181,98.98026604,98.98026604
134.493,24501.7375,0.1795328036,158.8563073,1.588563073,98.997397,98.997397
134.62,24500.975,0.1795463192,158.8734187,1.588734187,99.00806059,99.00806059
134.747,24552.6625,0.1786310923,157.7146984,1.577146984,98.28595961,98.28595961
134.874,24534.3,0.1789560149,158.1260657,1.581260657,98.54231894,98.54231894
135.001,24554.25,0.178603013,157.6791487,1.576791487,98.26380549,98.26380549
135.128,24538.0125,0.178890303,158.0428713,1.580428713,98.49047316,98.49047316
135.255,24585.9375,0.1780429131,156.9700358,1.569700358,97.82189461,97.82189461
135.382,24627.275,0.1773133264,156.0463448,1.560463448,97.24626112,97.24626112
135.509,24592.375,0.1779292137,156.8260871,1.568260871,97.73218746,97.73218746
135.636,24601.625,0.177765892,156.6193142,1.566193142,97.60332896,97.60332896
135.763,24574.575,0.1782436706,157.2242043,1.572242043,97.98028943,97.98028943
135.89,24572.3625,0.1782827728,157.2737095,1.572737095,98.0111405,98.0111405
136.017,24610.2,0.1776145432,156.4276995,1.564276995,97.48391692,97.48391692
136.144,24576.125,0.1782162791,157.1895253,1.571895253,97.9586779,97.9586779
136.271,24593.2,0.1779146447,156.807642,1.56807642,97.7206927,97.7206927
136.398,24561.1,0.178481873,157.5257798,1.575257798,98.16822774,98.16822774
136.525,24534.6,0.1789507045,158.1193425,1.581193425,98.53812909,98.53812909
136.652,24553.2125,0.1786213638,157.7023817,1.577023817,98.278284,98.278284
136.779,24607.875,0.1776555743,156.4796467,1.564796467,97.51628983,97.51628983
136.906,24634.125,0.1771925455,155.8934305,1.558934305,97.15096674,97.15096674
137.033,24679.525,0.1763928896,154.8810285,1.548810285,96.52004965,96.52004965
137.16,24680.7625,0.1763711135,154.8534589,1.548534589,96.50286855,96.50286855
137.287,24727.225,0.1755543057,153.8193419,1.538193419,95.85841889,95.85841889
137.414,24740.425,0.1753225305,153.5259035,1.535259035,95.67555156,95.67555156
137.541,24749.2,0.1751685211,153.3309204,1.533309204,95.55404033,95.55404033
137.668,24748.0625,0.1751884822,153.3561921,1.533561921,95.56978935,95.56978935
137.795,24724.8,0.1755968991,153.8732671,1.538732671,95.89202445,95.89202445
137.922,24732.5625,0.1754605711,153.7006694,1.537006694,95.78446363,95.78446363
138.049,24780.0875,0.1746268508,152.6451403,1.526451403,95.12667017,95.12667017
138.176,24839.1375,0.1735931748,151.3364578,1.513364578,94.31111454,94.31111454
138.303,24777.625,0.1746700106,152.6997826,1.526997826,95.16072263,95.16072263
138.43,24817.7875,0.1739666247,151.809263,1.51809263,94.60576121,94.60576121
138.557,24814.8,0.1740189071,151.875455,1.51875455,94.64701126,94.64701126
138.684,24809.525,0.1741112369,151.9923489,1.519923489,94.7198582,94.7198582
138.811,24854.2875,0.1733283686,151.0012008,1.510012008,94.10218628,94.10218628
138.938,24908.25,0.1723864703,149.8135207,1.498135207,93.36203787,93.36203787
139.065,24870.225,0.173049972,150.6487376,1.506487376,93.8825353,93.8825353
139.192,24860.525,0.1732193906,150.8632295,1.508632295,94.01620415,94.01620415
139.319,24876.3625,0.1729428096,150.5130649,1.505130649,93.79798568,93.79798568
139.446,24901.65,0.1725015616,149.9555697,1.499555697,93.45056116,93.45056116
139.573,24944.6,0.1717531422,149.0318489,1.490318489,92.87490913,92.87490913
139.7,24954.825,0.1715751577,148.8121753,1.488121753,92.73801115,92.73801115
139.827,24952.8875,0.1716088778,148.8537936,1.488537936,92.76394717,92.76394717
139.954,24928.7625,0.1720289663,149.372279,1.49372279,93.08706119,93.08706119
140.081,25069.5,0.1695840141,146.3546488,1.463546488,91.2065093,91.2065093
140.208,25055.1375,0.1698328959,146.6618259,1.466618259,91.39793845,91.39793845
140.335,25122.4125,0.1686683441,145.2245026,1.452245026,90.50221536,90.50221536
140.462,25104.0125,0.1689865439,145.6172339,1.456172339,90.74696093,90.74696093
140.589,25107.8625,0.1689199447,145.5350353,1.455350353,90.69573574,90.69573574
140.716,25167.5875,0.1678880991,144.2615019,1.442615019,89.90208459,89.90208459
140.843,25238.8375,0.1666603389,142.746165,1.42746165,88.95774431,88.95774431
140.97,25243.125,0.1665865685,142.6551155,1.426551155,88.90100329,88.90100329
141.097,25308.4875,0.165463495,141.2689859,1.412689859,88.03718352,88.03718352
141.224,25383.1625,0.1641839563,139.6897426,1.396897426,87.05301749,87.05301749
141.351,25374.1375,0.1643383974,139.8803582,1.398803582,87.17180696,87.17180696
141.478,25423.7375,0.1634902905,138.8336004,1.388336004,86.51947971,86.51947971
141.605,25492.4375,0.1623183231,137.3871246,1.373871246,85.61805287,85.61805287
141.732,25526.2625,0.1617424553,136.6763721,1.366763721,85.17512018,85.17512018
141.859,25653.375,0.1595851766,134.0137969,1.340137969,83.51583437,83.51583437
141.986,25683.3125,0.1590786503,133.3886275,1.333886275,83.12623612,83.12623612
142.113,25779.125,0.157461514,131.3927115,1.313927115,81.88240455,81.88240455
142.24,25813.5,0.1568827927,130.6784371,1.306784371,81.43727708,81.43727708
142.367,25904.95,0.155346928,128.7828288,1.287828288,80.2559561,80.2559561
142.494,25901.95,0.1553972256,128.8449076,1.288449076,80.29464291,80.29464291
142.621,26000.8,0.1537429757,126.8031849,1.268031849,79.02226511,79.02226511
142.748,26069.7875,0.1525921952,125.3828586,1.253828586,78.13713435,78.13713435
142.875,26208.1375,0.1502935277,122.5457773,1.225457773,76.3690984,76.3690984
143.002,26276.575,0.1491609295,121.1478921,1.211478921,75.49795267,75.49795267
143.129,26303.75,0.1487120181,120.5938328,1.205938328,75.15266937,75.15266937
143.256,26409.7625,0.1469651907,118.4378482,1.184378482,73.80908495,73.80908495
143.383,26532.9375,0.1449443523,115.9436716,1.159436716,72.25474316,72.25474316
143.51,26572.8375,0.1442917546,115.1382168,1.151382168,71.75279314,71.75279314
143.637,26653.425,0.142976662,113.5150917,1.135150917,70.74128054,70.74128054
143.764,26730.675,0.1417197607,111.9637881,1.119637881,69.77452622,69.77452622
143.891,26832,0.1400766411,109.9358028,1.099358028,68.51070942,68.51070942
144.018,26861.1,0.1396058927,109.3547916,1.093547916,68.14863003,68.14863003
144.145,27042.925,0.1366760226,105.738662,1.05738662,65.89510025,65.89510025
144.272,27108.5375,0.1356235982,104.4397296,1.044397296,65.08562073,65.08562073
144.399,27210.575,0.1339919672,102.4259237,1.024259237,63.83064043,63.83064043
144.526,27346.575,0.1318267451,99.82987201,0.9982987201,62.2128113,62.2128113
144.653,27445.1,0.1302648688,98.49917354,0.9849917354,61.38353554,61.38353554
144.78,27549.9875,0.1286082802,97.08778143,0.9708778143,60.50397245,60.50397245
144.907,27678.0375,0.1265943929,95.37197547,0.9537197547,59.4347022,59.4347022
145.034,27822.0125,0.1243411449,93.45223725,0.9345223725,58.23834374,58.23834374
145.161,27954.8625,0.1222723259,91.68963011,0.9168963011,57.13990754,57.13990754
145.288,27996.0125,0.1216335076,91.14536517,0.9114536517,56.80072798,56.80072798
145.415,28124.2375,0.1196489296,89.45453032,0.8945453032,55.74701943,55.74701943
145.542,28267.7125,0.1174390207,87.57171649,0.8757171649,54.57367182,54.57367182
145.669,28379.2625,0.1157285812,86.1144441,0.861144441,53.66551667,53.66551667
145.796,28554.525,0.1130547462,83.83637118,0.8383637118,52.24584821,52.24584821
145.923,28613.6625,0.112156236,83.0708521,0.830708521,51.76878566,51.76878566
146.05,28778.9125,0.1096553076,80.94009335,0.8094009335,50.44092167,50.44092167
146.177,28877.65,0.1081678379,79.67278841,0.7967278841,49.65115202,49.65115202
146.304,29037.7875,0.1057661636,77.62659287,0.7762659287,48.37598683,48.37598683
146.431,29142,0.1042103325,76.30104483,0.7630104483,47.54992076,47.54992076
146.558,29266.125,0.1023644631,74.72838797,0.7472838797,46.56985936,46.56985936
146.685,29372.1125,0.1007945034,73.39080251,0.7339080251,45.73629171,45.73629171
146.812,29541.25,0.09830081836,71.26621506,0.7126621506,44.4122736,44.4122736
146.939,29622.075,0.09711420915,70.25523932,0.7025523932,43.78224532,43.78224532
147.066,29736.95,0.09543326372,68.82309551,0.6882309551,42.88975001,42.88975001
147.193,29865.15,0.09356498597,67.23134698,0.6723134698,41.8977909,41.8977909
147.32,29993.3,0.09170543489,65.64703345,0.6564703345,40.9104652,40.9104652
147.447,30183.0375,0.08896674304,63.31370334,0.6331370334,39.4563611,39.4563611
147.574,30252.925,0.08796231562,62.45794414,0.6245794414,38.92306195,38.92306195
147.701,30310.9125,0.08713067548,61.74939748,0.6174939748,38.48150394,38.48150394
147.828,30463.175,0.08495452099,59.89534193,0.5989534193,37.32607816,37.32607816
147.955,30586.575,0.08319883773,58.39952245,0.5839952245,36.39390091,36.39390091
148.082,30725.1875,0.0812351445,56.72648116,0.5672648116,35.3512811,35.3512811
148.209,30870.05,0.07919235343,54.98604953,0.5498604953,34.26666443,34.26666443
148.336,31006.1625,0.07728166755,53.35816981,0.5335816981,33.25218878,33.25218878
148.463,31132.3625,0.07551760768,51.85521358,0.5185521358,32.31556399,32.31556399
148.59,31254.0625,0.07382321005,50.41160866,0.5041160866,31.41592625,31.41592625
148.717,31317.375,0.07294433368,49.73018831,0.4973018831,30.99127304,30.99127304
148.844,31451.8625,0.07108331797,48.46143093,0.4846143093,30.20059825,30.20059825
148.971,31558.1,0.06961883833,47.46301413,0.4746301413,29.57839655,29.57839655
149.098,31652.8625,0.06831669516,46.57527108,0.4657527108,29.02516544,29.02516544
149.225,31772.95,0.06667214702,45.45409162,0.4545409162,28.32645948,28.32645948
149.352,31833.675,0.06584290823,44.88875365,0.4488875365,27.97414746,27.97414746
149.479,31930.35,0.06452600732,43.99094944,0.4399094944,27.41464635,27.41464635
149.606,32023.9625,0.0632546178,43.12417286,0.4312417286,26.8744813,26.8744813
149.733,32147.7375,0.06157927287,41.98199752,0.4198199752,26.16269096,26.16269096
149.86,32191.35,0.06099049638,41.58059601,0.4158059601,25.91254222,25.91254222
149.987,32357.0125,0.05876126965,40.0608088,0.400608088,24.96542857,24.96542857
150.114,32397.825,0.05821383114,39.68758968,0.3968758968,24.73284277,24.73284277
150.241,32491.3625,0.05696176281,38.83398543,0.3883398543,24.20088656,24.20088656
150.368,32548.725,0.0561957053,38.31172164,0.3831172164,23.87541786,23.87541786
150.495,32682.9,0.05440910121,37.09369477,0.3709369477,23.11635773,23.11635773
150.622,32732.15,0.05375515361,36.64786251,0.3664786251,22.83852027,22.83852027
150.749,32785.8375,0.05304340433,36.16262365,0.3616262365,22.53612507,22.53612507
150.876,32894.0125,0.05161283322,35.18732416,0.3518732416,21.92832981,21.92832981
151.003,32849.625,0.05219927017,35.58713068,0.3558713068,22.17748457,22.17748457
151.13,32935.9875,0.05105899718,34.80974349,0.3480974349,21.69302594,21.69302594
151.257,33061.15,0.04941173033,33.68671054,0.3368671054,20.99316491,20.99316491
151.384,33114.625,0.04870984501,33.20819648,0.3320819648,20.69496053,20.69496053
151.511,33152,0.04821995261,32.87420972,0.3287420972,20.48682388,20.48682388
151.638,33192.55,0.04768906821,32.51227645,0.3251227645,20.26127129,20.26127129
151.765,33220.1,0.0473287509,32.26662821,0.3226662821,20.10818617,20.10818617
151.892,33275.4875,0.04660525955,31.77338412,0.3177338412,19.80080221,19.80080221
152.019,33283.9,0.04649547782,31.69853984,0.3169853984,19.75416013,19.75416013
152.146,33388.0875,0.04513814336,30.77316984,0.3077316984,19.17748034,19.17748034
152.273,33414.8125,0.04479065782,30.53626972,0.3053626972,19.02984696,19.02984696
152.4,33440.2,0.04446082013,30.31140111,0.3031140111,18.88971146,18.88971146
152.527,33458.675,0.04422094791,30.14786695,0.3014786695,18.78779888,18.78779888
152.654,33533.1875,0.04325484905,29.48922391,0.2948922391,18.37734022,18.37734022
152.781,33555.4,0.04296726611,29.2931627,0.292931627,18.25515717,18.25515717
152.908,33620.2375,0.04212890928,28.72160847,0.2872160847,17.89897124,17.89897124
153.035,33599.5625,0.04239606386,28.90374253,0.2890374253,18.01247506,18.01247506
153.162,33609.0875,0.04227296498,28.8198192,0.288198192,17.96017502,17.96017502
153.289,33664.5375,0.04155703405,28.33172948,0.2833172948,17.6560032,17.6560032
153.416,33607.5875,0.04229234831,28.8330339,0.288330339,17.96841027,17.96841027
153.543,33719.9375,0.04084292535,27.84488207,0.2784488207,17.35260558,17.35260558
153.67,33819.7875,0.03955881187,26.96943086,0.2696943086,16.8070346,16.8070346
153.797,33788.5375,0.03996029212,27.24314216,0.2724314216,16.97760829,16.97760829
153.924,33851.5875,0.03915064622,26.69116175,0.2669116175,16.63362054,16.63362054
154.051,33915.1875,0.03833546394,26.13540688,0.2613540688,16.28728059,16.28728059
154.178,33878.5625,0.03880471182,26.45531913,0.2645531913,16.48664617,16.48664617
154.305,33872.95,0.03887666528,26.50437378,0.2650437378,16.51721646,16.51721646
154.432,33950.1625,0.037887829,25.83022938,0.2583022938,16.09709753,16.09709753
154.559,33940.5375,0.03801097059,25.91418181,0.2591418181,16.14941571,16.14941571
154.686,34006.5875,0.03716663289,25.33855009,0.2533855009,15.79068873,15.79068873
154.813,34051.1125,0.03659838082,24.95114121,0.2495114121,15.54926004,15.54926004
154.94,33933.9625,0.03809511077,25.97154483,0.2597154483,16.18516367,16.18516367
155.067,34004.85,0.03718882289,25.35367823,0.2535367823,15.80011642,15.80011642
155.194,34033.85,0.03681860591,25.10128084,0.2510128084,15.64282531,15.64282531
155.321,33929.9875,0.03814598669,26.00622976,0.2600622976,16.20677891,16.20677891
155.448,33993.3125,0.03733619959,25.45415309,0.2545415309,15.86273118,15.86273118
155.575,34096.025,0.03602593554,24.56087358,0.2456087358,15.30604981,15.30604981
155.702,34114.15,0.03579513162,24.40352179,0.2440352179,15.20799001,15.20799001
155.829,34088.875,0.03611701745,24.62296916,0.2462296916,15.34474705,15.34474705
155.956,34152.475,0.03530750424,24.07107922,0.2407107922,15.00081568,15.00081568
156.083,34186.1125,0.03487996887,23.7796047,0.237796047,14.81917216,14.81917216
156.21,34189.9875,0.03483074432,23.7460456,0.237460456,14.79825852,14.79825852
156.337,34134.975,0.03553009722,24.22283317,0.2422283317,15.09538697,15.09538697
156.464,34180.8125,0.03494730437,23.82551104,0.2382551104,14.84778045,14.84778045
156.591,34154.2375,0.03528509227,24.05579974,0.2405579974,14.99129368,14.99129368
156.718,34206.5125,0.03462088808,23.60297499,0.2360297499,14.70909858,14.70909858
156.845,34153.5375,0.03529399334,24.06186809,0.2406186809,14.99507541,14.99507541
156.972,34233.75,0.03427521154,23.36730816,0.2336730816,14.56223377,14.56223377
157.099,34188.6875,0.03484725774,23.75730372,0.2375730372,14.80527445,14.80527445
157.226,34178.1625,0.03498097604,23.84846688,0.2384846688,14.86208627,14.86208627
157.353,34168.825,0.03509964183,23.92936792,0.2392936792,14.91250285,14.91250285
157.48,34229.5,0.03432913102,23.40406806,0.2340406806,14.58514211,14.58514211
157.607,34259.925,0.03394327844,23.14101101,0.2314101101,14.42120802,14.42120802
157.734,34218.625,0.03446713195,23.49815093,0.2349815093,14.64377346,14.64377346
157.861,34242.05,0.03416992925,23.29553141,0.2329553141,14.51750333,14.51750333
157.988,34246.1875,0.0341174562,23.25975762,0.2325975762,14.49520953,14.49520953
158.115,34241.7125,0.03417420981,23.2984497,0.232984497,14.51932198,14.51932198
158.242,34268.8125,0.03383063104,23.06421304,0.2306421304,14.37334843,14.37334843
158.369,34293.125,0.03352262384,22.85422749,0.2285422749,14.24248788,14.24248788
158.496,34315.5125,0.03323919691,22.66099967,0.2266099967,14.12207056,14.12207056
158.623,34259.6,0.03394739831,23.14381975,0.2314381975,14.4229584,14.4229584
158.75,34278.8875,0.03370296762,22.97717782,0.2297717782,14.31910909,14.31910909
158.877,34308.8625,0.03332336695,22.71838304,0.2271838304,14.15783121,14.15783121
159.004,34292.025,0.03353655467,22.86372491,0.2286372491,14.24840656,14.24840656
159.131,34332.825,0.03302014649,22.51166088,0.2251166088,14.02900437,14.02900437
159.258,34333.275,0.03301445423,22.50778015,0.2250778015,14.02658594,14.02658594
159.385,34336.175,0.0329777726,22.48277225,0.2248277225,14.01100131,14.01100131
159.512,34350.65,0.03279472693,22.35797989,0.2235797989,13.93323217,13.93323217
159.639,34344.5,0.0328724882,22.41099406,0.2241099406,13.96626998,13.96626998
159.766,34355.8875,0.03272851439,22.31283914,0.2231283914,13.90510098,13.90510098
159.893,34354.725,0.03274320986,22.32285785,0.2232285785,13.91134452,13.91134452
160.02,34391.2875,0.03228125162,22.00791536,0.2200791536,13.71507604,13.71507604
160.147,34385.6375,0.03235260589,22.05656152,0.2205656152,13.74539176,13.74539176
160.274,34359.1375,0.03268743292,22.28483163,0.2228483163,13.88764702,13.88764702
160.401,34386.425,0.03234265979,22.04978071,0.2204978071,13.74116604,13.74116604
160.528,34349.55,0.03280863443,22.36746141,0.2236746141,13.93914094,13.93914094
160.655,34367.2,0.03258553605,22.2153629,0.222153629,13.84435492,13.84435492
160.782,34427.1125,0.03182908762,21.69965015,0.2169965015,13.52296876,13.52296876
160.909,34431.25,0.03177689662,21.66406866,0.2166406866,13.50079478,13.50079478
161.036,34392.7125,0.03226325703,21.99564746,0.2199564746,13.70743082,13.70743082
161.163,34369.075,0.03256184253,22.19920971,0.2219920971,13.83428845,13.83428845
161.29,34390.2125,0.03229482697,22.01717043,0.2201717043,13.72084369,13.72084369
161.417,34437.7875,0.03169444447,21.60785646,0.2160785646,13.465764,13.465764
161.544,34474.0375,0.03123753663,21.29635711,0.2129635711,13.27164124,13.27164124
161.671,34442.2375,0.03163832921,21.56959958,0.2156959958,13.44192276,13.44192276
161.798,34457.125,0.03145064796,21.44164689,0.2144164689,13.36218413,13.36218413
161.925,34381.6,0.03240360297,22.09132905,0.2209132905,13.76705847,13.76705847
162.052,34374.9125,0.03248808498,22.14892511,0.2214892511,13.80295167,13.80295167
162.179,34454.3,0.03148625546,21.46592249,0.2146592249,13.37731241,13.37731241
162.306,34450.25,0.03153730848,21.50072816,0.2150072816,13.39900289,13.39900289
162.433,34409.775,0.03204785349,21.84879495,0.2184879495,13.61591405,13.61591405
162.56,34403.875,0.03212232527,21.89956648,0.2189956648,13.64755428,13.64755428
162.687,34388.5125,0.03231629583,22.03180694,0.2203180694,13.72996499,13.72996499
162.814,34470.6,0.03128084348,21.32588178,0.2132588178,13.29004067,13.29004067
162.941,34411.1625,0.03203034186,21.83685629,0.2183685629,13.60847402,13.60847402
163.068,34401.3375,0.03215435837,21.92140522,0.2192140522,13.66116393,13.66116393
163.195,34415.9625,0.03196976651,21.79555873,0.2179555873,13.58273786,13.58273786
163.322,34533.0375,0.0304949061,20.79006478,0.2079006478,12.95612577,12.95612577
163.449,34446.9625,0.03157875408,21.52898392,0.2152898392,13.41661155,13.41661155
163.576,34422.2,0.03189106273,21.74190201,0.2174190201,13.54929962,13.54929962
163.703,34472.8125,0.03125296912,21.30687829,0.2130687829,13.27819792,13.27819792
163.83,34475.65,0.03121722328,21.28250837,0.2128250837,13.26301087,13.26301087
163.957,34458.725,0.03143048217,21.42789876,0.2142789876,13.35361646,13.35361646
164.084,34441.8125,0.03164368822,21.57325311,0.2157325311,13.4441996,13.4441996
164.211,34465.6125,0.03134368545,21.36872463,0.2136872463,13.31673983,13.31673983
164.338,34462.75,0.03137975675,21.39331643,0.2139331643,13.33206516,13.33206516
164.465,34473.3,0.03124682756,21.30269124,0.2130269124,13.2755886,13.2755886
164.592,34416.6875,0.03196061784,21.78932158,0.2178932158,13.57885094,13.57885094
164.719,34412.75,0.03201030689,21.82319735,0.2182319735,13.59996193,13.59996193
164.846,34410.5875,0.03203759885,21.84180379,0.2184180379,13.61155724,13.61155724
164.973,34434.275,0.03173874282,21.6380571,0.216380571,13.48458468,13.48458468
165.1,34441.9,0.03164258488,21.57250091,0.2157250091,13.44373083,13.44373083
165.227,34450.5125,0.03153399931,21.49847211,0.2149847211,13.39759695,13.39759695
165.354,34450.5375,0.03153368415,21.49825725,0.2149825725,13.39746305,13.39746305
165.481,34418.3625,0.031939482,21.77491211,0.2177491211,13.56987113,13.56987113
165.608,34445.7875,0.03159356829,21.53908359,0.2153908359,13.42290555,13.42290555
165.735,34439.4375,0.03167363684,21.59367075,0.2159367075,13.45692363,13.45692363
165.862,34478.025,0.03118730611,21.26211218,0.2126211218,13.2503002,13.2503002
165.989,34414.125,0.03199295451,21.81136727,0.2181136727,13.59258956,13.59258956
166.116,34487.375,0.03106954696,21.18182925,0.2118182925,13.20026881,13.20026881
166.243,34445.35,0.03159908435,21.54284419,0.2154284419,13.42524911,13.42524911
166.37,34395.2875,0.0322307424,21.97348043,0.2197348043,13.69361659,13.69361659
166.497,34433.4125,0.03174962104,21.64547338,0.2164547338,13.48920643,13.48920643
166.624,34388.125,0.03232118962,22.03514331,0.2203514331,13.73204418,13.73204418
166.751,34407.275,0.03207940777,21.87030724,0.2187030724,13.62932027,13.62932027
166.878,34395.3375,0.03223011107,21.97305002,0.2197305002,13.69334837,13.69334837
167.005,34401.05,0.03215798789,21.92387966,0.2192387966,13.66270597,13.66270597
167.132,34383.0625,0.03238512965,22.07873476,0.2207873476,13.75920986,13.75920986
167.259,34446.225,0.0315880523,21.53532303,0.2153532303,13.42056201,13.42056201
167.386,34421.8625,0.03189532088,21.74480503,0.2174480503,13.55110875,13.55110875
167.513,34429.675,0.03179676315,21.67761277,0.2167761277,13.50923532,13.50923532
167.64,34384.325,0.03236918323,22.06786321,0.2206786321,13.75243484,13.75243484
167.767,34386.4,0.03234297554,22.04999597,0.2204999597,13.74130018,13.74130018
167.894,34334.2375,0.03300227938,22.49947988,0.2249947988,14.02141331,14.02141331
168.021,34352.9,0.03276628117,22.33858684,0.2233858684,13.92114665,13.92114665
168.148,34281.5375,0.03366939489,22.95428943,0.2295428943,14.30484532,14.30484532
168.275,34306.575,0.03335232395,22.73812463,0.2273812463,14.17013394,14.17013394
168.402,34299.1375,0.03344648711,22.80232087,0.2280232087,14.21014028,14.21014028
168.529,34317.4125,0.03321515132,22.64460646,0.2264460646,14.1118545,14.1118545
168.656,34313.5625,0.03326387666,22.67782522,0.2267782522,14.13255604,14.13255604
168.783,34363.2125,0.03263592857,22.24971826,0.2224971826,13.86576479,13.86576479
168.91,34295.7,0.03349001479,22.8319961,0.228319961,14.22863354,14.22863354
169.037,34382.0125,0.03239839246,22.08777676,0.2208777676,13.76484473,13.76484473
169.164,34449.325,0.03154896958,21.50867818,0.2150867818,13.40395725,13.40395725
169.291,34367.625,0.03258016541,22.21170143,0.2221170143,13.84207314,13.84207314
169.418,34372.4875,0.03251872364,22.16981318,0.2216981318,13.81596887,13.81596887
169.545,34375.15,0.0324850844,22.14687945,0.2214687945,13.80167684,13.80167684
169.672,34383.875,0.03237486704,22.07173817,0.2207173817,13.75484967,13.75484967
169.799,34354.85,0.03274162967,22.32178056,0.2232178056,13.91067316,13.91067316
169.926,34383.75,0.03237644588,22.07281456,0.2207281456,13.75552046,13.75552046
170.053,34397.125,0.0322075417,21.95766323,0.2195766323,13.6837595,13.6837595
170.18,34412.55,0.03201283093,21.82491813,0.2182491813,13.6010343,13.6010343
170.307,34362.6375,0.03264319568,22.25467266,0.2225467266,13.86885231,13.86885231
170.434,34373.875,0.03250119301,22.15786158,0.2215786158,13.80852077,13.80852077
170.561,34362.6125,0.03264351165,22.25488807,0.2225488807,13.86898655,13.86898655
170.688,34309.2375,0.03331862008,22.71514684,0.2271514684,14.15581444,14.15581444
170.815,34322.7,0.03314824198,22.59899067,0.2259899067,14.08342727,14.08342727
170.942,34232.0375,0.03429693711,23.38211969,0.2338211969,14.57146414,14.57146414
171.069,34312.325,0.03327953953,22.68850347,0.2268850347,14.13921061,14.13921061
171.196,34275.4625,0.03374636264,23.00676261,0.2300676261,14.33754599,14.33754599
171.323,34344.2625,0.03287549146,22.41304154,0.2241304154,13.96754595,13.96754595
171.45,34294.425,0.03350616072,22.84300367,0.2284300367,14.23549333,14.23549333
171.577,34279.6875,0.03369283218,22.97026794,0.2297026794,14.31480293,14.31480293
171.704,34323.375,0.03313970111,22.59316788,0.2259316788,14.07979858,14.07979858
171.831,34284.6875,0.03362949105,22.92708478,0.2292708478,14.2878917,14.2878917
171.958,34248.225,0.03409161833,23.24214252,0.2324214252,14.484232,14.484232
172.085,34288.65,0.03357929977,22.89286661,0.2289286661,14.26656733,14.26656733
172.212,34225.4,0.03438115381,23.43953487,0.2343953487,14.60724461,14.60724461
172.339,34288.8875,0.03357629164,22.8908158,0.228908158,14.26528929,14.26528929
172.466,34259.7875,0.03394502146,23.14219932,0.2314219932,14.42194857,14.42194857
172.593,34264.9375,0.03387974235,23.09769494,0.2309769494,14.39421395,14.39421395
