x_mm,intensity,net_od,dose_cgy,dose_gy,normalized_percent,smoothed_percent
0,35625.675,0.01696658466,11.56705953,0.1156705953,7.647747776,7.647747776
0.127,35579.475,0.01753015086,11.95127379,0.1195127379,7.901777224,7.901777224
0.254,35570.425,0.01764063212,12.02659498,0.1202659498,7.951577039,7.951577039
0.381,35545.8375,0.01794093519,12.2313282,0.122313282,8.086939705,8.086939705
0.508,35582.1625,0.01749734762,11.92891,0.1192891,7.886991045,7.886991045
0.635,35500.075,0.01850041576,12.61275706,0.1261275706,8.339127544,8.339127544
0.762,35321.2875,0.02069316063,14.10767256,0.1410767256,9.327515014,9.327515014
0.889,35464.2375,0.01893905962,12.91180485,0.1291180485,8.536847806,8.536847806
1.016,35478.625,0.01876290625,12.79171135,0.1279171135,8.457446057,8.457446057
1.143,35442.625,0.01920380662,13.09229753,0.1309229753,8.656183451,8.656183451
1.27,35418.675,0.01949737598,13.29244001,0.1329244001,8.788510874,8.788510874
1.397,35376.2875,0.02001743162,13.64699071,0.1364699071,9.022927782,9.022927782
1.524,35440.125,0.01923444133,13.11318291,0.1311318291,8.669992154,8.669992154
1.651,35407.9375,0.01962905635,13.3822138,0.133822138,8.847866261,8.847866261
1.778,35441.1875,0.01922142132,13.10430644,0.1310430644,8.664123337,8.664123337
1.905,35417.8125,0.01950795186,13.29965017,0.1329965017,8.793277988,8.793277988
2.032,35383.225,0.01993227224,13.58893285,0.1358893285,8.984541893,8.984541893
2.159,35446.8125,0.01915249833,13.05731783,0.1305731783,8.633056056,8.633056056
2.286,35448,0.01913794932,13.04739896,0.1304739896,8.626498038,8.626498038
2.413,35501.1,0.01848787648,12.60420834,0.1260420834,8.333475419,8.333475419
2.54,35415.8375,0.01953217006,13.31616105,0.1331616105,8.804194425,8.804194425
2.667,35478.675,0.0187622942,12.79129408,0.1279129408,8.457170173,8.457170173
2.794,35388.85,0.01986323636,13.54186726,0.1354186726,8.953423724,8.953423724
2.921,35450.2625,0.01911023097,13.02850183,0.1302850183,8.614003896,8.614003896
3.048,35469.4,0.01887584433,12.86870749,0.1286870749,8.508353291,8.508353291
3.175,35459.9,0.01899217982,12.94801983,0.1294801983,8.560791925,8.560791925
3.302,35473.8375,0.01882151408,12.83166755,0.1283166755,8.483863742,8.483863742
3.429,35467,0.01890523141,12.88874228,0.1288874228,8.52159962,8.52159962
3.556,35437.0125,0.01927258457,13.13918726,0.1313918726,8.687185351,8.687185351
3.683,35430.5875,0.0193513326,13.19287415,0.1319287415,8.722681304,8.722681304
3.81,35427.7375,0.01938626821,13.21669169,0.1321669169,8.738428651,8.738428651
3.937,35456.6875,0.01903152664,12.97484473,0.1297484473,8.578527642,8.578527642
4.064,35460.5,0.0189848314,12.94301,0.1294301,8.557479596,8.557479596
4.191,35427.2375,0.01939239755,13.2208704,0.132208704,8.741191475,8.741191475
4.318,35453.725,0.01906781461,12.99958425,0.1299958425,8.594884571,8.594884571
4.445,35481.825,0.01872373676,12.76500734,0.1276500734,8.439790271,8.439790271
4.572,35434.075,0.01930858627,13.16373161,0.1316373161,8.703413247,8.703413247
4.699,35405.9,0.01965404793,13.39925194,0.1339925194,8.859131306,8.859131306
4.826,35419.6625,0.01948526769,13.28418511,0.1328418511,8.783053017,8.783053017
4.953,35460.0125,0.01899080198,12.94708048,0.1294708048,8.560170859,8.560170859
5.08,35506.35,0.01842365657,12.56042607,0.1256042607,8.304528068,8.304528068
5.207,35450.05,0.01911283428,13.03027665,0.1303027665,8.615177345,8.615177345
5.334,35400.425,0.01972121036,13.44504028,0.1344504028,8.889405006,8.889405006
5.461,35494.45,0.01856923534,12.65967517,0.1265967517,8.370148209,8.370148209
5.588,35455.8,0.0190423974,12.98225593,0.1298225593,8.583427676,8.583427676
5.715,35471.8875,0.01884538794,12.84794368,0.1284794368,8.494624969,8.494624969
5.842,35496.9125,0.01853910631,12.63913455,0.1263913455,8.356567446,8.356567446
5.969,35468.5375,0.01888640508,12.87590733,0.1287590733,8.513113587,8.513113587
6.096,35490.4,0.01861879218,12.69346082,0.1269346082,8.392486132,8.392486132
6.223,35555.5,0.01782289605,12.15085438,0.1215085438,8.033733146,8.033733146
6.35,35464.6,0.01893462047,12.90877844,0.1290877844,8.534846845,8.534846845
6.477,35511.6375,0.01835898754,12.51633762,0.1251633762,8.275378276,8.275378276
6.604,35498.575,0.01851876658,12.62526783,0.1262526783,8.347399241,8.347399241
6.731,35478.8125,0.01876061107,12.7901466,0.127901466,8.456411494,8.456411494
6.858,35504.4625,0.01844674407,12.57616609,0.1257616609,8.314934837,8.314934837
6.985,35514.675,0.01832184161,12.49101318,0.1249101318,8.258634614,8.258634614
7.112,35551.125,0.017876338,12.18728872,0.1218728872,8.057822293,8.057822293
7.239,35569.4,0.01765314696,12.03512704,0.1203512704,7.957218148,7.957218148
7.366,35552.4875,0.01785969394,12.17594154,0.1217594154,8.050319927,8.050319927
7.493,35528.45,0.01815342541,12.37619454,0.1237619454,8.182720419,8.182720419
7.62,35639.95,0.01679260026,11.44844474,0.1144844474,7.569323691,7.569323691
7.747,35673.9875,0.01637803054,11.16580962,0.1116580962,7.38245493,7.38245493
7.874,35677.5625,0.01633451073,11.13613976,0.1113613976,7.362838225,7.362838225
8.001,35613.7,0.01711259034,11.66659968,0.1166659968,7.713560347,7.713560347
8.128,35685.7375,0.0162350098,11.06830447,0.1106830447,7.317987829,7.317987829
8.255,35652.975,0.0166339117,11.34025797,0.1134025797,7.497794265,7.497794265
8.382,35596.0375,0.01732803072,11.81347731,0.1181347731,7.810670857,7.810670857
8.509,35722.5875,0.01578677766,10.76271982,0.1076271982,7.115945615,7.115945615
8.636,35541.45,0.01799454441,12.26787657,0.1226787657,8.11110425,8.11110425
8.763,35673.15,0.01638822637,11.17276068,0.1117276068,7.387050736,7.387050736
8.89,35676.825,0.01634348824,11.14226022,0.1114226022,7.366884867,7.366884867
9.017,35733.65,0.01565230703,10.67104375,0.1067104375,7.055332504,7.055332504
9.144,35728.7875,0.0157114082,10.71133629,0.1071133629,7.081972566,7.081972566
9.271,35730.75,0.01568755406,10.6950736,0.106950736,7.071220228,7.071220228
9.398,35769.6375,0.01521514744,10.37300787,0.1037300787,6.858281279,6.858281279
9.525,35774.525,0.01515581026,10.33255443,0.1033255443,6.831534838,6.831534838
9.652,35785.525,0.01502229332,10.24152855,0.1024152855,6.771351608,6.771351608
9.779,35767.275,0.01524383251,10.39256407,0.1039256407,6.871211176,6.871211176
9.906,35763.9625,0.01528405551,10.41998631,0.1041998631,6.889341834,6.889341834
10.033,35806.225,0.01477114997,10.07031023,0.1007031023,6.658147858,6.658147858
10.16,35755.775,0.01538349061,10.48777672,0.1048777672,6.934162555,6.934162555
10.287,35750.925,0.01544240336,10.5279408,0.105279408,6.960717686,6.960717686
10.414,35830.4375,0.01447757528,9.870164119,0.09870164119,6.525818032,6.525818032
10.541,35808.7625,0.01474037367,10.04932832,0.1004932832,6.644275332,6.644275332
10.668,35838.3625,0.01438152836,9.804683619,0.09804683619,6.482524545,6.482524545
10.795,35818.4125,0.01462335267,9.969548632,0.09969548632,6.591527705,6.591527705
10.922,35790.925,0.01495676366,10.19685335,0.1019685335,6.741813884,6.741813884
11.049,35842.45,0.01433199827,9.770916213,0.09770916213,6.46019868,6.46019868
11.176,35840.5125,0.01435547513,9.78692169,0.0978692169,6.470780959,6.470780959
11.303,35805.8125,0.01477615322,10.07372122,0.1007372122,6.660403091,6.660403091
11.43,35882.975,0.01384124382,9.436341751,0.09436341751,6.238989384,6.238989384
11.557,35857.9625,0.01414407764,9.642800323,0.09642800323,6.375492796,6.375492796
11.684,35874.1,0.01394867193,9.509581439,0.09509581439,6.287412984,6.287412984
11.811,35912.175,0.01348797763,9.195500642,0.09195500642,6.079753405,6.079753405
11.938,35922.7375,0.01336026158,9.108429547,0.09108429547,6.022184947,6.022184947
12.065,35954.6,0.01297522481,8.845928678,0.08845928678,5.848628269,5.848628269
12.192,35914.875,0.01345532711,9.173240979,0.09173240979,6.06503607,6.06503607
12.319,35954.5375,0.01297597975,8.84644336,0.0884644336,5.848968559,5.848968559
12.446,35939.825,0.01315372825,8.96762435,0.0896762435,5.929089323,5.929089323
12.573,35947.4375,0.01306174904,8.904917034,0.08904917034,5.88762937,5.88762937
12.7,36060.0875,0.01170291014,7.978521366,0.07978521366,5.275127949,5.275127949
12.827,36028.2875,0.01208606665,8.239740365,0.08239740365,5.447837099,5.447837099
12.954,36062.4625,0.01167430745,7.959021331,0.07959021331,5.262235186,5.262235186
13.081,36037.6875,0.01197277135,8.16250069,0.0816250069,5.396768843,5.396768843
13.208,36052.475,0.01179460197,8.041032766,0.08041032766,5.316458368,5.316458368
13.335,36050.85,0.01181417745,8.054378453,0.08054378453,5.325282084,5.325282084
13.462,36075.55,0.01151672537,7.851588906,0.07851588906,5.191204508,5.191204508
13.589,36363.4,0.008065203094,5.4984952,0.054984952,3.635418692,3.635418692
13.716,36484.5625,0.006620543508,4.513590827,0.04513590827,2.984233297,2.984233297
13.843,36040.8875,0.01193420948,8.136210929,0.08136210929,5.379386944,5.379386944
13.97,36075.9125,0.01151236144,7.848613778,0.07848613778,5.189237454,5.189237454
14.097,36132.3875,0.01083302719,7.385474028,0.07385474028,4.883025146,4.883025146
14.224,36134.7875,0.01080418126,7.365808165,0.07365808165,4.870022744,4.870022744
14.351,36119.7375,0.01098510092,7.489151107,0.07489151107,4.951572918,4.951572918
14.478,36127.8125,0.01088802004,7.422965698,0.07422965698,4.907813368,4.907813368
14.605,36090.6125,0.01133543373,7.727992369,0.07727992369,5.109486666,5.109486666
14.732,36154.05,0.01057273204,7.208016423,0.07208016423,4.765696192,4.765696192
14.859,36144.2,0.01069106964,7.288693712,0.07288693712,4.819037281,4.819037281
14.986,36205.2625,0.009957985736,6.788909855,0.06788909855,4.488597132,4.488597132
15.113,36206.5875,0.009942092199,6.778074352,0.06778074352,4.481433064,4.481433064
15.24,36160.8625,0.01049090573,7.152230901,0.07152230901,4.728812695,4.728812695
15.367,36232.0625,0.009636629511,6.569823536,0.06569823536,4.343744682,4.343744682
15.494,36170.925,0.01037007121,7.069851326,0.07069851326,4.674346112,4.674346112
15.621,36215.75,0.00983220281,6.703156675,0.06703156675,4.431900035,4.431900035
15.748,36187.9875,0.01016525471,6.930216583,0.06930216583,4.582024351,4.582024351
15.875,36253.2,0.009383339406,6.397141657,0.06397141657,4.229573275,4.229573275
16.002,36158.1875,0.01052303385,7.174134422,0.07174134422,4.74329456,4.74329456
16.129,36195.15,0.01007930557,6.871620298,0.06871620298,4.543282474,4.543282474
16.256,36260.9625,0.009290358647,6.333751529,0.06333751529,4.187661871,4.187661871
16.383,36199.525,0.01002681446,6.835834205,0.06835834205,4.519621922,4.519621922
16.51,36208.15,0.009923350569,6.765297145,0.06765297145,4.472985208,4.472985208
16.637,36180.6375,0.01025347151,6.99035886,0.0699035886,4.621788387,4.621788387
16.764,36145.2625,0.01067830324,7.279990155,0.07279990155,4.813282784,4.813282784
16.891,36195.4125,0.01007615592,6.86947301,0.0686947301,4.54186276,4.54186276
17.018,36271.6875,0.009161925222,6.246191356,0.06246191356,4.129770052,4.129770052
17.145,36156.4125,0.01054435383,7.188669428,0.07188669428,4.752904614,4.752904614
17.272,36221.775,0.009759957817,6.653903266,0.06653903266,4.39933535,4.39933535
17.399,36135.8,0.01079201246,7.357512021,0.07357512021,4.864537615,4.864537615
17.526,36261.45,0.00928451994,6.329770959,0.06329770959,4.185030053,4.185030053
17.653,36302.55,0.008792554086,5.994370616,0.05994370616,3.963274712,3.963274712
17.78,36323.075,0.008547078898,5.827016598,0.05827016598,3.852625907,3.852625907
17.907,36327.9125,0.008489243495,5.787587004,0.05787587004,3.826556396,3.826556396
18.034,36252.275,0.009394420566,6.404696297,0.06404696297,4.234568147,4.234568147
18.161,36286.0375,0.008990141283,6.12907674,0.0612907674,4.052337837,4.052337837
18.288,36352.925,0.008190325884,5.583798329,0.05583798329,3.69181823,3.69181823
18.415,36320,0.008583846492,5.852083101,0.05852083101,3.869199029,3.869199029
18.542,36331.45,0.008446955298,5.7587568,0.057587568,3.807494842,3.807494842
18.669,36351.6875,0.008205110075,5.59387753,0.0559387753,3.698482256,3.698482256
18.796,36329.2625,0.008473104757,5.776584333,0.05776584333,3.819281803,3.819281803
18.923,36364.3625,0.00805370794,5.490658317,0.05490658317,3.63023721,3.63023721
19.05,36294.8375,0.008884830029,6.057280232,0.06057280232,4.004868419,4.004868419
19.177,36363.825,0.008060127274,5.495034733,0.05495034733,3.633130748,3.633130748
19.304,36381.575,0.007848190101,5.350545435,0.05350545435,3.537599321,3.537599321
19.431,36379.925,0.007867886944,5.363973863,0.05363973863,3.546477742,3.546477742
19.558,36324.925,0.008524960057,5.81193696,0.0581193696,3.842655761,3.842655761
19.685,36375.3,0.007923102551,5.401617398,0.05401617398,3.571366372,3.571366372
19.812,36399.1375,0.007638593445,5.207651798,0.05207651798,3.44312289,3.44312289
19.939,36414.1625,0.007459360402,5.085458715,0.05085458715,3.362332965,3.362332965
20.066,36301.275,0.008807807427,6.004769663,0.06004769663,3.97015021,3.97015021
20.193,36411.925,0.007486046825,5.103652327,0.05103652327,3.374361964,3.374361964
20.32,36367.975,0.008010566502,5.461246412,0.05461246412,3.610791055,3.610791055
20.447,36396.65,0.007668273941,5.227886634,0.05227886634,3.456501478,3.456501478
20.574,36429.7125,0.007273942498,4.959049071,0.04959049071,3.278755192,3.278755192
20.701,36406.9125,0.007545836329,5.14441414,0.0514441414,3.401312294,3.401312294
20.828,36491.6125,0.006536631845,4.456383603,0.04456383603,2.946409819,2.946409819
20.955,36402.8875,0.007593852813,5.177149634,0.05177149634,3.422955893,3.422955893
21.082,36360.475,0.008100138289,5.522312455,0.05522312455,3.651165854,3.651165854
21.209,36385.4625,0.007801786679,5.318909655,0.05318909655,3.516682815,3.516682815
21.336,36396.05,0.007675433359,5.232767605,0.05232767605,3.459728611,3.459728611
21.463,36366.2375,0.008031315655,5.475392258,0.05475392258,3.620143809,3.620143809
21.59,36347.5625,0.008254394345,5.627477344,0.05627477344,3.720697314,3.720697314
21.717,36387.1,0.007782242026,5.305584984,0.05305584984,3.507872994,3.507872994
21.844,36432.8625,0.007236391599,4.933448545,0.04933448545,3.261828992,3.261828992
21.971,36424.725,0.00733340473,4.999587765,0.04999587765,3.305558003,3.305558003
22.098,36412.1875,0.007482915931,5.101517823,0.05101517823,3.372950703,3.372950703
22.225,36370.25,0.007983400044,5.442725535,0.05442725535,3.598545679,3.598545679
22.352,36403.2625,0.007589379003,5.17409959,0.0517409959,3.420939307,3.420939307
22.479,36346.8375,0.008263057007,5.63338316,0.0563338316,3.724602039,3.724602039
22.606,36358.0625,0.008128954474,5.541958043,0.05541958043,3.664154851,3.664154851
22.733,36179.6625,0.01026517509,6.998337835,0.06998337835,4.627063815,4.627063815
22.86,36364.8875,0.008047437984,5.486383741,0.05486383741,3.627411006,3.627411006
22.987,36397.525,0.007657833334,5.220768695,0.05220768695,3.451795338,3.451795338
23.114,36399.3625,0.007635908877,5.205821579,0.05205821579,3.441912812,3.441912812
23.241,36423.525,0.007347712648,5.009342264,0.05009342264,3.312007347,3.312007347
23.368,36431.15,0.007256805772,4.947366017,0.04947366017,3.271030753,3.271030753
23.495,36425.7375,0.007321332791,4.991357656,0.04991357656,3.300116534,3.300116534
23.622,36409.725,0.007512287589,5.121542107,0.05121542107,3.386190081,3.386190081
23.749,36383.6,0.007824017925,5.334065925,0.05334065925,3.526703627,3.526703627
23.876,36396.9625,0.007664545124,5.225344493,0.05225344493,3.454820701,3.454820701
24.003,36397.8375,0.007654104607,5.218226615,0.05218226615,3.450114601,3.450114601
24.13,36343.725,0.008300248673,5.658738776,0.05658738776,3.741366314,3.741366314
24.257,36346.3625,0.008268732637,5.637252551,0.05637252551,3.72716035,3.72716035
24.384,36059.325,0.0117120935,7.984782176,0.07984782176,5.279267384,5.279267384
24.511,36290.15,0.008940923044,6.095521944,0.06095521944,4.030152542,4.030152542
24.638,36431.275,0.007255315654,4.946350121,0.04946350121,3.270359077,3.270359077
24.765,36332.325,0.008436495955,5.751626087,0.05751626087,3.802780256,3.802780256
24.892,36405.95,0.007557318049,5.152241863,0.05152241863,3.406487719,3.406487719
25.019,36408.4125,0.007527943345,5.132215502,0.05132215502,3.393246968,3.393246968
25.146,36417.4375,0.007420302783,5.058830975,0.05058830975,3.344727606,3.344727606
25.273,36426.7375,0.007309410218,4.983229378,0.04983229378,3.294742392,3.294742392
25.4,36423.8625,0.007343688498,5.006598778,0.05006598778,3.310193447,3.310193447
25.527,36396.875,0.007665589189,5.22605629,0.0522605629,3.455291317,3.455291317
25.654,36275.9375,0.009111041363,6.211501014,0.06211501014,4.106833974,4.106833974
25.781,36395.525,0.007681697947,5.237038522,0.05237038522,3.462552396,3.462552396
25.908,36407.625,0.00753733707,5.138619724,0.05138619724,3.397481223,3.397481223
26.035,36394.4875,0.007694078231,5.245478846,0.05245478846,3.468132853,3.468132853
26.162,36442.5,0.007121523886,4.85513687,0.0485513687,3.210051966,3.210051966
26.289,36351.2375,0.008210486269,5.597542779,0.05597542779,3.700905594,3.700905594
26.416,36355.4875,0.008159713756,5.562928348,0.05562928348,3.678019705,3.678019705
26.543,36358.8,0.008120145179,5.535952259,0.05535952259,3.66018403,3.66018403
26.67,36292.6,0.008911604191,6.07553366,0.0607553366,4.016936966,4.016936966
26.797,36389.1625,0.007757625968,5.288802855,0.05288802855,3.496777219,3.496777219
26.924,36365.275,0.008042810217,5.483228737,0.05483228737,3.625325023,3.625325023
27.051,36339.5625,0.008349991904,5.692651489,0.05692651489,3.763788251,3.763788251
27.178,36366.6,0.008026986613,5.47244091,0.0547244091,3.618192478,3.618192478
27.305,36285.2375,0.008999716299,6.135604559,0.06135604559,4.056653809,4.056653809
27.432,36285.875,0.008992086191,6.130402692,0.06130402692,4.053214511,4.053214511
27.559,36283.675,0.009018418113,6.14835462,0.0614835462,4.065083718,4.065083718
27.686,36327.6875,0.008491933343,5.789420822,0.05789420822,3.827768854,3.827768854
27.813,36339.65,0.008348946192,5.69193857,0.0569193857,3.763316892,3.763316892
27.94,36385.0625,0.007806561079,5.322164627,0.05322164627,3.518834893,3.518834893
28.067,36296.15,0.008869125283,6.046573438,0.06046573438,3.997789449,3.997789449
28.194,36290.1875,0.008940474271,6.095215991,0.06095215991,4.029950257,4.029950257
28.321,36308.9625,0.008715846873,5.942075065,0.05942075065,3.928698666,3.928698666
28.448,36321.65,0.008564117152,5.838632518,0.05838632518,3.86030596,3.86030596
28.575,36321.8875,0.008561277397,5.8366965,0.058366965,3.85902593,3.85902593
28.702,36338,0.008368665759,5.705382489,0.05705382489,3.772205556,3.772205556
28.829,36348.3875,0.008244537043,5.620757076,0.05620757076,3.716254101,3.716254101
28.956,36352.3125,0.008197643249,5.588786982,0.05588786982,3.695116558,3.695116558
29.083,36395.25,0.007684979433,5.239275693,0.05239275693,3.464031538,3.464031538
29.21,36361.25,0.008090881682,5.516001714,0.05516001714,3.646993405,3.646993405
29.337,36306.975,0.008739620175,5.95828264,0.0595828264,3.939414565,3.939414565
29.464,36268.725,0.009197397791,6.27037497,0.0627037497,4.145759438,4.145759438
29.591,36311.55,0.008684898676,5.920975966,0.05920975966,3.914748657,3.914748657
29.718,36317.85,0.008609555764,5.869610534,0.05869610534,3.880787574,3.880787574
29.845,36272.05,0.009157584895,6.243232316,0.06243232316,4.127813635,4.127813635
29.972,36299.7375,0.008826201875,6.017310176,0.06017310176,3.978441572,3.978441572
30.099,36327.1625,0.00849820972,5.793699775,0.05793699775,3.830597953,3.830597953
30.226,36289.0125,0.008954536041,6.104802677,0.06104802677,4.036288649,4.036288649
30.353,36285.6,0.008995377594,6.132646623,0.06132646623,4.054698123,4.054698123
30.48,36272.8125,0.009148455385,6.237008223,0.06237008223,4.123698476,4.123698476
30.607,36270.6375,0.009174497446,6.254762538,0.06254762538,4.135437027,4.135437027
30.734,36319.8875,0.008585191707,5.853000208,0.05853000208,3.86980539,3.86980539
30.861,36277.4875,0.009092485204,6.198850254,0.06198850254,4.09846972,4.09846972
30.988,36218.075,0.009804322613,6.684149202,0.06684149202,4.419332938,4.419332938
31.115,36235.55,0.009594828713,6.541325619,0.06541325619,4.324902825,4.324902825
31.242,36264.8875,0.009243351798,6.301704359,0.06301704359,4.166473368,4.166473368
31.369,36266.7,0.009221646531,6.286906677,0.06286906677,4.156689642,4.156689642
31.496,36194.8125,0.01008335515,6.874381119,0.06874381119,4.545107835,4.545107835
31.623,36278.7,0.009077970051,6.188954472,0.06188954472,4.091926964,4.091926964
31.75,36285.0375,0.009002110087,6.137236536,0.06137236536,4.057732817,4.057732817
31.877,36264.4125,0.009249040254,6.305582494,0.06305582494,4.16903746,4.16903746
32.004,36245.0875,0.009480533812,6.463404461,0.06463404461,4.273383996,4.273383996
32.131,36291.925,0.008919681637,6.081040501,0.06081040501,4.020577903,4.020577903
32.258,36233.825,0.009615503874,6.55542102,0.0655542102,4.334222227,4.334222227
32.385,36297.375,0.008854468033,6.036580779,0.06036580779,3.991182642,3.991182642
32.512,36286.675,0.008982511342,6.123874988,0.06123874988,4.048898614,4.048898614
32.639,36226.0125,0.009709153702,6.61926729,0.0661926729,4.376435216,4.376435216
32.766,36152.6875,0.01058909915,7.219174789,0.07219174789,4.773073725,4.773073725
32.893,36343.7375,0.008300099303,5.658636942,0.05658636942,3.741298985,3.741298985
33.02,36350.6875,0.008217057263,5.602022589,0.05602022589,3.703867493,3.703867493
33.147,36328.3125,0.008484461585,5.784326911,0.05784326911,3.824400932,3.824400932
33.274,36333.4625,0.008422899186,5.742356417,0.05742356417,3.796651464,3.796651464
33.401,36332.675,0.008432312288,5.74877385,0.0574877385,3.800894454,3.800894454
33.528,36300.425,0.008817976619,6.011702563,0.06011702563,3.974734009,3.974734009
33.655,36318.0875,0.008606715712,5.867674313,0.05867674313,3.879507411,3.879507411
33.782,36279.275,0.009071086747,6.184261742,0.06184261742,4.08882429,4.08882429
33.909,36339.05,0.00835611684,5.696827197,0.05696827197,3.766549087,3.766549087
34.036,36285.975,0.008990889323,6.129586721,0.06129586721,4.052675019,4.052675019
34.163,36252.7375,0.009388879951,6.400918953,0.06400918953,4.232070695,4.232070695
34.29,36323.05,0.008547377809,5.827220382,0.05827220382,3.852760642,3.852760642
34.417,36317.2625,0.008616581237,5.874400188,0.05874400188,3.883954331,3.883954331
34.544,36370.5125,0.007980265562,5.440588585,0.05440588585,3.5971328,3.5971328
34.671,36299.8375,0.008825005465,6.016494516,0.06016494516,3.977902285,3.977902285
34.798,36341.65,0.008325044887,5.675643727,0.05675643727,3.752543295,3.752543295
34.925,36361.025,0.008093569063,5.517833851,0.05517833851,3.648204752,3.648204752
35.052,36347.7,0.008252751446,5.626357289,0.05626357289,3.719956772,3.719956772
35.179,36369.325,0.007994445542,5.450255861,0.05450255861,3.603524476,3.603524476
35.306,36381.6625,0.007847145597,5.349833339,0.05349833339,3.537128507,3.537128507
35.433,36360.6,0.008098645274,5.521294585,0.05521294585,3.650492872,3.650492872
35.56,36299.625,0.008827547841,6.018227795,0.06018227795,3.979048271,3.979048271
35.687,36380.0875,0.007865947063,5.362651339,0.05362651339,3.545603334,3.545603334
35.814,36399.9625,0.007628750111,5.200941052,0.05200941052,3.438685973,3.438685973
35.941,36365.9,0.008035346181,5.47814009,0.0547814009,3.621960583,3.621960583
36.068,36328.75,0.00847923143,5.780761225,0.05780761225,3.822043422,3.822043422
36.195,36337.475,0.008374940355,5.709660228,0.05709660228,3.775033852,3.775033852
36.322,36407.1125,0.007543450556,5.142787626,0.05142787626,3.400236898,3.400236898
36.449,36355.7875,0.008156130039,5.560485129,0.05560485129,3.676404332,3.676404332
36.576,36239.25,0.009550485311,6.511094269,0.06511094269,4.304914881,4.304914881
36.703,36320.35,0.008579661405,5.849229896,0.05849229896,3.867312587,3.867312587
36.83,36299.5875,0.008827996497,6.018533669,0.06018533669,3.979250504,3.979250504
36.957,36270.3875,0.009177490887,6.256803332,0.06256803332,4.136786331,4.136786331
37.084,36203.7875,0.009975679225,6.800972486,0.06800972486,4.496572534,4.496572534
37.211,36277.675,0.009090240561,6.197319957,0.06197319957,4.097457939,4.097457939
37.338,36292.6,0.008911604191,6.07553366,0.0607553366,4.016936966,4.016936966
37.465,36301.6625,0.008803171551,6.001609129,0.06001609129,3.968060572,3.968060572
37.592,36404.15,0.007578791171,5.166881278,0.05166881278,3.416166805,3.416166805
37.719,36365.4125,0.008041168118,5.482109227,0.05482109227,3.624584842,3.624584842
37.846,36346.875,0.008262608934,5.633077683,0.05633077683,3.724400069,3.724400069
37.973,36322.6625,0.008552010955,5.830379054,0.05830379054,3.854849049,3.854849049
38.1,36356.5,0.008147618827,5.554682566,0.05554682566,3.672567874,3.672567874
38.227,36326.5125,0.008505980598,5.798997613,0.05798997613,3.834100703,3.834100703
38.354,36306.4,0.008746498228,5.962971789,0.05962971789,3.942514872,3.942514872
38.481,36333.15,0.008426634519,5.744903001,0.05744903001,3.798335179,3.798335179
38.608,36273.2375,0.009143366888,6.233539114,0.06233539114,4.121404818,4.121404818
38.735,36285.1375,0.009000913191,6.136420547,0.06136420547,4.057193313,4.057193313
38.862,36280.4625,0.009056871571,6.17457047,0.0617457047,4.082416749,4.082416749
38.989,36154.225,0.01057062988,7.206583269,0.07206583269,4.764748639,4.764748639
39.116,36316.675,0.008623606824,5.879189919,0.05879189919,3.887121139,3.887121139
39.243,36350.6,0.008218102658,5.602735293,0.05602735293,3.704338708,3.704338708
39.37,36384.4375,0.007814021183,5.327250594,0.05327250594,3.522197561,3.522197561
39.497,36368.075,0.008009372336,5.460432283,0.05460432283,3.610252781,3.610252781
39.624,36361.7,0.008085506968,5.512337474,0.05512337474,3.644570734,3.644570734
39.751,36316.9875,0.008619869795,5.87664218,0.0587664218,3.88543666,3.88543666
39.878,36316.3125,0.008627941817,5.882145324,0.05882145324,3.889075152,3.889075152
40.005,36355.6,0.008158369859,5.562012138,0.05562012138,3.677413939,3.677413939
40.132,36369.7375,0.007989519812,5.446897719,0.05446897719,3.601304186,3.601304186
40.259,36322.7125,0.008551413127,5.829971482,0.05829971482,3.854579576,3.854579576
40.386,36333.75,0.008419462707,5.74001358,0.0574001358,3.79510246,3.79510246
40.513,36291.1125,0.008929404687,6.087669243,0.06087669243,4.024960603,4.024960603
40.64,36268.9375,0.009194853248,6.268640214,0.06268640214,4.144612476,4.144612476
40.767,36258.8,0.009316259499,6.351409573,0.06351409573,4.199336771,4.199336771
40.894,36294.45,0.008889466777,6.06044136,0.0606044136,4.006958449,4.006958449
41.021,36302.8125,0.008789413759,5.992229681,0.05992229681,3.961859199,3.961859199
41.148,36364.6125,0.008050722235,5.488622797,0.05488622797,3.628891393,3.628891393
41.275,36281.3125,0.009046696784,6.167633755,0.06167633755,4.077830428,4.077830428
41.402,36272.0875,0.009157135898,6.24292621,0.0624292621,4.127611248,4.127611248
41.529,36319.5625,0.008589077906,5.855649646,0.05855649646,3.871557108,3.871557108
41.656,36347.35,0.008256933383,5.629208347,0.05629208347,3.721841795,3.721841795
41.783,36268.3125,0.009202337239,6.273742465,0.06273742465,4.147985911,4.147985911
41.91,36267.525,0.009211767251,6.280171426,0.06280171426,4.152236522,4.152236522
42.037,36317.9625,0.008608210474,5.868693376,0.05868693376,3.88018118,3.88018118
42.164,36295.4875,0.00887705237,6.051977771,0.06051977771,4.001362611,4.001362611
42.291,36197.1625,0.01005515887,6.855158158,0.06855158158,4.532398265,4.532398265
42.418,36238.1375,0.009563817818,6.520183776,0.06520183776,4.310924555,4.310924555
42.545,36231.7125,0.009640824795,6.572683693,0.06572683693,4.345635721,4.345635721
42.672,36247.2,0.009455222234,6.446148158,0.06446148158,4.261974713,4.261974713
42.799,36213.75,0.009856187208,6.719508166,0.06719508166,4.442711087,4.442711087
42.926,36191.675,0.01012100303,6.900047763,0.06900047763,4.56207775,4.56207775
43.053,36162.025,0.01047694425,7.142712587,0.07142712587,4.722519508,4.722519508
43.18,36152.6,0.01059015027,7.219891395,0.07219891395,4.773547521,4.773547521
43.307,36217.3875,0.009812566571,6.689769564,0.06689769564,4.423048931,4.423048931
43.434,36219.225,0.009790533069,6.674748107,0.06674748107,4.413117253,4.413117253
43.561,36221.6375,0.009761606427,6.655027215,0.06655027215,4.400078467,4.400078467
43.688,36202.9125,0.009986175703,6.808128515,0.06808128515,4.501303859,4.501303859
43.815,36235.4625,0.009595877429,6.542040587,0.06542040587,4.325375538,4.325375538
43.942,36243.375,0.009501053748,6.477394037,0.06477394037,4.282633429,4.282633429
44.069,36220.25,0.009778242758,6.666369122,0.06666369122,4.407577352,4.407577352
44.196,36177.6125,0.01028978364,7.015114843,0.07015114843,4.638156204,4.638156204
44.323,36203.2375,0.009982276981,6.805470541,0.06805470541,4.499546496,4.499546496
44.45,36160,0.01050126454,7.159293074,0.07159293074,4.733481964,4.733481964
44.577,36216.6625,0.009821260369,6.695696607,0.06695696607,4.426967691,4.426967691
44.704,36119.7625,0.01098480033,7.488946176,0.07488946176,4.951437424,4.951437424
44.831,36188.5375,0.01015865417,6.925716632,0.06925716632,4.579049136,4.579049136
44.958,36207.5625,0.009930397327,6.77010131,0.0677010131,4.476161559,4.476161559
45.085,36149.75,0.01062438814,7.243233247,0.07243233247,4.788980362,4.788980362
45.212,36163.7625,0.01045607792,7.128486859,0.07128486859,4.713113939,4.713113939
45.339,36123.25,0.01094286957,7.460359661,0.07460359661,4.932536989,4.932536989
45.466,36074.85,0.01152515238,7.857334067,0.07857334067,5.195003013,5.195003013
45.593,36131.525,0.01084339416,7.392541767,0.07392541767,4.887698096,4.887698096
45.72,36114.525,0.01104777921,7.531882365,0.07531882365,4.979825377,4.979825377
45.847,36081.775,0.01144179234,7.80050292,0.0780050292,5.157428185,5.157428185
45.974,36172.7625,0.01034800941,7.054810574,0.07054810574,4.664401676,4.664401676
46.101,36074.225,0.01153267663,7.862463768,0.07862463768,5.198394598,5.198394598
46.228,36039.55,0.01195032672,8.147198944,0.08147198944,5.386651847,5.386651847
46.355,36026.675,0.01210550459,8.252992281,0.08252992281,5.456598816,5.456598816
46.482,36079.275,0.01147188437,7.821018321,0.07821018321,5.170992273,5.170992273
46.609,36046.675,0.01186447542,8.08866936,0.0808866936,5.347954069,5.347954069
46.736,36040.9125,0.01193390823,8.136005549,0.08136005549,5.379251154,5.379251154
46.863,36011.0375,0.0122940525,8.381535824,0.08381535824,5.541587451,5.541587451
46.99,35997.1625,0.01246141777,8.49563799,0.0849563799,5.617027937,5.617027937
47.117,35985.475,0.01260244669,8.591785208,0.08591785208,5.680597219,5.680597219
47.244,35925.2,0.01333049176,9.088133812,0.09088133812,6.008766095,6.008766095
47.371,35943.325,0.01311143654,8.938791751,0.08938791751,5.910026185,5.910026185
47.498,35930.4,0.01326763427,9.045280384,0.09045280384,5.980432861,5.980432861
47.625,35888.9625,0.01376878268,9.386940982,0.09386940982,6.20632727,6.20632727
47.752,35864,0.01407096048,9.592952313,0.09592952313,6.342534981,6.342534981
47.879,35831.4625,0.01446515161,9.861694217,0.09861694217,6.52021802,6.52021802
48.006,35801.125,0.01483301239,10.11248526,0.1011248526,6.68603256,6.68603256
48.133,35762.85,0.0152975652,10.42919662,0.1042919662,6.895431376,6.895431376
48.26,35773.775,0.01516491518,10.33876176,0.1033876176,6.835638914,6.835638914
48.387,35723.1,0.01578054703,10.75847205,0.1075847205,7.113137136,7.113137136
48.514,35734.4375,0.01564273613,10.66451874,0.1066451874,7.051018388,7.051018388
48.641,35670.25,0.01642353318,11.19683129,0.1119683129,7.402965406,7.402965406
48.768,35671.7125,0.01640572723,11.18469199,0.1118469199,7.394939312,7.394939312
48.895,35630.05,0.01691325454,11.53070144,0.1153070144,7.623709034,7.623709034
49.022,35520.7375,0.01824771209,12.44047499,0.1244047499,8.225220475,8.225220475
49.149,35523.1625,0.01821806383,12.42026213,0.1242026213,8.211856416,8.211856416
49.276,35457.2,0.01902524928,12.97056511,0.1297056511,8.575698101,8.575698101
49.403,35410.0875,0.01960268642,13.36423596,0.1336423596,8.835979923,8.835979923
49.53,35246.3625,0.02161538282,14.73640246,0.1473640246,9.743209912,9.743209912
49.657,35190.425,0.02230517443,15.20667157,0.1520667157,10.05413591,10.05413591
49.784,35010.6375,0.02452966754,16.7232316,0.167232316,11.05683401,11.05683401
49.911,34800.6375,0.02714248664,18.50453495,0.1850453495,12.23457142,12.23457142
50.038,34475.9375,0.03121360161,21.28003928,0.2128003928,14.06964083,14.06964083
50.165,33923.35,0.03823095317,26.06415611,0.2606415611,17.23273675,17.23273675
50.292,33204.3,0.04753535729,32.40748322,0.3240748322,21.42672967,21.42672967
50.419,32089.725,0.06236369101,42.51677877,0.4251677877,28.1106533,28.1106533
50.546,30921.9625,0.07846263719,54.36434071,0.5436434071,35.94385976,35.94385976
50.673,29519.9125,0.09861462048,71.53357041,0.7153357041,47.29557261,47.29557261
50.8,28220.525,0.1181645975,88.18989851,0.8818989851,58.30817229,58.30817229
50.927,27213.3125,0.1339482775,102.3720007,1.023720007,67.68489763,67.68489763
51.054,26407.5875,0.1470009589,118.4819944,1.184819944,78.33627952,78.33627952
51.181,25750.125,0.1579503447,131.9960404,1.319960404,87.27130882,87.27130882
51.308,25345.75,0.1648245395,140.4803687,1.404803687,92.88085918,92.88085918
51.435,25127.525,0.1685799726,145.115432,1.45115432,95.94540592,95.94540592
51.562,24922.6125,0.1721361213,149.5045327,1.495045327,98.84733056,98.84733056
51.689,24776.425,0.1746910443,152.7264123,1.527264123,100.9775282,100.9775282
51.816,24735.9125,0.1754017504,153.6261996,1.536261996,101.572437,101.572437
51.943,24650.8875,0.1768971266,155.5194163,1.555194163,102.8241678,102.8241678
52.07,24674.2625,0.1764855056,154.9982847,1.549982847,102.4796132,102.4796132
52.197,24652.0875,0.1768759858,155.492651,1.55492651,102.8064715,102.8064715
52.324,24592.7375,0.1779228121,156.8179824,1.568179824,103.6827357,103.6827357
52.451,24566.5,0.1783863996,157.4049059,1.574049059,104.0707896,104.0707896
52.578,24602.475,0.1777508872,156.6003173,1.566003173,103.5388229,103.5388229
52.705,24565.95,0.1783961228,157.4172159,1.574172159,104.0789286,104.0789286
52.832,24560.8375,0.1784865146,157.5316562,1.575316562,104.1545926,104.1545926
52.959,24571.4,0.1782997844,157.2952471,1.572952471,103.9982869,103.9982869
53.086,24596.1375,0.1778627741,156.7419714,1.567419714,103.6324798,103.6324798
53.213,24528.8375,0.1790527203,158.2484992,1.582484992,104.6285449,104.6285449
53.34,24473.2625,0.1800378179,159.4956791,1.594956791,105.453138,105.453138
53.467,24504.8375,0.1794778594,158.7867454,1.587867454,104.9844151,104.9844151
53.594,24527.7625,0.179071754,158.2725969,1.582725969,104.6444775,104.6444775
53.721,24498.825,0.1795844309,158.9216699,1.589216699,105.0736225,105.0736225
53.848,24528.4125,0.1790602451,158.2580261,1.582580261,104.6348437,104.6348437
53.975,24483.4125,0.1798577366,159.2676878,1.592676878,105.3023979,105.3023979
54.102,24494.35,0.1796637672,159.0221133,1.590221133,105.1400323,105.1400323
54.229,24477.3125,0.1799659539,159.4046959,1.594046959,105.392983,105.392983
54.356,24411.1625,0.1811412246,160.892644,1.60892644,106.3767638,106.3767638
54.483,24457.3375,0.1803205097,159.8535803,1.598535803,105.6897701,105.6897701
54.61,24428.8375,0.1808268857,160.4946762,1.604946762,106.113641,106.113641
54.737,24457.5,0.1803176241,159.849927,1.59849927,105.6873547,105.6873547
54.864,24480.7375,0.1799051892,159.327765,1.59327765,105.3421189,105.3421189
54.991,24449.8875,0.1804528212,160.0210928,1.600210928,105.8005237,105.8005237
55.118,24412.875,0.1811107589,160.854073,1.60854073,106.351262,106.351262
55.245,24351.675,0.1822008474,162.2341762,1.622341762,107.2637395,107.2637395
55.372,24328.725,0.182610337,162.7526093,1.627526093,107.6065099,107.6065099
55.499,24319.2875,0.1827788394,162.9659413,1.629659413,107.7475578,107.7475578
55.626,24385,0.1816069264,161.4822444,1.614822444,106.7665876,106.7665876
55.753,24347.525,0.1822748659,162.3278872,1.623278872,107.325698,107.325698
55.88,24308.4375,0.1829726422,163.2113048,1.632113048,107.9097838,107.9097838
56.007,24280.5375,0.1834713898,163.8427427,1.638427427,108.3272692,108.3272692
56.134,24225.8375,0.1844508866,165.0828317,1.650828317,109.1471739,109.1471739
56.261,24239.5125,0.1842058052,164.7725472,1.647725472,108.9420243,108.9420243
56.388,24281.2125,0.1834593166,163.8274575,1.638274575,108.317163,108.317163
56.515,24247.075,0.1840703305,164.6010299,1.646010299,108.8286229,108.8286229
56.642,24240.0375,0.184196399,164.7606384,1.647606384,108.9341507,108.9341507
56.769,24262.1125,0.1838010742,164.2601386,1.642601386,108.6032372,108.6032372
56.896,24198.4375,0.184942362,165.7050627,1.657050627,109.558572,109.558572
57.023,24231.8625,0.1843428903,164.9461034,1.649461034,109.0567738,109.0567738
57.15,24242,0.1841612394,164.7161248,1.647161248,108.9047198,108.9047198
57.277,24214.2875,0.1846579918,165.3450366,1.653450366,109.320535,109.320535
57.404,24215.1625,0.1846422985,165.3251683,1.653251683,109.3073987,109.3073987
57.531,24241.55,0.1841693013,164.7263314,1.647263314,108.9114681,108.9114681
57.658,24182.225,0.1852334287,166.0735668,1.660735668,109.8022144,109.8022144
57.785,24204.1125,0.1848405235,165.5761304,1.655761304,109.4733263,109.4733263
57.912,24215.5375,0.184635573,165.3166535,1.653166535,109.301769,109.301769
58.039,24241.45,0.1841710928,164.7285996,1.647285996,108.9129677,108.9129677
58.166,24218.375,0.1845846868,165.252229,1.65252229,109.2591737,109.2591737
58.293,24202.35,0.1848721492,165.61617,1.6561617,109.4997991,109.4997991
58.42,24158.3625,0.1856621927,166.6164022,1.666164022,110.1611188,110.1611188
58.547,24128.0625,0.1862072372,167.3064542,1.673064542,110.6173578,110.6173578
58.674,24239.45,0.184206925,164.7739649,1.647739649,108.9429617,108.9429617
58.801,24238.7125,0.1842201389,164.7906943,1.647906943,108.9540226,108.9540226
58.928,24273.525,0.1835968372,164.001565,1.64001565,108.4322771,108.4322771
59.055,24225.65,0.1844542479,165.0870873,1.650870873,109.1499876,109.1499876
59.182,24253.5625,0.1839541471,164.4539362,1.644539362,108.7313695,108.7313695
59.309,24250.425,0.1840103321,164.525069,1.64525069,108.7784002,108.7784002
59.436,24294.9875,0.1832130064,163.5156172,1.635156172,108.1109848,108.1109848
59.563,24240.1625,0.1841941594,164.7578031,1.647578031,108.932276,108.932276
59.69,24255.2375,0.1839241549,164.4159646,1.644159646,108.706264,108.706264
59.817,24243.025,0.184142877,164.6928771,1.646928771,108.8893492,108.8893492
59.944,24254.1875,0.1839429557,164.4397674,1.644397674,108.7220016,108.7220016
60.071,24249.875,0.184020182,164.5375395,1.645375395,108.7866452,108.7866452
60.198,24262.7375,0.1837898868,164.2459748,1.642459748,108.5938726,108.5938726
60.325,24266.575,0.1837212023,164.1590171,1.641590171,108.536379,108.536379
60.452,24307.2,0.182994752,163.2392968,1.632392968,107.9282911,107.9282911
60.579,24298.575,0.1831488814,163.4344319,1.634344319,108.0573078,108.0573078
60.706,24240.4,0.1841899043,164.7524159,1.647524159,108.9287142,108.9287142
60.833,24279.8375,0.1834839106,163.8585946,1.638585946,108.3377499,108.3377499
60.96,24342.3125,0.1823678529,162.445613,1.62445613,107.4035343,107.4035343
61.087,24267.95,0.1836965949,164.1278629,1.641278629,108.5157809,108.5157809
61.214,24204.725,0.1848295335,165.5622166,1.655622166,109.464127,109.464127
61.341,24200.675,0.1849022069,165.6542245,1.656542245,109.5249595,109.5249595
61.468,24217.55,0.1845994813,165.2709596,1.652709596,109.2715577,109.2715577
61.595,24183.4875,0.1852107557,166.0448618,1.660448618,109.7832356,109.7832356
61.722,24216.7625,0.1846136038,165.2888393,1.652888393,109.2833792,109.2833792
61.849,24283.7875,0.1834132625,163.7691508,1.637691508,108.2786127,108.2786127
61.976,24275.4125,0.1835630679,163.9588116,1.639588116,108.4040099,108.4040099
62.103,24316.2625,0.1828328633,163.0343381,1.630343381,107.7927794,107.7927794
62.23,24318.175,0.1827987069,162.9910945,1.629910945,107.7641882,107.7641882
62.357,24315.9875,0.1828377749,163.0405564,1.630405564,107.7968907,107.7968907
62.484,24312.6125,0.1828980581,163.1168778,1.631168778,107.8473518,107.8473518
62.611,24341.2875,0.1823861404,162.4687659,1.624687659,107.4188422,107.4188422
62.738,24379.55,0.1817040012,161.6051457,1.616051457,106.8478458,106.8478458
62.865,24402.5625,0.1812942526,161.0863846,1.610863846,106.5048585,106.5048585
62.992,24367.4625,0.18191938,161.8778252,1.618778252,107.0281323,107.0281323
63.119,24399.975,0.181340305,161.1446891,1.611446891,106.5434075,106.5434075
63.246,24359.975,0.1820528481,162.0468022,1.620468022,107.1398541,107.1398541
63.373,24377.4,0.1817423028,161.6536372,1.616536372,106.8799068,106.8799068
63.5,24338.1375,0.182442346,162.5399248,1.625399248,107.4658901,107.4658901
63.627,24358.4875,0.1820793683,162.0803781,1.620803781,107.1620534,107.1620534
63.754,24340.7,0.1823966226,162.4820369,1.624820369,107.4276166,107.4276166
63.881,24321.925,0.1827317414,162.9063131,1.629063131,107.7081336,107.7081336
64.008,24340.8,0.1823948384,162.479778,1.62479778,107.4261231,107.4261231
64.135,24378.7625,0.1817180299,161.6229066,1.616229066,106.8595887,106.8595887
64.262,24361.1375,0.1820321233,162.0205636,1.620205636,107.1225061,107.1225061
64.389,24417.8625,0.1810220425,160.7417538,1.607417538,106.2770004,106.2770004
64.516,24404.65,0.1812571028,161.0393512,1.610393512,106.4737616,106.4737616
64.643,24381.9375,0.1816614727,161.5513025,1.615513025,106.8122465,106.8122465
64.77,24354.65,0.1821477936,162.1670077,1.621670077,107.2193299,107.2193299
64.897,24342.4,0.1823662918,162.4436366,1.624436366,107.4022276,107.4022276
65.024,24381.4125,0.1816708241,161.5631419,1.615631419,106.8200743,106.8200743
65.151,24414.775,0.18107696,160.811282,1.60811282,106.32297,106.32297
65.278,24393.05,0.1814635804,161.3007615,1.613007615,106.6465973,106.6465973
65.405,24441.5,0.1806018309,160.2097461,1.602097461,105.9252549,105.9252549
65.532,24444.8875,0.1805416434,160.133546,1.60133546,105.874874,105.874874
65.659,24436.6875,0.1806873513,160.318019,1.60318019,105.9968413,105.9968413
65.786,24430.125,0.1808039972,160.4656983,1.604656983,106.0944818,106.0944818
65.913,24449.2125,0.1804648111,160.0362727,1.600362727,105.8105601,105.8105601
66.04,24440.125,0.1806262635,160.240679,1.60240679,105.9457067,105.9457067
66.167,24457.475,0.1803180681,159.8504891,1.598504891,105.6877263,105.6877263
66.294,24512.45,0.1793429655,158.6159634,1.586159634,104.8714998,104.8714998
66.421,24466.15,0.1801640523,159.6554979,1.596554979,105.5588047,105.5588047
66.548,24460.6375,0.1802619148,159.7793964,1.597793964,105.6407222,105.6407222
66.675,24424.8125,0.1808984479,160.5852772,1.605852772,106.1735433,106.1735433
66.802,24410.675,0.1811498977,160.9036245,1.609036245,106.3840238,106.3840238
66.929,24436.2625,0.1806949046,160.3275818,1.603275818,106.0031639,106.0031639
67.056,24415.35,0.181066732,160.7983328,1.607983328,106.3144084,106.3144084
67.183,24450.05,0.1804499348,160.0174385,1.600174385,105.7981076,105.7981076
67.31,24507.45,0.1794315611,158.7281295,1.587281295,104.9456602,104.9456602
67.437,24467.9,0.1801329895,159.6161709,1.596161709,105.5328031,105.5328031
67.564,24505.325,0.1794692197,158.7758071,1.587758071,104.977183,104.977183
67.691,24448.525,0.1804770234,160.0517341,1.600517341,105.8207827,105.8207827
67.818,24343.15,0.1823529112,162.4266962,1.624266962,107.3910271,107.3910271
67.945,24410.5375,0.181152344,160.9067217,1.609067217,106.3860715,106.3860715
68.072,24480.0125,0.1799180511,159.3440488,1.593440488,105.3528852,105.3528852
68.199,24368.375,0.181903117,161.8572356,1.618572356,107.0145191,107.0145191
68.326,24366.85,0.1819302965,161.8916461,1.618916461,107.0372702,107.0372702
68.453,24389.9,0.1815196667,161.3717694,1.613717694,106.6935453,106.6935453
68.58,24326.6,0.1826482722,162.8006371,1.628006371,107.6382642,107.6382642
68.707,24418.8,0.1810053685,160.7206438,1.607206438,106.2630431,106.2630431
68.834,24395.6,0.1814181825,161.2432856,1.612432856,106.6085962,106.6085962
68.961,24436.475,0.1806911279,160.3228004,1.603228004,106.0000026,106.0000026
69.088,24392.1625,0.1814793817,161.3207668,1.613207668,106.6598241,106.6598241
69.215,24429.4625,0.1808157747,160.480609,1.60480609,106.1043403,106.1043403
69.342,24440.55,0.1806187115,160.2311178,1.602311178,105.9393851,105.9393851
69.469,24498.25,0.1795946241,158.934575,1.58934575,105.082155,105.082155
69.596,24515.925,0.1792814023,158.5380214,1.585380214,104.8199672,104.8199672
69.723,24471.45,0.1800699831,159.5364018,1.595364018,105.4800625,105.4800625
69.85,24492.3,0.179700116,159.0681327,1.590681327,105.1704588,105.1704588
69.977,24487.0375,0.17979344,159.1862853,1.591862853,105.2485773,105.2485773
70.104,24509.725,0.1793912479,158.6770911,1.586770911,104.9119153,104.9119153
70.231,24504.1,0.1794909302,158.8032936,1.588032936,104.9953562,104.9953562
70.358,24520.125,0.1792070065,158.4438329,1.584438329,104.7576929,104.7576929
70.485,24540.3875,0.1788482703,157.9896559,1.579896559,104.4574065,104.4574065
70.612,24511.2875,0.1793635624,158.64204,1.5864204,104.8887407,104.8887407
70.739,24481.4875,0.1798918842,159.3109203,1.593109203,105.3309817,105.3309817
70.866,24526.0875,0.179101413,158.3101465,1.583101465,104.669304,104.669304
70.993,24537.225,0.178904241,158.0605176,1.580605176,104.5042578,104.5042578
71.12,24502.5125,0.1795190669,158.838916,1.58838916,105.0189085,105.0189085
71.247,24539.9125,0.1788566765,158.0002986,1.580002986,104.4644431,104.4644431
71.374,24485.175,0.179826474,159.2281078,1.592281078,105.2762289,105.2762289
71.501,24542.425,0.1788122138,157.9440068,1.579440068,104.4272248,104.4272248
71.628,24533.075,0.1789776998,158.1535198,1.581535198,104.5657478,104.5657478
71.755,24564.325,0.1784248516,157.453588,1.57453588,104.1029766,104.1029766
71.882,24582.4125,0.1781051844,157.0488742,1.570488742,103.8353935,103.8353935
72.009,24551.9625,0.1786434742,157.7303745,1.577303745,104.2859784,104.2859784
72.136,24512.55,0.1793411938,158.6137203,1.586137203,104.8700167,104.8700167
72.263,24549.0875,0.1786943325,157.7947635,1.577947635,104.3285502,104.3285502
72.39,24541.7,0.1788250434,157.9602496,1.579602496,104.437964,104.437964
72.517,24508.7625,0.179408303,158.6986837,1.586986837,104.9261916,104.9261916
72.644,24561.125,0.178481431,157.5252201,1.575252201,104.1503373,104.1503373
72.771,24521.1375,0.1791890737,158.4211291,1.584211291,104.742682,104.742682
72.898,24501.3375,0.1795398937,158.8652837,1.588652837,105.0363419,105.0363419
73.025,24501.2125,0.1795421094,158.8680888,1.588680888,105.0381966,105.0381966
73.152,24508.05,0.1794209287,158.7146684,1.587146684,104.9367602,104.9367602
73.279,24501.775,0.1795321389,158.8554658,1.588554658,105.0298507,105.0298507
73.406,24500.75,0.1795503075,158.878468,1.58878468,105.0450589,105.0450589
73.533,24468.7,0.1801187901,159.5981937,1.595981937,105.5209172,105.5209172
73.66,24477.225,0.1799675063,159.4066614,1.594066614,105.3942825,105.3942825
73.787,24465.4875,0.1801758124,159.6703867,1.596703867,105.5686487,105.5686487
73.914,24499.125,0.1795791128,158.9149369,1.589149369,105.0691709,105.0691709
74.041,24483.6125,0.179854189,159.2631964,1.592631964,105.2994283,105.2994283
74.168,24521.2625,0.1791868599,158.4183263,1.584183263,104.7408288,104.7408288
74.295,24479.3375,0.1799300263,159.3592099,1.593592099,105.3629092,105.3629092
74.422,24496.475,0.1796260917,158.9744144,1.589744144,105.1084955,105.1084955
74.549,24518.0125,0.1792444242,158.4912055,1.584912055,104.789014,104.789014
74.676,24488.4625,0.1797681674,159.154289,1.59154289,105.2274224,105.2274224
74.803,24484.2125,0.1798435462,159.2497221,1.592497221,105.2905196,105.2905196
74.93,24519.5875,0.1792165267,158.4558859,1.584558859,104.7656619,104.7656619
75.057,24499.4375,0.1795735731,158.9079235,1.589079235,105.0645339,105.0645339
75.184,24457.125,0.1803242831,159.8583576,1.598583576,105.6929287,105.6929287
75.311,24458.175,0.1803056383,159.8347523,1.598347523,105.6773217,105.6773217
75.438,24532.2625,0.1789920833,158.1717299,1.581717299,104.5777877,104.5777877
75.565,24501.15,0.1795432172,158.8694914,1.588694914,105.0391239,105.0391239
75.692,24503.825,0.1794958042,158.8094643,1.588094643,104.999436,104.999436
75.819,24531.5125,0.1790053607,158.1885398,1.581885398,104.5889018,104.5889018
75.946,24519.15,0.1792242758,158.4656966,1.584656966,104.7721485,104.7721485
76.073,24541.775,0.1788237162,157.9585693,1.579585693,104.4368531,104.4368531
76.2,24530.4375,0.1790243924,158.2126349,1.582126349,104.6048326,104.6048326
76.327,24547.1375,0.178728831,157.8384402,1.578384402,104.3574278,104.3574278
76.454,24558.3,0.178531386,157.5884655,1.575884655,104.192153,104.192153
76.581,24523.1375,0.1791536531,158.376285,1.58376285,104.7130325,104.7130325
76.708,24546.6625,0.1787372349,157.84908,1.5784908,104.3644624,104.3644624
76.835,24545.3375,0.1787606783,157.8787603,1.578787603,104.3840861,104.3840861
76.962,24561.0625,0.1784825361,157.5266192,1.575266192,104.1512623,104.1512623
77.089,24486.275,0.1798069637,159.2034069,1.592034069,105.2598975,105.2598975
77.216,24490.8375,0.1797260496,159.1009659,1.591009659,105.192167,105.192167
77.343,24478.3125,0.1799482115,159.3822332,1.593822332,105.3781314,105.3781314
77.47,24526.175,0.1790998636,158.3081849,1.583081849,104.6680071,104.6680071
77.597,24479.675,0.1799240387,159.3516293,1.593516293,105.3578971,105.3578971
77.724,24620.7875,0.1774277465,156.1912061,1.561912061,103.2683324,103.2683324
77.851,24552.775,0.1786291023,157.712179,1.57712179,104.2739482,104.2739482
77.978,24495.6625,0.1796404966,158.9926518,1.589926518,105.1205534,105.1205534
78.105,24530.9,0.1790162043,158.2022683,1.582022683,104.5979786,104.5979786
78.232,24498.9875,0.1795815502,158.9180228,1.589180228,105.0712112,105.0712112
78.359,24505.6875,0.1794627953,158.7676735,1.587676735,104.9718054,104.9718054
78.486,24498.3,0.1795937377,158.9334528,1.589334528,105.081413,105.081413
78.613,24494.7625,0.1796564534,159.0128538,1.590128538,105.1339103,105.1339103
78.74,24432.175,0.1807675559,160.4195618,1.604195618,106.0639779,106.0639779
78.867,24467.1375,0.1801465237,159.6333059,1.596333059,105.5441321,105.5441321
78.994,24477.0625,0.1799703896,159.4103117,1.594103117,105.396696,105.396696
79.121,24521.4875,0.1791828749,158.4132811,1.584132811,104.7374931,104.7374931
79.248,24455.65,0.180350476,159.8915191,1.598915191,105.714854,105.714854
79.375,24529.3875,0.1790429824,158.2361706,1.582361706,104.6203936,104.6203936
79.502,24540.65,0.1788436248,157.9837745,1.579837745,104.4535179,104.4535179
79.629,24538.925,0.1788741531,158.0224248,1.580224248,104.4790722,104.4790722
79.756,24550.55,0.1786684604,157.7620081,1.577620081,104.3068935,104.3068935
79.883,24523.25,0.1791516608,158.3737626,1.583737626,104.7113648,104.7113648
80.01,24520.85,0.1791941657,158.4275758,1.584275758,104.7469443,104.7469443
80.137,24537.7,0.1788958339,158.0498737,1.580498737,104.4972205,104.4972205
80.264,24547,0.1787312637,157.8415201,1.578415201,104.3594641,104.3594641
80.391,24580.775,0.1781341148,157.0855015,1.570855015,103.8596103,103.8596103
80.518,24556.55,0.1785623345,157.6276478,1.576276478,104.218059,104.218059
80.645,24540.1,0.1788533582,157.9960975,1.579960975,104.4616654,104.4616654
80.772,24600.075,0.1777932552,156.6539572,1.566539572,103.5742878,103.5742878
80.899,24535.1,0.1789418539,158.1081372,1.581081372,104.5357423,104.5357423
81.026,24529.1875,0.1790465234,158.2406537,1.582406537,104.6233577,104.6233577
81.153,24559.7,0.1785066288,157.5571218,1.575571218,104.1714296,104.1714296
81.28,24571.35,0.1783006682,157.2963659,1.572963659,103.9990266,103.9990266
81.407,24553.5625,0.1786151731,157.6945439,1.576945439,104.2622885,104.2622885
81.534,24580.8875,0.1781321272,157.0829851,1.570829851,103.8579465,103.8579465
81.661,24569.6875,0.1783300536,157.3335692,1.573335692,104.0236242,104.0236242
81.788,24573.825,0.1782569252,157.2409852,1.572409852,103.9624108,103.9624108
81.915,24603.2875,0.1777365448,156.5821592,1.565821592,103.5268173,103.5268173
82.042,24567.6375,0.178366291,157.3794474,1.573794474,104.0539573,104.0539573
82.169,24592.6875,0.1779236951,156.8191003,1.568191003,103.6834748,103.6834748
82.296,24561.75,0.1784703797,157.5112287,1.575112287,104.1410866,104.1410866
82.423,24593.3,0.1779128788,156.8054063,1.568054063,103.6744208,103.6744208
82.55,24605.1625,0.1777034487,156.540258,1.56540258,103.4991137,103.4991137
82.677,24570.575,0.1783143664,157.3137085,1.573137085,104.010493,104.010493
82.804,24576.175,0.1782153955,157.1884067,1.571884067,103.9276477,103.9276477
82.931,24580.0875,0.1781462618,157.1008802,1.571008802,103.8697781,103.8697781
83.058,24549.7625,0.1786823913,157.7796454,1.577796454,104.3185546,104.3185546
83.185,24573.4875,0.1782628899,157.2485368,1.572485368,103.9674036,103.9674036
83.312,24546.2375,0.1787447544,157.8585999,1.578585999,104.3707567,104.3707567
83.439,24578.8875,0.1781674646,157.1277239,1.571277239,103.8875262,103.8875262
83.566,24602.4875,0.1777506665,156.6000379,1.566000379,103.5386382,103.5386382
83.693,24597.4125,0.177840262,156.71347,1.5671347,103.6136356,103.6136356
83.82,24626.4875,0.1773272139,156.063927,1.56063927,103.1841798,103.1841798
83.947,24642.3875,0.1770469038,155.7090412,1.557090412,102.9495413,102.9495413
84.074,24617.9,0.1774786831,156.2556942,1.562556942,103.3109698,103.3109698
84.201,24614.1625,0.1775446229,156.339177,1.56339177,103.3661658,103.3661658
84.328,24601.45,0.1777689813,156.6232254,1.566232254,103.5539689,103.5539689
84.455,24628.25,0.1772961329,156.024577,1.56024577,103.1581629,103.1581629
84.582,24632.525,0.1772207541,155.9291439,1.559291439,103.0950658,103.0950658
84.709,24613.5125,0.1775560917,156.3536971,1.563536971,103.375766,103.375766
84.836,24594.9375,0.1778839631,156.7687976,1.567687976,103.6502164,103.6502164
84.963,24674.2125,0.1764863857,154.9993989,1.549993989,102.4803499,102.4803499
85.09,24623.7,0.177376375,156.1261673,1.561261673,103.2253309,103.2253309
85.217,24626.9875,0.1773183964,156.0527636,1.560527636,103.1767989,103.1767989
85.344,24606.525,0.1776794005,156.5098119,1.565098119,103.4789838,103.4789838
85.471,24696.0125,0.17610285,154.5138248,1.545138248,102.1593047,102.1593047
85.598,24729.7875,0.1755093018,153.7623648,1.537623648,101.6624648,101.6624648
85.725,24651.1125,0.1768931627,155.5143977,1.555143977,102.8208497,102.8208497
85.852,24666.725,0.1766181943,155.1662748,1.551662748,102.5906826,102.5906826
85.979,24660.3375,0.1767306703,155.3086748,1.553086748,102.6848326,102.6848326
86.106,24707.9125,0.1758936317,154.2489445,1.542489445,101.9841749,101.9841749
86.233,24713.7625,0.1757908176,154.118777,1.54118777,101.8981125,101.8981125
86.36,24688.35,0.1762376207,154.6844508,1.546844508,102.2721169,102.2721169
86.487,24713.95,0.1757875226,154.1146054,1.541146054,101.8953544,101.8953544
86.614,24756.7625,0.175035836,153.1629348,1.531629348,101.2661421,101.2661421
86.741,24692.65,0.1761619857,154.5886933,1.545886933,102.2088053,102.2088053
86.868,24717.3875,0.1757271202,154.0381331,1.540381331,101.8447935,101.8447935
86.995,24714.875,0.1757712681,154.0940264,1.540940264,101.8817483,101.8817483
87.122,24701.55,0.1760054806,154.3905505,1.543905505,102.0778,102.0778
87.249,24668.275,0.1765909051,155.1317254,1.551317254,102.5678397,102.5678397
87.376,24673.275,0.1765028871,155.0202905,1.550202905,102.4941627,102.4941627
87.503,24689.325,0.1762204697,154.6627369,1.546627369,102.2577604,102.2577604
87.63,24612.5,0.1775739572,156.3763156,1.563763156,103.3907206,103.3907206
87.757,24684.8125,0.1762998536,154.7632405,1.547632405,102.32421,102.32421
87.884,24688.675,0.1762319036,154.6772127,1.546772127,102.2673313,102.2673313
88.011,24674.25,0.1764857256,154.9985633,1.549985633,102.4797974,102.4797974
88.138,24687.15,0.1762587305,154.7111768,1.547111768,102.2897872,102.2897872
88.265,24692.525,0.1761641842,154.5914767,1.545914767,102.2106456,102.2106456
88.392,24643.575,0.1770259759,155.6825456,1.556825456,102.9320233,102.9320233
88.519,24656.1125,0.1768050834,155.4028852,1.554028852,102.7471214,102.7471214
88.646,24659.9625,0.1767372745,155.317036,1.55317036,102.6903608,102.6903608
88.773,24673.4625,0.1764995867,155.0161121,1.550161121,102.4914001,102.4914001
88.9,24647.3375,0.1769596744,155.5986046,1.555986046,102.8765244,102.8765244
89.027,24614.6,0.1775369037,156.3294041,1.563294041,103.3597043,103.3597043
89.154,24676.2,0.1764514048,154.9551115,1.549551115,102.4510686,102.4510686
89.281,24657.4625,0.176781305,155.3727807,1.553727807,102.7272173,102.7272173
89.408,24688.0625,0.1762426782,154.6908538,1.546908538,102.2763503,102.2763503
89.535,24707.8875,0.1758940711,154.2495008,1.542495008,101.9845427,101.9845427
89.662,24684.5875,0.1763038121,154.7682522,1.547682522,102.3275236,102.3275236
89.789,24667.525,0.1766041093,155.1484426,1.551484426,102.5788925,102.5788925
89.916,24637.65,0.177130405,155.8147576,1.558147576,103.0194374,103.0194374
90.043,24711.425,0.1758318963,154.1707846,1.541707846,101.9324982,101.9324982
90.17,24768.675,0.1748269117,152.8984268,1.528984268,101.0912584,101.0912584
90.297,24715.7375,0.1757561123,154.0748385,1.540748385,101.8690619,101.8690619
90.424,24715.4125,0.1757618231,154.0820686,1.540820686,101.8738422,101.8738422
90.551,24707.525,0.1759004429,154.2575678,1.542575678,101.9898763,101.9898763
90.678,24675.5875,0.1764621848,154.9687594,1.549687594,102.4600921,102.4600921
90.805,24702.4125,0.1759903167,154.3713523,1.543713523,102.0651067,102.0651067
90.932,24668.85,0.1765807821,155.1189092,1.551189092,102.5593661,102.5593661
91.059,24686.6125,0.1762681863,154.7231482,1.547231482,102.2977023,102.2977023
91.186,24642,0.1770537331,155.7176875,1.557176875,102.9552579,102.9552579
91.313,24690.8875,0.1761929857,154.6279407,1.546279407,102.2347543,102.2347543
91.44,24683.2875,0.1763266846,154.7972099,1.547972099,102.3466694,102.3466694
91.567,24702.45,0.1759896574,154.3705176,1.543705176,102.0645549,102.0645549
91.694,24571.5875,0.1782964704,157.2910514,1.572910514,103.9955128,103.9955128
91.821,24694.9,0.1761224145,154.5385943,1.545385943,102.1756815,102.1756815
91.948,24675.4875,0.1764639448,154.9709877,1.549709877,102.4615654,102.4615654
92.075,24702.8125,0.1759832843,154.362449,1.54362449,102.0592202,102.0592202
92.202,24674.5,0.1764813254,154.9929924,1.549929924,102.4761141,102.4761141
92.329,24705.45,0.1759369175,154.3037464,1.543037464,102.020408,102.020408
92.456,24686.75,0.1762657673,154.7200857,1.547200857,102.2956775,102.2956775
92.583,24685.1125,0.1762945755,154.7565583,1.547565583,102.3197919,102.3197919
92.71,24663.5625,0.1766738784,155.2367735,1.552367735,102.6372939,102.6372939
92.837,24659.45,0.1767463004,155.3284632,1.553284632,102.697916,102.697916
92.964,24667.05,0.1766124722,155.1590304,1.551590304,102.5858928,102.5858928
93.091,24671.9625,0.1765259901,155.04954,1.5504954,102.5135015,102.5135015
93.218,24658.35,0.1767656737,155.3529907,1.553529907,102.7141328,102.7141328
93.345,24684.9875,0.1762967747,154.7593425,1.547593425,102.3216327,102.3216327
93.472,24652.2,0.1768740039,155.4901418,1.554901418,102.8048125,102.8048125
93.599,24673.9875,0.176490346,155.0044128,1.550044128,102.4836649,102.4836649
93.726,24647.5875,0.1769552693,155.5930276,1.555930276,102.8728371,102.8728371
93.853,24654.7625,0.176828863,155.4329914,1.554329914,102.7670265,102.7670265
93.98,24673.3875,0.1765009069,155.0177834,1.550177834,102.4925051,102.4925051
94.107,24671.75,0.1765297307,155.0542757,1.550542757,102.5166326,102.5166326
94.234,24683.1875,0.1763284441,154.7994375,1.547994375,102.3481422,102.3481422
94.361,24649.8125,0.1769160662,155.5433947,1.555433947,102.8400215,102.8400215
94.488,24661.875,0.1767035942,155.2743951,1.552743951,102.662168,102.662168
94.615,24638.1125,0.1771222524,155.8044361,1.558044361,103.0126132,103.0126132
94.742,24626.625,0.1773247891,156.0608571,1.560608571,103.1821501,103.1821501
94.869,24651.3375,0.1768891987,155.5093792,1.555093792,102.8175316,102.8175316
94.996,24681.9875,0.1763495583,154.826169,1.54826169,102.3658162,102.3658162
95.123,24668.675,0.176583863,155.1228098,1.551228098,102.561945,102.561945
95.25,24693.125,0.1761536315,154.5781164,1.545781164,102.2018122,102.2018122
95.377,24709.6,0.1758639713,154.211393,1.54211393,101.9593471,101.9593471
95.504,24736.1125,0.1753982389,153.6217539,1.536217539,101.5694977,101.5694977
95.631,24740.3125,0.1753245053,153.5284038,1.535284038,101.5077778,101.5077778
95.758,24712.675,0.1758099286,154.1429724,1.541429724,101.9141097,101.9141097
95.885,24745.9875,0.1752248971,153.4022951,1.534022951,101.424399,101.424399
96.012,24722.05,0.1756452059,153.9344258,1.539344258,101.7762257,101.7762257
96.139,24747.4625,0.1751990115,153.3695227,1.533695227,101.402731,101.402731
96.266,24803.15,0.1742228466,152.133652,1.52133652,100.5856152,100.5856152
96.393,24797.8875,0.1743150009,152.2503237,1.522503237,100.6627545,100.6627545
96.52,24801.2875,0.1742554596,152.1749415,1.521749415,100.6129144,100.6129144
96.647,24827.425,0.1737980077,151.595786,1.51595786,100.2299964,100.2299964
96.774,24789.9125,0.1744546925,152.4271798,1.524271798,100.7796858,100.7796858
96.901,24845.9,0.1734749534,151.186784,1.51186784,99.95957813,99.95957813
97.028,24808.9375,0.1741215213,152.0053694,1.520053694,100.5007991,100.5007991
97.155,24812.1,0.1740661635,151.9352838,1.519352838,100.4544608,100.4544608
97.282,24765.9875,0.174874037,152.9580896,1.529580896,101.1307054,101.1307054
97.409,24780.825,0.1746139256,152.6287764,1.526287764,100.9129746,100.9129746
97.536,24797.7375,0.1743176279,152.2536496,1.522536496,100.6649535,100.6649535
97.663,24802.1375,0.1742405755,152.1560976,1.521560976,100.6004554,100.6004554
97.79,24799.2375,0.1742913585,152.2203913,1.522203913,100.6429642,100.6429642
97.917,24777.1625,0.1746781172,152.710046,1.52710046,100.9667073,100.9667073
98.044,24801.575,0.1742504252,152.1685678,1.521685678,100.6087003,100.6087003
98.171,24808.95,0.1741213025,152.0050924,1.520050924,100.5006159,100.5006159
98.298,24800.55,0.1742683741,152.1912919,1.521912919,100.6237247,100.6237247
98.425,24820.7125,0.1739154422,151.7444635,1.517444635,100.3282969,100.3282969
98.552,24864.6375,0.1731475543,150.7722813,1.507722813,99.68552299,99.68552299
98.679,24840.425,0.1735706643,151.3079586,1.513079586,100.0396946,100.0396946
98.806,24834.2375,0.1736788562,151.4449345,1.514449345,100.1302585,100.1302585
98.933,24830.9875,0.173735695,151.5168952,1.515168952,100.1778365,100.1778365
99.06,24818.675,0.1739510943,151.7896008,1.517896008,100.3581402,100.3581402
99.187,24832.4,0.1737109911,151.4856188,1.514856188,100.1571576,100.1571576
99.314,24794.425,0.1743756452,152.3271022,1.523271022,100.7135179,100.7135179
99.441,24817.4125,0.173973187,151.8175712,1.518175712,100.3766332,100.3766332
99.568,24799.8,0.1742815079,152.2079199,1.522079199,100.6347186,100.6347186
99.695,24809.975,0.1741033597,151.9823759,1.519823759,100.4855965,100.4855965
99.822,24865.475,0.1731329265,150.7537618,1.507537618,99.67327852,99.67327852
99.949,24832.5,0.1737092422,151.4834046,1.514834046,100.1556936,100.1556936
100.076,24823.8875,0.173859892,151.6741343,1.516741343,100.2817976,100.2817976
100.203,24825.525,0.1738312448,151.6378657,1.516378657,100.257818,100.257818
100.33,24840.0875,0.173576565,151.3154291,1.513154291,100.0446339,100.0446339
100.457,24822,0.1738929151,151.7159431,1.517159431,100.3094402,100.3094402
100.584,24843.1375,0.1735232433,151.2479213,1.512479213,100,100
100.711,24841.4375,0.1735529628,151.2855476,1.512855476,100.0248772,100.0248772
100.838,24832.9125,0.1737020281,151.4742712,1.514742712,100.1496549,100.1496549
100.965,24872.4375,0.1730113381,150.5998252,1.505998252,99.57150088,99.57150088
101.092,24869.7125,0.1730589216,150.6600682,1.506600682,99.61133146,99.61133146
101.219,24831.6,0.1737249825,151.5033327,1.515033327,100.1688694,100.1688694
101.346,24848.1875,0.1734349708,151.1361642,1.511361642,99.92611002,99.92611002
101.473,24845.125,0.1734885002,151.2039349,1.512039349,99.97091775,99.97091775
101.6,24904.0375,0.1724599247,149.9041802,1.499041802,99.11156394,99.11156394
101.727,24819.65,0.1739340334,151.7680009,1.517680009,100.3438591,100.3438591
101.854,24889.1875,0.1727189669,150.2296696,1.502296696,99.32676648,99.32676648
101.981,24835.65,0.1736541555,151.4136623,1.514136623,100.1095823,100.1095823
102.108,24846.2625,0.1734686171,151.178762,1.51178762,99.95427423,99.95427423
102.235,24833.325,0.173694814,151.4651379,1.514651379,100.1436163,100.1436163
102.362,24910.7125,0.1723435369,149.760531,1.49760531,99.01658794,99.01658794
102.489,24866.7625,0.1731104399,150.7252927,1.507252927,99.65445573,99.65445573
102.616,24856.2375,0.1732942964,150.9580638,1.509580638,99.80835605,99.80835605
102.743,24844.975,0.1734911223,151.2072545,1.512072545,99.97311255,99.97311255
102.87,24878.8375,0.1728996029,150.4583632,1.504583632,99.47797097,99.47797097
102.997,24832.3125,0.1737125214,151.4875563,1.514875563,100.1584385,100.1584385
103.124,24774.0625,0.1747324574,152.7788433,1.527788433,101.0121938,101.0121938
103.251,24784.2625,0.1745536861,152.5525104,1.525525104,100.8625501,100.8625501
103.378,24822.35,0.1738867914,151.7081903,1.517081903,100.3043143,100.3043143
103.505,24813.8875,0.1740348774,151.8956742,1.518956742,100.4282723,100.4282723
103.632,24824.2375,0.1738537687,151.666382,1.51666382,100.2766721,100.2766721
103.759,24818.2875,0.1739578751,151.7981856,1.517981856,100.3638162,100.3638162
103.886,24794.1125,0.1743811189,152.3340322,1.523340322,100.7180997,100.7180997
104.013,24797.9375,0.1743141253,152.2492151,1.522492151,100.6620215,100.6620215
104.14,24829.1875,0.1737671782,151.5567544,1.515567544,100.20419,100.20419
104.267,24843.425,0.1735182174,151.2415582,1.512415582,99.99579299,99.99579299
104.394,24836.225,0.1736441007,151.4009325,1.514009325,100.1011658,100.1011658
104.521,24853.5375,0.1733414741,151.0177929,1.510177929,99.84784692,99.84784692
104.648,24849.6,0.173410284,151.1049095,1.511049095,99.90544546,99.90544546
104.775,24875.4875,0.1729580857,150.5324052,1.505324052,99.52692503,99.52692503
104.902,24874.875,0.1729687793,150.5459438,1.505459438,99.5358763,99.5358763
105.029,24863.6625,0.1731645843,150.7938421,1.507938421,99.69977827,99.69977827
105.156,24883.825,0.1728125479,150.3481475,1.503481475,99.40510009,99.40510009
105.283,24903.875,0.1724627585,149.9076777,1.499076777,99.1138764,99.1138764
105.41,24944.7,0.1717514011,149.0297,1.490297,98.5333873,98.5333873
105.537,24917.6875,0.1722219514,149.6104667,1.496104667,98.91737055,98.91737055
105.664,24867.225,0.1731023624,150.7150663,1.507150663,99.64769438,99.64769438
105.791,24833.45,0.173692628,151.4623703,1.514623703,100.1417864,100.1417864
105.918,24903.3875,0.17247126,149.9181705,1.499181705,99.12081389,99.12081389
106.045,24877.65,0.1729203328,150.4846083,1.504846083,99.49532333,99.49532333
106.172,24867.5625,0.1730964682,150.7076039,1.507076039,99.64276051,99.64276051
106.299,24869.3,0.1730661251,150.6691881,1.506691881,99.61736124,99.61736124
106.426,24882.7625,0.172831092,150.3716252,1.503716252,99.42062273,99.42062273
106.553,24842.9375,0.1735267396,151.2523477,1.512523477,100.0029266,100.0029266
106.68,24886.4,0.1727676091,150.2912528,1.502912528,99.36748324,99.36748324
106.807,24891.9125,0.1726714207,150.1694738,1.501694738,99.28696706,99.28696706
106.934,24951.3625,0.1716354205,148.8865535,1.488865535,98.43874365,98.43874365
107.061,24906.8125,0.172411535,149.8444562,1.498444562,99.07207644,99.07207644
107.188,24908.5125,0.1723818935,149.8078718,1.498078718,99.04788808,99.04788808
107.315,24897.7375,0.1725698025,150.0408204,1.500408204,99.20190584,99.20190584
107.442,24905.475,0.1724348573,149.8732412,1.498732412,99.09110815,99.09110815
107.569,24902.025,0.1724950216,149.9474977,1.499474977,99.14020401,99.14020401
107.696,24913.2625,0.1722990823,149.7056639,1.497056639,98.9803117,98.9803117
107.823,24895.675,0.1726057805,150.0863702,1.500863702,99.23202181,99.23202181
107.95,24873.425,0.1729940958,150.5779957,1.505779957,99.55706793,99.55706793
108.077,24858.2875,0.1732584798,150.9127182,1.509127182,99.77837511,99.77837511
108.204,24903.0625,0.1724769278,149.9251659,1.499251659,99.12543896,99.12543896
108.331,24933.2375,0.1719510124,149.2760661,1.492760661,98.69627617,98.69627617
108.458,24895.3625,0.1726112319,150.093272,1.50093272,99.23658505,99.23658505
108.585,24869.3875,0.173064597,150.6672535,1.506672535,99.61608219,99.61608219
108.712,24866.4375,0.173116116,150.732479,1.50732479,99.65920702,99.65920702
108.839,24881.325,0.1728561823,150.4033907,1.504033907,99.44162502,99.44162502
108.966,24901.7875,0.1724991636,149.9526099,1.499526099,99.14358405,99.14358405
109.093,24900.15,0.172527723,149.9878588,1.499878588,99.1668894,99.1668894
109.22,24873.775,0.1729879848,150.5702589,1.505702589,99.5519526,99.5519526
109.347,24893.5875,0.1726421976,150.1324759,1.501324759,99.26250536,99.26250536
109.474,24888.275,0.1727348895,150.2498283,1.502498283,99.34009478,99.34009478
109.601,24941.95,0.1717992821,149.0887961,1.490887961,98.57245959,98.57245959
109.728,24975.3875,0.1712174512,148.3706837,1.483706837,98.09766805,98.09766805
109.855,24906.95,0.1724091374,149.841497,1.49841497,99.07011997,99.07011997
109.982,24929.4875,0.172016336,149.3566902,1.493566902,98.74958213,98.74958213
110.109,24892.7875,0.1726561546,150.1501462,1.501501462,99.27418835,99.27418835
110.236,24875.275,0.1729617957,150.5371022,1.505371022,99.53003055,99.53003055
110.363,24941.7875,0.1718021116,149.0922883,1.490922883,98.57476855,98.57476855
110.49,24897.3375,0.1725767798,150.049654,1.50049654,99.20774632,99.20774632
110.617,24897.4875,0.1725741633,150.0463414,1.500463414,99.20555613,99.20555613
110.744,24883.7875,0.1728132024,150.3489761,1.503489761,99.40564793,99.40564793
110.871,24887.6625,0.1727455776,150.26336,1.5026336,99.34904145,99.34904145
110.998,24856.5875,0.1732881812,150.9503216,1.509503216,99.80323718,99.80323718
111.125,24864.7875,0.1731449343,150.7689643,1.507689643,99.68332992,99.68332992
111.252,24924.775,0.1720984398,149.4580251,1.494580251,98.81658133,98.81658133
111.379,24897.9125,0.17256675,150.0369558,1.500369558,99.19935066,99.19935066
111.506,24878.575,0.1729041852,150.4641646,1.504641646,99.48180668,99.48180668
111.633,24881.9875,0.1728446188,150.3887507,1.503887507,99.43194556,99.43194556
111.76,24909.2,0.1723699067,149.7930773,1.497930773,99.03810649,99.03810649
111.887,24881.2875,0.1728568369,150.4042194,1.504042194,99.44217292,99.44217292
112.014,24861.125,0.1732089092,150.8499595,1.508499595,99.73688117,99.73688117
112.141,24844.15,0.1735055436,151.2255127,1.512255127,99.98518422,99.98518422
112.268,24817.975,0.1739633436,151.805109,1.51805109,100.3683936,100.3683936
112.395,24854.65,0.1733220345,150.9931815,1.509931815,99.8315747,99.8315747
112.522,24852.5875,0.1733580748,151.0388102,1.510388102,99.86174288,99.86174288
112.649,24893.125,0.1726502664,150.1426915,1.501426915,99.26925954,99.26925954
112.776,24865.45,0.1731333631,150.7543146,1.507543146,99.67364402,99.67364402
112.903,24850.1375,0.1734008902,151.0930166,1.510930166,99.89758227,99.89758227
113.03,24785.125,0.1745385728,152.5333762,1.525333762,100.8498992,100.8498992
113.157,24784.575,0.1745482102,152.5455776,1.525455776,100.8579664,100.8579664
113.284,24840.3,0.1735728498,151.3107254,1.513107254,100.041524,100.041524
113.411,24762.3125,0.1749384863,153.0396854,1.530396854,101.1846538,101.1846538
113.538,24800.0625,0.174276911,152.2021001,1.522021001,100.6308707,100.6308707
113.665,24775.2875,0.1747109835,152.7516562,1.527516562,100.9942186,100.9942186
113.792,24785.2,0.1745372586,152.5317124,1.525317124,100.8487992,100.8487992
113.919,24866.3,0.1731185174,150.7355193,1.507355193,99.6612172,99.6612172
114.046,24878.0125,0.1729140046,150.4765965,1.504765965,99.49002621,99.49002621
114.173,24836.725,0.1736353576,151.3898633,1.513898633,100.0938473,100.0938473
114.3,24803.8125,0.1742112466,152.1189659,1.521189659,100.5759052,100.5759052
114.427,24837.6375,0.173619402,151.3696627,1.513696627,100.0804913,100.0804913
114.554,24869.65,0.173060013,150.66145,1.5066145,99.61224506,99.61224506
114.681,24819.0375,0.1739447511,151.78157,1.5178157,100.3528305,100.3528305
114.808,24844.2875,0.17350314,151.2224696,1.512224696,99.98317225,99.98317225
114.935,24834.225,0.1736790748,151.4452113,1.514452113,100.1304415,100.1304415
115.062,24771.175,0.1747830789,152.8429324,1.528429324,101.0545673,101.0545673
115.189,24792.0875,0.1744165903,152.3789407,1.523789407,100.7477917,100.7477917
115.316,24827.675,0.1737936346,151.5902494,1.515902494,100.2263358,100.2263358
115.443,24821.6875,0.1738983827,151.7228654,1.517228654,100.314017,100.314017
115.57,24823.625,0.1738644844,151.6799486,1.516799486,100.2856418,100.2856418
115.697,24867.8,0.1730923205,150.7023527,1.507023527,99.63928856,99.63928856
115.824,24817.7,0.1739681559,151.8112016,1.518112016,100.3724219,100.3724219
115.951,24831.6625,0.1737238894,151.5019487,1.515019487,100.1679544,100.1679544
116.078,24796.8375,0.1743333903,152.2736056,1.522736056,100.6781477,100.6781477
116.205,24802.6875,0.1742309449,152.1439048,1.521439048,100.592394,100.592394
116.332,24795.6375,0.1743544078,152.3002146,1.523002146,100.6957407,100.6957407
116.459,24833.5375,0.1736910978,151.460433,1.51460433,100.1405055,100.1405055
116.586,24843.675,0.1735138471,151.2360252,1.512360252,99.99213476,99.99213476
116.713,24860.0625,0.1732274702,150.8734586,1.508734586,99.75241799,99.75241799
116.84,24857.6875,0.1732689624,150.9259897,1.509259897,99.78714976,99.78714976
116.967,24880.2125,0.172875601,150.4279757,1.504279757,99.45787979,99.45787979
117.094,24929.9125,0.1720089321,149.3475522,1.493475522,98.74354038,98.74354038
117.221,24867.125,0.1731041089,150.7172774,1.507172774,99.64915629,99.64915629
117.348,24882,0.1728444006,150.3884745,1.503884745,99.43176293,99.43176293
117.475,24840.45,0.1735702273,151.3074052,1.513074052,100.0393288,100.0393288
117.602,24849.2875,0.1734157456,151.1118241,1.511118241,99.91001717,99.91001717
117.729,24861.6,0.1732006116,150.8394543,1.508394543,99.72993551,99.72993551
117.856,24809.675,0.1741086112,151.9890246,1.519890246,100.4899924,100.4899924
117.983,24874.2375,0.1729799097,150.5600354,1.505600354,99.54519316,99.54519316
118.11,24856.425,0.1732910204,150.9539161,1.509539161,99.80561379,99.80561379
118.237,24806.8875,0.1741574092,152.0508052,1.520508052,100.5308396,100.5308396
118.364,24748.225,0.1751856306,153.3525818,1.533525818,101.3915302,101.3915302
118.491,24804.9,0.1741922058,152.0948593,1.520948593,100.5599667,100.5599667
118.618,24777.5625,0.174671106,152.7011695,1.527011695,100.9608385,100.9608385
118.745,24865.8875,0.1731257219,150.7446405,1.507446405,99.66724781,99.66724781
118.872,24838.775,0.1735995129,151.3444821,1.513444821,100.0638428,100.0638428
118.999,24816.4125,0.1739906869,151.8397269,1.518397269,100.3912819,100.3912819
119.126,24762.8375,0.1749292786,153.0280282,1.530280282,101.1769464,101.1769464
119.253,24786.525,0.1745140422,152.5023192,1.525023192,100.8293654,100.8293654
119.38,24753.625,0.1750908789,153.2326218,1.532326218,101.3122167,101.3122167
119.507,24783.3,0.1745705523,152.5738638,1.525738638,100.8766683,100.8766683
119.634,24832.9875,0.1737007164,151.4726106,1.514726106,100.148557,100.148557
119.761,24835.0375,0.1736648662,151.4272226,1.514272226,100.118548,100.118548
119.888,24852.05,0.1733674676,151.050702,1.51050702,99.8696053,99.8696053
120.015,24887.8,0.1727431782,150.2603222,1.502603222,99.347033,99.347033
120.142,24949.3125,0.1716711036,148.9305945,1.489305945,98.46786208,98.46786208
120.269,24942.325,0.1717927525,149.0807371,1.490807371,98.5671313,98.5671313
120.396,24927.45,0.1720518325,149.4005011,1.494005011,98.7785484,98.7785484
120.523,24945.9375,0.1717298564,149.0031089,1.490031089,98.51580618,98.51580618
120.65,24912.5125,0.1723121567,149.7218007,1.497218007,98.99098079,98.99098079
120.777,24944.9375,0.1717472662,149.0245966,1.490245966,98.53001308,98.53001308
120.904,24902.9625,0.1724786717,149.9273183,1.499273183,99.12686207,99.12686207
121.031,24920.8125,0.1721674887,149.5432473,1.495432473,98.87292732,98.87292732
121.158,24900.475,0.1725220546,149.9808626,1.499808626,99.16226379,99.16226379
121.285,24874.525,0.1729748901,150.5536803,1.505536803,99.54099141,99.54099141
121.412,24888.825,0.1727252923,150.2376777,1.502376777,99.33206123,99.33206123
121.539,24880.3,0.1728740737,150.426042,1.50426042,99.4566013,99.4566013
121.666,24910.2875,0.1723509464,149.769676,1.49769676,99.02263434,99.02263434
121.793,24905.3,0.1724379089,149.8770076,1.498770076,99.09359836,99.09359836
121.92,24901.1875,0.1725096279,149.9655253,1.499655253,99.15212324,99.15212324
122.047,24942.725,0.1717857878,149.0721411,1.490721411,98.56144788,98.56144788
122.174,24960.075,0.1714838004,148.6994195,1.486994195,98.31501701,98.31501701
122.301,24959.5625,0.1714927177,148.7104256,1.487104256,98.32229385,98.32229385
122.428,24962.5625,0.1714405211,148.646003,1.48646003,98.27969982,98.27969982
122.555,24952.1,0.1716225841,148.8707103,1.488707103,98.42826871,98.42826871
122.682,24943.4875,0.1717725116,149.0557552,1.490557552,98.5506141,98.5506141
122.809,24916.775,0.1722378558,149.6300964,1.496300964,98.93034903,98.93034903
122.936,24914.2375,0.1722820862,149.6846868,1.496846868,98.96644235,98.96644235
123.063,24905.7125,0.1724307158,149.8681297,1.498681297,99.08772862,99.08772862
123.19,24927.0375,0.1720590193,149.4093712,1.494093712,98.78441302,98.78441302
123.317,24903.3,0.172472786,149.9200539,1.499200539,99.1220591,99.1220591
123.444,24896.9375,0.1725837573,150.0584878,1.500584878,99.21358689,99.21358689
123.571,24926.825,0.1720627216,149.4139407,1.494139407,98.78743423,98.78743423
123.698,24866.0875,0.1731222288,150.7402181,1.507402181,99.66432387,99.66432387
123.825,24843.6,0.1735151582,151.2376851,1.512376851,99.99323222,99.99323222
123.952,24772.65,0.1747572196,152.8101933,1.528101933,101.0329213,101.0329213
124.079,24856.65,0.1732870892,150.9489391,1.509489391,99.8023231,99.8023231
124.206,24780.675,0.1746165544,152.6321046,1.526321046,100.9151751,100.9151751
124.333,24841.275,0.1735558037,151.2891443,1.512891443,100.0272553,100.0272553
124.46,24842.0125,0.1735429104,151.2728207,1.512728207,100.0164627,100.0164627
124.587,24830.1375,0.1737505618,151.5357172,1.515357172,100.1902809,100.1902809
124.714,24846.1,0.1734714575,151.182358,1.51182358,99.95665183,99.95665183
124.841,24872.2125,0.1730152668,150.6047992,1.506047992,99.57478947,99.57478947
124.968,24885.825,0.1727776436,150.3039569,1.503039569,99.37588278,99.37588278
125.095,24866.3875,0.1731169892,150.7335845,1.507335845,99.659938,99.659938
125.222,24874.3,0.1729788184,150.5586538,1.505586538,99.54427973,99.54427973
125.349,24848.5875,0.1734279797,151.1273131,1.511273131,99.92025799,99.92025799
125.476,24814.9875,0.1740156256,151.8713004,1.518713004,100.4121572,100.4121572
125.603,24798.55,0.1743033985,152.2356344,1.522356344,100.6530425,100.6530425
125.73,24791,0.174435641,152.4030597,1.524030597,100.7637384,100.7637384
125.857,24802.725,0.1742302883,152.1430735,1.521430735,100.5918443,100.5918443
125.984,24759.375,0.1749900087,153.1049153,1.531049153,101.2277816,101.2277816
126.111,24785.7125,0.1745282785,152.5203432,1.525203432,100.8412822,100.8412822
126.238,24818.625,0.1739519693,151.7907085,1.517907085,100.3588726,100.3588726
126.365,24847.8375,0.1734410881,151.143909,1.51143909,99.93123063,99.93123063
126.492,24805.15,0.1741878287,152.0893177,1.520893177,100.5563028,100.5563028
126.619,24778.3,0.1746581795,152.684804,1.52684804,100.9500181,100.9500181
126.746,24805.4,0.1741834517,152.0837762,1.520837762,100.5526389,100.5526389
126.873,24827.0875,0.1738039115,151.6032604,1.516032604,100.2349382,100.2349382
127,24803.15,0.1742228466,152.133652,1.52133652,100.5856152,100.5856152
127.127,24862.95,0.1731770297,150.8095986,1.508095986,99.71019595,99.71019595
127.254,24807.5875,0.1741451545,152.0352901,1.520352901,100.5205816,100.5205816
127.381,24852.7625,0.1733550167,151.0349386,1.510349386,99.85918306,99.85918306
127.508,24858.475,0.173255204,150.9085709,1.509085709,99.77563307,99.77563307
127.635,24882.4625,0.1728363281,150.3782544,1.503782544,99.42500572,99.42500572
127.762,24821.0125,0.1739101931,151.7378179,1.517378179,100.323903,100.323903
127.889,24840.475,0.1735697902,151.3068518,1.513068518,100.0389629,100.0389629
128.016,24838.2375,0.1736089109,151.3563805,1.513563805,100.0717096,100.0717096
128.143,24825.4125,0.1738332129,151.6403573,1.516403573,100.2594654,100.2594654
128.27,24827.5875,0.1737951652,151.5921872,1.515921872,100.227617,100.227617
128.397,24870.4125,0.1730466978,150.6445923,1.506445923,99.60109933,99.60109933
128.524,24898.5125,0.1725562843,150.0237057,1.500237057,99.19059019,99.19059019
128.651,24860.4375,0.1732209191,150.8651647,1.508651647,99.74693433,99.74693433
128.778,24827.1125,0.1738034742,151.6027067,1.516027067,100.2345721,100.2345721
128.905,24825.7625,0.17382709,151.6326055,1.516326055,100.2543402,100.2543402
129.032,24887,0.1727571385,150.2779966,1.502779966,99.35871871,99.35871871
129.159,24775.325,0.1747103261,152.750824,1.52750824,100.9936684,100.9936684
129.286,24806.4375,0.1741652875,152.0607794,1.520607794,100.5374343,100.5374343
129.413,24788.75,0.1744750588,152.4529645,1.524529645,100.7967337,100.7967337
129.54,24638.6125,0.177113439,155.793278,1.55793278,103.0052358,103.0052358
129.667,24772.75,0.1747554665,152.8079738,1.528079738,101.0314539,101.0314539
129.794,24844,0.1735081658,151.2288324,1.512288324,99.98737911,99.98737911
129.921,24799.2625,0.1742909207,152.219837,1.52219837,100.6425978,100.6425978
130.048,24777.4,0.1746739543,152.7047756,1.527047756,100.9632227,100.9632227
130.175,24826.3875,0.1738161566,151.6187633,1.516187633,100.2451882,100.2451882
130.302,24879.6875,0.1728847652,150.439578,1.50439578,99.46555084,99.46555084
130.429,24847.55,0.1734461131,151.1502709,1.511502709,99.93543689,99.93543689
130.556,24871.325,0.1730307638,150.624419,1.50624419,99.58776146,99.58776146
130.683,24844.3625,0.173501829,151.2208098,1.512208098,99.98207481,99.98207481
130.81,24877.75,0.1729185871,150.4823981,1.504823981,99.49386205,99.49386205
130.937,24906.0125,0.1724254846,149.8616732,1.498616732,99.08345977,99.08345977
131.064,24880.475,0.172871019,150.4221747,1.504221747,99.45404433,99.45404433
131.191,24868.725,0.1730761664,150.681901,1.50681901,99.62576656,99.62576656
131.318,24888.4125,0.1727324902,150.2467907,1.502467907,99.33808638,99.33808638
131.445,24845.1375,0.1734882817,151.2036583,1.512036583,99.97073485,99.97073485
131.572,24833.8625,0.1736854141,151.4532372,1.514532372,100.135748,100.135748
131.699,24860.7125,0.1732161151,150.8590826,1.508590826,99.74291304,99.74291304
131.826,24890.075,0.1727034811,150.2100638,1.502100638,99.31380381,99.31380381
131.953,24906.6875,0.1724137146,149.8471463,1.498471463,99.07385506,99.07385506
132.08,24932.1875,0.171969302,149.2986396,1.492986396,98.71120103,98.71120103
132.207,24854.8625,0.1733183214,150.9884806,1.509884806,99.82846661,99.82846661
132.334,24897.175,0.1725796144,150.0532427,1.500532427,99.21011904,99.21011904
132.461,24962.7625,0.1714370415,148.6417084,1.486417084,98.2768604,98.2768604
132.588,24940.8,0.1718193066,149.1135109,1.491135109,98.58880019,98.58880019
132.715,24936.6375,0.1718917943,149.2029773,1.492029773,98.64795236,98.64795236
132.842,24976.125,0.1712046271,148.3548558,1.483548558,98.08720318,98.08720318
132.969,24986.2375,0.1710288226,148.1378729,1.481378729,97.94374143,97.94374143
133.096,24956.7375,0.1715418753,148.7710973,1.487710973,98.36240791,98.36240791
133.223,24969.5375,0.1713191882,148.4962504,1.484962504,98.18068849,98.18068849
133.35,24940.9625,0.171816477,149.1100185,1.491100185,98.58649115,98.58649115
133.477,24936,0.1719028971,149.2166807,1.492166807,98.65701257,98.65701257
133.604,24896.625,0.1725892085,150.0653892,1.500653892,99.2181499,99.2181499
133.731,24936.0625,0.1719018086,149.2153372,1.492153372,98.6561243,98.6561243
133.858,24898.5125,0.1725562843,150.0237057,1.500237057,99.19059019,99.19059019
133.985,24883.65,0.1728156022,150.3520143,1.503520143,99.40765671,99.40765671
134.112,24906.3625,0.1724193816,149.8541407,1.498541407,99.07847952,99.07847952
134.239,24912.05,0.1723202195,149.7317519,1.497317519,98.99756023,98.99756023
134.366,24933.45,0.1719473111,149.2714977,1.492714977,98.69325574,98.69325574
134.493,24979.4,0.1711476838,148.2845749,1.482845749,98.04073578,98.04073578
134.62,24982.5125,0.171093573,148.2177897,1.482177897,97.99657967,97.99657967
134.747,24945.0875,0.1717446547,149.0213734,1.490213734,98.52788201,98.52788201
134.874,24961.725,0.171455092,148.6639869,1.486639869,98.29159014,98.29159014
135.001,24960.575,0.1714751007,148.6886821,1.486886821,98.30791779,98.30791779
135.128,24969.3875,0.1713217971,148.4994705,1.484994705,98.18281747,98.18281747
135.255,24959.475,0.1714942402,148.7123047,1.487123047,98.32353625,98.32353625
135.382,24961.1125,0.1714657487,148.6771396,1.486771396,98.30028629,98.30028629
135.509,24938.1375,0.1718656712,149.1707354,1.491707354,98.62663512,98.62663512
135.636,24949.15,0.1716739322,148.9340857,1.489340857,98.47017035,98.47017035
135.763,24925.4,0.1720875498,149.4445844,1.494445844,98.80769476,98.80769476
135.89,24925.7375,0.1720816693,149.4373265,1.494373265,98.80289611,98.80289611
136.017,24928.6875,0.1720302729,149.3738916,1.493738916,98.76095511,98.76095511
136.144,24924.1875,0.1721086766,149.4706597,1.494706597,98.8249349,98.8249349
136.271,24943.65,0.1717696823,149.0522632,1.490522632,98.54830531,98.54830531
136.398,24935.275,0.1719155241,149.2322653,1.492322653,98.66731662,98.66731662
136.525,24942.0375,0.1717977585,149.0869156,1.490869156,98.57121632,98.57121632
136.652,24931.5,0.1719812778,149.3134204,1.493134204,98.7209736,98.7209736
136.779,24936.1875,0.1718996315,149.2126502,1.492126502,98.65434778,98.65434778
136.906,24936.3375,0.1718970191,149.2094259,1.492094259,98.65221596,98.65221596
137.033,24918.725,0.172203869,149.5881489,1.495881489,98.90261478,98.90261478
137.16,24862.975,0.1731765931,150.8090458,1.508090458,99.70983041,99.70983041
137.287,24938.65,0.1718567462,149.1597199,1.491597199,98.61935203,98.61935203
137.414,24941.125,0.1718136474,149.1065261,1.491065261,98.58418212,98.58418212
137.541,24907.725,0.1723956242,149.8248186,1.498248186,99.05909278,99.05909278
137.668,24911.25,0.1723341662,149.7489654,1.497489654,99.00894117,99.00894117
137.795,24968.675,0.1713341899,148.5147659,1.485147659,98.19293032,98.19293032
137.922,24997.1875,0.1708385385,147.9030189,1.479030189,97.78846389,97.78846389
138.049,24939.125,0.1718484743,149.1495106,1.491495106,98.61260198,98.61260198
138.176,24888.275,0.1727348895,150.2498283,1.502498283,99.34009478,99.34009478
138.303,24903.3625,0.172471696,149.9187086,1.499187086,99.12116967,99.12116967
138.43,24860.0875,0.1732270334,150.8729057,1.508729057,99.75205241,99.75205241
138.557,24883.1,0.1728252014,150.3641675,1.503641675,99.41569194,99.41569194
138.684,24911.55,0.1723289361,149.7425103,1.497425103,99.00467328,99.00467328
138.811,24918.5375,0.1722071369,149.5921822,1.495921822,98.90528144,98.90528144
138.938,24946.5375,0.1717194109,148.9902168,1.489902168,98.50728231,98.50728231
139.065,24990.8875,0.1709480069,148.0381278,1.480381278,97.87779334,97.87779334
139.192,25001.825,0.1707579753,147.8035854,1.478035854,97.72272188,97.72272188
139.319,24999.9125,0.1707911977,147.8445894,1.478445894,97.74983234,97.74983234
139.446,25021.1875,0.170421769,147.3886299,1.473886299,97.44836735,97.44836735
139.573,24975.6625,0.1712126693,148.3647817,1.483647817,98.09376586,98.09376586
139.7,25070.9125,0.1695595452,146.3244486,1.463244486,96.74476671,96.74476671
139.827,25078.3875,0.1694300777,146.1646561,1.461646561,96.63911736,96.63911736
139.954,25119.9375,0.1687111318,145.2773125,1.452773125,96.05243581,96.05243581
140.081,25048.4625,0.1699486128,146.8046469,1.468046469,97.06225759,97.06225759
140.208,25062.9625,0.169697282,146.4944474,1.464944474,96.85716414,96.85716414
140.335,25072.5375,0.1695313968,146.289707,1.46289707,96.72179678,96.72179678
140.462,25006.275,0.1706806834,147.7081896,1.477081896,97.65964936,97.65964936
140.589,25077.825,0.1694398189,146.176679,1.46176679,96.64706646,96.64706646
140.716,25076.2875,0.169466446,146.2095428,1.462095428,96.66879493,96.66879493
140.843,25127.2125,0.1685853738,145.1220983,1.451220983,95.94981343,95.94981343
140.97,25146.35,0.1682547303,144.7140087,1.447140087,95.67999843,95.67999843
141.097,25189.65,0.1675075531,143.7918212,1.437918212,95.07027929,95.07027929
141.224,25218.8875,0.167003762,143.1700277,1.431700277,94.65917054,94.65917054
141.351,25288.1875,0.1658119834,141.6991004,1.416991004,93.68664321,93.68664321
141.478,25277.4375,0.1659966411,141.9270102,1.419270102,93.83732946,93.83732946
141.605,25303.5,0.1655490891,141.3746286,1.413746286,93.47211349,93.47211349
141.732,25357.625,0.1646211113,140.2292919,1.402292919,92.71485566,92.71485566
141.859,25418.425,0.1635810494,138.9456177,1.389456177,91.86613378,91.86613378
141.986,25377.15,0.1642868396,139.8167241,1.398167241,92.44207985,92.44207985
142.113,25511.5875,0.1619922022,136.9846168,1.369846168,90.56958648,90.56958648
142.24,25560.2375,0.1611648015,135.9634151,1.359634151,89.89440251,89.89440251
142.367,25624.2,0.160079371,134.6237456,1.346237456,89.00865845,89.00865845
142.494,25658.55,0.1594975762,133.9056779,1.339056779,88.53389637,88.53389637
142.621,25714.2625,0.1585556133,132.7430803,1.327430803,87.76522625,87.76522625
142.748,25750.2625,0.1579480257,131.9931782,1.319931782,87.26941642,87.26941642
142.875,25784.35,0.1573734986,131.2840804,1.312840804,86.80058498,86.80058498
143.002,25834.725,0.1565258433,130.2378799,1.302378799,86.10887267,86.10887267
143.129,25864.9625,0.1560178333,129.6108793,1.296108793,85.69432112,85.69432112
143.256,25919.8875,0.1550965741,128.4738349,1.284738349,84.94254586,84.94254586
143.383,25969.8125,0.1542608723,127.4423877,1.274423877,84.26058795,84.26058795
143.51,25997.2625,0.153802067,126.876117,1.26876117,83.88618898,83.88618898
143.637,26084.65,0.1523446725,125.077359,1.25077359,82.69691114,82.69691114
143.764,26170.4625,0.1509182885,123.316875,1.23316875,81.53293874,81.53293874
143.891,26213.3125,0.1502077814,122.4399467,1.224399467,80.95314348,80.95314348
144.018,26324.725,0.1483658433,120.1665739,1.201665739,79.45006641,79.45006641
144.145,26433.1,0.1465815874,117.964394,1.17964394,77.99405973,77.99405973
144.272,26518.2375,0.1451850305,116.2407234,1.162407234,76.85442715,76.85442715
144.399,26646.0625,0.1430966441,113.6631771,1.136631771,75.15024087,75.15024087
144.526,26742.75,0.1415236219,111.721708,1.11721708,73.86660728,73.86660728
144.653,26845.5625,0.1398571781,109.6649353,1.096649353,72.50673883,72.50673883
144.78,26944.25,0.1382635869,107.6980793,1.076980793,71.20632036,71.20632036
144.907,26997.375,0.1374081473,106.6422712,1.066422712,70.50825581,70.50825581
145.034,27130.5125,0.1352716886,104.0053926,1.040053926,68.76484103,68.76484103
145.161,27246.525,0.1334185658,101.7182153,1.017182153,67.25263687,67.25263687
145.288,27337.5875,0.1319695002,99.95149752,0.9995149752,66.08454298,66.08454298
145.415,27444.4125,0.130275748,98.5084425,0.985084425,65.1304439,65.1304439
145.542,27560.5875,0.1284412153,96.94544428,0.9694544428,64.09704244,64.09704244
145.669,27687.3875,0.1264477074,95.24700129,0.9524700129,62.97408949,62.97408949
145.796,27840.15,0.1240581155,93.21109979,0.9321109979,61.62802042,61.62802042
145.923,27930.55,0.1226501986,92.01157276,0.9201157276,60.83493379,60.83493379
146.05,28121.0125,0.1196987329,89.4969621,0.894969621,59.17235844,59.17235844
146.177,28226.1,0.1180788105,88.11680914,0.8811680914,58.25984807,58.25984807
146.304,28355.8625,0.1160868246,86.41966283,0.8641966283,57.13775245,57.13775245
146.431,28474.1625,0.1142787271,84.87918715,0.8487918715,56.11924213,56.11924213
146.558,28614.675,0.1121408687,83.05775934,0.8305775934,54.91497579,54.91497579
146.685,28751.8625,0.1100637035,81.28804139,0.8128804139,53.74489826,53.74489826
146.812,28919.925,0.107532524,79.13150913,0.7913150913,52.3190722,52.3190722
146.939,29026.675,0.105932396,77.76822073,0.7776822073,51.41771211,51.41771211
147.066,29215.65,0.1031141333,75.36709723,0.7536709723,49.83017063,49.83017063
147.193,29317.1,0.101608678,74.08446874,0.7408446874,48.98214014,48.98214014
147.32,29499.725,0.09891171889,71.78669442,0.7178669442,47.46292962,47.46292962
147.447,29607.4875,0.09732813174,70.43749861,0.7043749861,46.57088708,46.57088708
147.574,29707.875,0.09585809845,69.18504921,0.6918504921,45.74280998,45.74280998
147.701,29895.8875,0.09311823577,66.85072157,0.6685072157,44.19943165,44.19943165
147.828,30041.725,0.09100482004,65.05011865,0.6505011865,43.00893401,43.00893401
147.955,30156.1125,0.08935433152,63.64392373,0.6364392373,42.07920558,42.07920558
148.082,30263.775,0.08780658686,62.32526525,0.6232526525,41.20735329,41.20735329
148.209,30447.675,0.08517555105,60.08365669,0.6008365669,39.72527767,39.72527767
148.336,30564.3,0.08351523255,58.66908675,0.5866908675,38.79001196,38.79001196
148.463,30634.225,0.08252278853,57.82353726,0.5782353726,38.2309633,38.2309633
148.59,30848.2125,0.07949968244,55.24788988,0.5524788988,36.52803253,36.52803253
148.717,30940.5875,0.07820113051,54.1415404,0.541415404,35.79655175,35.79655175
148.844,31067.0625,0.07642949521,52.63212999,0.5263212999,34.79858073,34.79858073
148.971,31204.45,0.0745131541,50.99943208,0.5099943208,33.71909621,33.71909621
149.098,31355.4375,0.07241682151,49.37055407,0.4937055407,32.64213727,32.64213727
149.225,31477.7125,0.07072652189,48.2181833,0.482181833,31.88022876,31.88022876
149.352,31612.8875,0.06886552052,46.9494357,0.469494357,31.04137585,31.04137585
149.479,31793.2625,0.06639459054,45.26486601,0.4526486601,29.92759546,29.92759546
149.606,31875.9375,0.06526671972,44.49593407,0.4449593407,29.41920371,29.41920371
149.733,32015.1875,0.06337363669,43.20531462,0.4320531462,28.56588987,28.56588987
149.86,32154.1625,0.06149248408,41.9228288,0.419228288,27.71795371,27.71795371
149.987,32227.2625,0.0605062698,41.25047196,0.4125047196,27.27341415,27.27341415
150.114,32348.425,0.05887654602,40.13939908,0.4013939908,26.53881042,26.53881042
150.241,32467.675,0.05727849629,39.04992016,0.3904992016,25.81848388,25.81848388
150.368,32602.075,0.05548444418,37.82681557,0.3782681557,25.00980857,25.00980857
150.495,32703.725,0.05413246411,36.90509596,0.3690509596,24.4003988,24.4003988
150.622,32846.2875,0.05224339644,35.617214,0.35617214,23.54889489,23.54889489
150.749,32953.6125,0.05082665579,34.65134351,0.3465134351,22.91029406,22.91029406
150.876,33075.025,0.04922950522,33.56247759,0.3356247759,22.19037281,22.19037281
151.003,33108.2375,0.04879362442,33.26531353,0.3326531353,21.993898,21.993898
151.13,33202.175,0.04756315205,32.42643244,0.3242643244,21.43925825,21.43925825
151.257,33317.9375,0.04605157716,31.3959082,0.313959082,20.75791055,20.75791055
151.384,33400.7625,0.04497330499,30.6607904,0.306607904,20.27187557,20.27187557
151.511,33520.025,0.04342535248,29.60546552,0.2960546552,19.57413053,19.57413053
151.638,33531.7875,0.04327298109,29.50158552,0.2950158552,19.50544859,19.50544859
151.765,33667.225,0.04152236493,28.30809362,0.2830809362,18.71635219,18.71635219
151.892,33733.0375,0.04067423723,27.72987804,0.2772987804,18.33405564,18.33405564
152.019,33829.6125,0.03943266313,26.88342828,0.2688342828,17.77441175,17.77441175
152.146,33942.025,0.03799193734,25.90120579,0.2590120579,17.12499952,17.12499952
152.273,34010.625,0.03711507347,25.30339918,0.2530339918,16.72975005,16.72975005
152.4,34107.2875,0.03588250433,24.4630886,0.244630886,16.17416517,16.17416517
152.527,34169.3375,0.03509312788,23.92492699,0.2392492699,15.81835095,15.81835095
152.654,34212.825,0.03454075038,23.54834069,0.2354834069,15.56936485,15.56936485
152.781,34256.025,0.03399271944,23.17471767,0.2317471767,15.32233797,15.32233797
152.908,34340.625,0.03292149128,22.44440216,0.2244440216,14.83947811,14.83947811
153.035,34356.1875,0.03272472209,22.31025372,0.2231025372,14.7507837,14.7507837
153.162,34377.2875,0.03245808014,22.12846915,0.2212846915,14.63059391,14.63059391
153.289,34474.7875,0.03122808844,21.28991575,0.2128991575,14.07617082,14.07617082
153.416,34443.2625,0.03162540481,21.5607883,0.215607883,14.25526257,14.25526257
153.543,34555,0.03021878904,20.6018205,0.206018205,13.62122556,13.62122556
153.67,34612.4625,0.02949718811,20.10986523,0.2010986523,13.2959614,13.2959614
153.797,34620.4625,0.02939682096,20.04143938,0.2004143938,13.25072055,13.25072055
153.924,34706.175,0.02832293403,19.30931125,0.1930931125,12.76666224,12.76666224
154.051,34703.175,0.02836047605,19.33490572,0.1933490572,12.78358443,12.78358443
154.178,34777.35,0.02743320023,18.70273048,0.1870273048,12.36561159,12.36561159
154.305,34806.8,0.02706558854,18.45210926,0.1845210926,12.19990933,12.19990933
154.432,34842.4,0.02662162408,18.14943412,0.1814943412,11.99979079,11.99979079
154.559,34876.5375,0.02619632417,17.85948364,0.1785948364,11.80808535,11.80808535
154.686,34905.9125,0.02583069065,17.61021104,0.1761021104,11.64327476,11.64327476
154.813,34960.6,0.02515080888,17.14669801,0.1714669801,11.33681565,11.33681565
154.94,34975.5875,0.02496466808,17.01979554,0.1701979554,11.25291204,11.25291204
155.067,35004.8,0.02460208569,16.77260306,0.1677260306,11.08947675,11.08947675
155.194,35043.9375,0.02411678923,16.44174961,0.1644174961,10.87072766,10.87072766
155.321,35017.9125,0.02443943314,16.66171381,0.1666171381,11.01616054,11.01616054
155.448,35004.525,0.02460549755,16.77492911,0.1677492911,11.09101465,11.09101465
155.575,35135.7,0.02298107604,15.66747109,0.1566747109,10.35880094,10.35880094
155.702,35122.1375,0.02314874755,15.78178204,0.1578178204,10.43437946,10.43437946
155.829,35130.3125,0.02304767329,15.71287412,0.1571287412,10.38881988,10.38881988
155.956,35124.95,0.02311397164,15.75807337,0.1575807337,10.4187041,10.4187041
156.083,35182.125,0.02240761904,15.27651372,0.1527651372,10.10031318,10.10031318
156.21,35153.9,0.02275617336,15.51414249,0.1551414249,10.25742526,10.25742526
156.337,35245.8625,0.02162154371,14.74060267,0.1474060267,9.745986953,9.745986953
156.464,35275.1875,0.02126035548,14.49436067,0.1449436067,9.583180089,9.583180089
156.591,35317.4375,0.02074050106,14.13994715,0.1413994715,9.348853879,9.348853879
156.718,35339.7625,0.02046605983,13.95284538,0.1395284538,9.225148526,9.225148526
156.845,35322.0125,0.02068424645,14.10159527,0.1410159527,9.323496917,9.323496917
156.972,35393.5125,0.01980602159,13.50286079,0.1350286079,8.927633969,8.927633969
157.099,35442.8375,0.01920120277,13.09052234,0.1309052234,8.655009757,8.655009757
157.226,35434.75,0.01930031328,13.15809145,0.1315809145,8.699684164,8.699684164
157.353,35448.1875,0.01913565215,13.04583285,0.1304583285,8.625462582,8.625462582
157.48,35481.5625,0.01872694975,12.76719782,0.1276719782,8.441238537,8.441238537
157.607,35464.4125,0.01893691658,12.91034382,0.1291034382,8.535881823,8.535881823
157.734,35477.9,0.01877178108,12.79776181,0.1279776181,8.461446417,8.461446417
157.861,35557.025,0.01780426925,12.13815547,0.1213815547,8.025337054,8.025337054
157.988,35504.8375,0.01844215705,12.57303887,0.1257303887,8.312867223,8.312867223
158.115,35517.2,0.01829096551,12.46996323,0.1246996323,8.244717104,8.244717104
158.242,35501.0125,0.01848894689,12.6049381,0.126049381,8.333957911,8.333957911
158.369,35535.2375,0.01807046394,12.31963512,0.1231963512,8.145325247,8.145325247
158.496,35565.125,0.0177053469,12.07071462,0.1207071462,7.980747454,7.980747454
158.623,35555.7875,0.01781938438,12.14846028,0.1214846028,8.032150249,8.032150249
158.75,35645.4875,0.01672512769,11.40244495,0.1140244495,7.538910194,7.538910194
158.877,35654.5,0.01661533583,11.32759377,0.1132759377,7.489421128,7.489421128
159.004,35690.7,0.0161746205,11.02713375,0.1102713375,7.290767142,7.290767142
159.131,35623.4875,0.01699325218,11.58524026,0.1158524026,7.659768254,7.659768254
159.258,35648.6875,0.01668614155,11.37586595,0.1137586595,7.521337054,7.521337054
159.385,35690.85,0.01617279527,11.02588938,0.1102588938,7.28994441,7.28994441
159.512,35649.65,0.01667441593,11.36787194,0.1136787194,7.516051692,7.516051692
159.639,35635.075,0.01685200916,11.48894707,0.1148894707,7.596102464,7.596102464
159.766,35652.2,0.0166433522,11.34669408,0.1134669408,7.502049603,7.502049603
159.893,35673.7125,0.01638137839,11.16809204,0.1116809204,7.383963989,7.383963989
160.02,35648.7625,0.01668522785,11.37524303,0.1137524303,7.520925203,7.520925203
160.147,35733.475,0.01565443392,10.67249377,0.1067249377,7.056291209,7.056291209
160.274,35705.0375,0.0160001928,10.90821673,0.1090821673,7.212143241,7.212143241
160.401,35734.825,0.01563802672,10.66130807,0.1066130807,7.048895604,7.048895604
160.528,35743.4375,0.01553336941,10.58995739,0.1058995739,7.001720954,7.001720954
160.655,35738.5125,0.0155932139,10.63075669,0.1063075669,7.028696067,7.028696067
160.782,35825.0625,0.01454272961,9.914583427,0.09914583427,6.555186574,6.555186574
160.909,35788.475,0.01498649349,10.21712182,0.1021712182,6.755214706,6.755214706
161.036,35869.2375,0.0140075417,9.549716219,0.09549716219,6.31394874,6.31394874
161.163,35841.75,0.01434048008,9.776698737,0.09776698737,6.464021889,6.464021889
161.29,35793.65,0.01492369921,10.17431149,0.1017431149,6.726909964,6.726909964
161.417,35821.425,0.01458682796,9.944647717,0.09944647717,6.575064063,6.575064063
161.544,35797.9,0.01487213582,10.13915787,0.1013915787,6.703667584,6.703667584
161.671,35839.125,0.01437228837,9.798384208,0.09798384208,6.478359588,6.478359588
161.798,35854.2875,0.01418858976,9.6731467,0.096731467,6.395556792,6.395556792
161.925,35824.8,0.01454591181,9.916752913,0.09916752913,6.556620964,6.556620964
162.052,35891.025,0.01374382496,9.369925924,0.09369925924,6.19507749,6.19507749
162.179,35904.275,0.01358352472,9.26064038,0.0926064038,6.122821592,6.122821592
162.306,35920.35,0.01338912665,9.128108466,0.09128108466,6.035195982,6.035195982
162.433,35932.0625,0.01324753992,9.031580956,0.09031580956,5.971375264,5.971375264
162.56,35893.775,0.01371055023,9.347240701,0.09347240701,6.18007879,6.18007879
162.687,35941.825,0.01312956106,8.951148235,0.08951148235,5.918195874,5.918195874
162.814,35928.05,0.01329603989,9.064646069,0.09064646069,5.993236795,5.993236795
162.941,35859.4375,0.01412621351,9.63062136,0.0963062136,6.367440478,6.367440478
163.068,35925.9125,0.01332187853,9.082261702,0.09082261702,6.004883655,6.004883655
163.195,35870.4875,0.01399240732,9.539398275,0.09539398275,6.307126866,6.307126866
163.322,35950.4625,0.01302520442,8.880002543,0.08880002543,5.871156753,5.871156753
163.449,35907.4625,0.01354497075,9.234356008,0.09234356008,6.105443256,6.105443256
163.576,35952.9125,0.01299560855,8.8598254,0.088598254,5.85781631,5.85781631
163.703,35957,0.01294623625,8.826165575,0.08826165575,5.835561575,5.835561575
163.83,35965.7875,0.01284011237,8.753815052,0.08753815052,5.78772586,5.78772586
163.957,35952.8625,0.01299621253,8.860237165,0.08860237165,5.858088555,5.858088555
164.084,35908.9125,0.01352743361,9.222399968,0.09222399968,6.097538327,6.097538327
164.211,35942.125,0.01312593609,8.948676897,0.08948676897,5.916561909,5.916561909
164.338,35940.1125,0.01315025413,8.965255852,0.08965255852,5.927523352,5.927523352
164.465,35892.6875,0.01372370857,9.356211468,0.09356211468,6.186009957,6.186009957
164.592,35905.7625,0.01356553244,9.24837405,0.0924837405,6.11471151,6.11471151
164.719,35924.6375,0.01333729179,9.092769771,0.09092769771,6.011831234,6.011831234
164.846,35958.275,0.01293083687,8.815666963,0.08815666963,5.828620248,5.828620248
164.973,35900.125,0.0136337256,9.294865099,0.09294865099,6.145449817,6.145449817
165.1,35902.1125,0.01360968288,9.278473852,0.09278473852,6.134612479,6.134612479
165.227,35913.8875,0.01346726845,9.181382051,0.09181382051,6.070418671,6.070418671
165.354,35857.45,0.01415028484,9.647032114,0.09647032114,6.378290713,6.378290713
165.481,35841.975,0.01433775377,9.774840056,0.09774840056,6.462792993,6.462792993
165.608,35836.0625,0.01440940099,9.823685932,0.09823685932,6.49508823,6.49508823
165.735,35835.075,0.01442136859,9.831844908,0.09831844908,6.500482669,6.500482669
165.862,35887.0875,0.01379147276,9.402410065,0.09402410065,6.216554903,6.216554903
165.989,35887.825,0.01378254785,9.396325463,0.09396325463,6.21253197,6.21253197
166.116,35905.3125,0.0135709754,9.252084819,0.09252084819,6.117164945,6.117164945
166.243,35887.2625,0.01378935496,9.40096625,0.0940096625,6.215600302,6.215600302
166.37,35915.1625,0.01345185058,9.170870836,0.09170870836,6.063469012,6.063469012
166.497,35896.8375,0.01367349728,9.321979658,0.09321979658,6.163377044,6.163377044
166.624,35856.575,0.0141608827,9.654257263,0.09654257263,6.383067736,6.383067736
166.751,35878.7,0.01389298756,9.471618325,0.09471618325,6.262313059,6.262313059
166.878,35937.7125,0.01317925631,8.985028242,0.08985028242,5.940596186,5.940596186
167.005,35882.2875,0.01384956476,9.4420146,0.094420146,6.24274008,6.24274008
167.132,35817.5375,0.01463396208,9.976781656,0.09976781656,6.596309935,6.596309935
167.259,35866.225,0.01404401772,9.574583941,0.09574583941,6.330390435,6.330390435
167.386,35840.9125,0.01435062819,9.783617262,0.09783617262,6.468596184,6.468596184
167.513,35827.7875,0.01450969666,9.892063038,0.09892063038,6.540296856,6.540296856
167.64,35892.9625,0.01372038113,9.353942973,0.09353942973,6.184510104,6.184510104
167.767,35853.425,0.01419903714,9.68026926,0.0968026926,6.400265987,6.400265987
167.894,35872.7625,0.0139648641,9.52062054,0.0952062054,6.294711664,6.294711664
168.021,35911.775,0.01349281495,9.198798512,0.09198798512,6.081933845,6.081933845
168.148,35836.3875,0.01440546236,9.821000748,0.09821000748,6.493312878,6.493312878
168.275,35876.675,0.01391749991,9.488329748,0.09488329748,6.273362086,6.273362086
168.402,35904.1125,0.0135854903,9.261980431,0.09261980431,6.123707588,6.123707588
168.529,35848.2875,0.01426127242,9.72269849,0.0972269849,6.428318756,6.428318756
168.656,35931.8375,0.0132502594,9.033434977,0.09033434977,5.972601079,5.972601079
168.783,35881.475,0.01385939881,9.448719017,0.09448719017,6.247172813,6.247172813
168.91,35921.3875,0.01337658296,9.119556733,0.09119556733,6.029541866,6.029541866
169.037,35961.75,0.01288886877,8.787054989,0.08787054989,5.80970298,5.80970298
169.164,35918.3,0.01341391286,9.145006592,0.09145006592,6.04636845,6.04636845
169.291,35833.1375,0.01444485029,9.847853679,0.09847853679,6.511067125,6.511067125
169.418,36169.25,0.01039018295,7.083562609,0.07083562609,4.683411548,4.683411548
169.545,35999.575,0.01243231269,8.475795446,0.08475795446,5.603908719,5.603908719
169.672,35897.6,0.01366427235,9.315690509,0.09315690509,6.159218872,6.159218872
169.799,35977.4,0.01269991161,8.658232437,0.08658232437,5.724529875,5.724529875
169.926,35935.6375,0.01320433267,9.002124185,0.09002124185,5.951899444,5.951899444
170.053,36019.5875,0.01219095141,8.311246109,0.08311246109,5.495114273,5.495114273
170.18,35868.1,0.01402131444,9.55910586,0.0955910586,6.320156853,6.320156853
170.307,35919.8,0.01339577647,9.132642015,0.09132642015,6.038193411,6.038193411
170.434,35847.375,0.01427232731,9.730235218,0.09730235218,6.433301785,6.433301785
170.561,35904.2,0.01358443191,9.261258864,0.09261258864,6.123230513,6.123230513
170.688,35898.9125,0.01364839382,9.304865237,0.09304865237,6.152061569,6.152061569
170.815,35783.7125,0.01504429045,10.25652521,0.1025652521,6.78126689,6.78126689
170.942,35697.7625,0.01608869052,10.96855052,0.1096855052,7.252033898,7.252033898
171.069,35801.8125,0.01482467258,10.10679955,0.1010679955,6.682273362,6.682273362
171.196,35861.35,0.0141030518,9.614830738,0.09614830738,6.357000254,6.357000254
171.323,35886.2625,0.01380145677,9.409216717,0.09409216717,6.221055231,6.221055231
171.45,35957.45,0.01294080112,8.82246014,0.0882246014,5.833111667,5.833111667
171.577,35860.8625,0.01410895565,9.618855718,0.09618855718,6.359661434,6.359661434
171.704,35806.225,0.01477114997,10.07031023,0.1007031023,6.658147858,6.658147858
171.831,35860.4625,0.01411379989,9.622158307,0.09622158307,6.361844994,6.361844994
171.958,35970.4625,0.01278366443,8.715331365,0.08715331365,5.762281751,5.762281751
172.085,35895.4875,0.01368983044,9.333114873,0.09333114873,6.170739271,6.170739271
172.212,35943.875,0.01310479107,8.934261169,0.08934261169,5.907030718,5.907030718
172.339,35882.7,0.01384457218,9.438610877,0.09438610877,6.240489654,6.240489654
172.466,35868.275,0.01401919553,9.55766128,0.0955766128,6.319201746,6.319201746
172.593,35884.3125,0.01382505625,9.425305791,0.09425305791,6.231692781,6.231692781
