x_mm,intensity,net_od,dose_cgy,dose_gy,normalized_percent,smoothed_percent
0,34175.125,0.03501957461,23.87478166,0.2387478166,14.37524026,14.37524026
0.127,33791.3,0.03992478631,27.21893588,0.2721893588,16.38878832,16.38878832
0.254,33959.2125,0.03777207576,25.75131399,0.2575131399,15.50511879,15.50511879
0.381,34128.025,0.0356185301,24.28312276,0.2428312276,14.62110644,14.62110644
0.508,34129.5625,0.03559896516,24.26978425,0.2426978425,14.6130752,14.6130752
0.635,34068.75,0.03637348697,24.79781863,0.2479781863,14.93100987,14.93100987
0.762,33979.2,0.03751653664,25.57709883,0.2557709883,15.40022213,15.40022213
0.889,34061.1125,0.03647085761,24.86420158,0.2486420158,14.9709797,14.9709797
1.016,34076.3375,0.03627677539,24.73188499,0.2473188499,14.89131059,14.89131059
1.143,34020.0875,0.03699426005,25.22103398,0.2522103398,15.18583199,15.18583199
1.27,34043.6375,0.03669372888,25.01614526,0.2501614526,15.06246648,15.06246648
1.397,34071.35,0.0363403445,24.77522357,0.2477522357,14.91740517,14.91740517
1.524,34135.1875,0.03552739363,24.22098998,0.2422098998,14.58369569,14.58369569
1.651,34094.575,0.03604440515,24.57346534,0.2457346534,14.79592456,14.79592456
1.778,34058.8,0.03650034402,24.8843041,0.248843041,14.98308362,14.98308362
1.905,34050.6,0.03660491739,24.95559755,0.2495559755,15.02601011,15.02601011
2.032,33991.2375,0.03736271035,25.47222694,0.2547222694,15.33707774,15.33707774
2.159,34034.05,0.03681605379,25.09954091,0.2509954091,15.11267982,15.11267982
2.286,33989.4625,0.03738538952,25.48768858,0.2548768858,15.34638734,15.34638734
2.413,34064.975,0.03642161179,24.83062798,0.2483062798,14.95076471,14.95076471
2.54,33999.3375,0.03725923174,25.40167984,0.2540167984,15.29460064,15.29460064
2.667,34032.1125,0.03684077813,25.11639687,0.2511639687,15.12282896,15.12282896
2.794,33990.3,0.03737468864,25.4803932,0.254803932,15.34199472,15.34199472
2.921,34000,0.0372507693,25.39591053,0.2539591053,15.29112688,15.29112688
3.048,33993.9125,0.03732853413,25.44892712,0.2544892712,15.32304869,15.32304869
3.175,34127.4125,0.03562632451,24.28843663,0.2428843663,14.62430598,14.62430598
3.302,34031.6875,0.03684620172,25.12009443,0.2512009443,15.1250553,15.1250553
3.429,34020.1,0.03699410048,25.2209252,0.252209252,15.18576649,15.18576649
3.556,34023.4625,0.03695117753,25.19166225,0.2519166225,15.16814698,15.16814698
3.683,34072.075,0.0363311033,24.76892333,0.2476892333,14.91361173,14.91361173
3.81,34063.375,0.03644201067,24.84453503,0.2484453503,14.95913828,14.95913828
3.937,34088.8125,0.0361178137,24.62351201,0.2462351201,14.82605815,14.82605815
4.064,34082.575,0.03619728728,24.67769355,0.2467769355,14.85868138,14.85868138
4.191,34067.55,0.03638878435,24.8082477,0.248082477,14.93728932,14.93728932
4.318,34123.825,0.03567198028,24.3195627,0.243195627,14.64304729,14.64304729
4.445,34125.3875,0.03565209477,24.30600565,0.2430600565,14.63488445,14.63488445
4.572,34059.4,0.0364926933,24.87908818,0.2487908818,14.97994307,14.97994307
4.699,34030.2,0.03686518483,25.13303626,0.2513303626,15.1328477,15.1328477
4.826,34100.6,0.03596766587,24.52114793,0.2452114793,14.76442373,14.76442373
4.953,34075.4375,0.03628824582,24.73970502,0.2473970502,14.8960191,14.8960191
5.08,34078.2625,0.03625224244,24.71515952,0.2471515952,14.88124001,14.88124001
5.207,34126.125,0.03564270913,24.29960694,0.2429960694,14.63103173,14.63103173
5.334,34111.8875,0.03582393562,24.42315906,0.2442315906,14.70542367,14.70542367
5.461,34126.775,0.0356344372,24.29396751,0.2429396751,14.62763617,14.62763617
5.588,34181.3,0.03494111034,23.82128822,0.2382128822,14.34303134,14.34303134
5.715,34207.6375,0.03460660503,23.59323744,0.2359323744,14.20571973,14.20571973
5.842,34228.3125,0.03434419795,23.41434002,0.2341434002,14.09800383,14.09800383
5.969,34231.825,0.03429963306,23.38395767,0.2338395767,14.07971032,14.07971032
6.096,34150.3875,0.03533405041,24.08917721,0.2408917721,14.50432993,14.50432993
6.223,34215.6,0.03450552621,23.52432642,0.2352432642,14.16422772,14.16422772
6.35,34189,0.03484328811,23.7545974,0.237545974,14.30287614,14.30287614
6.477,34151.1375,0.03532451268,24.08267481,0.2408267481,14.50041477,14.50041477
6.604,34192.675,0.034796608,23.72277298,0.2372277298,14.28371434,14.28371434
6.731,34225.2875,0.03438258135,23.44050811,0.2344050811,14.11375989,14.11375989
6.858,34186.925,0.03486964713,23.7725678,0.237725678,14.31369629,14.31369629
6.985,34253.2625,0.03402774356,23.19859555,0.2319859555,13.96810197,13.96810197
7.112,34261.675,0.03392109521,23.12588747,0.2312588747,13.92432372,13.92432372
7.239,34311.725,0.03328713386,22.69368094,0.2269368094,13.66408793,13.66408793
7.366,34356.45,0.03272140386,22.3079915,0.223079915,13.43186053,13.43186053
7.493,34391.6875,0.03227620043,22.00447169,0.2200447169,13.24910828,13.24910828
7.62,33783.6375,0.0400232779,27.28608305,0.2728608305,16.42921829,16.42921829
7.747,34324.2125,0.03312910433,22.58594347,0.2258594347,13.59921814,13.59921814
7.874,34323.0625,0.0331436552,22.5958636,0.225958636,13.60519115,13.60519115
8.001,34324.65,0.0331235688,22.58216959,0.2258216959,13.59694585,13.59694585
8.128,34347.9125,0.03282933846,22.38157649,0.2238157649,13.47616678,13.47616678
8.255,34330.725,0.03304671134,22.52977161,0.2252977161,13.56539651,13.56539651
8.382,34328.3375,0.03307691502,22.55036313,0.2255036313,13.57779487,13.57779487
8.509,34370.7375,0.03254083536,22.18488796,0.2218488796,13.35773868,13.35773868
8.636,34367.5625,0.0325809552,22.21223988,0.2221223988,13.37420754,13.37420754
8.763,34385.45,0.03235497404,22.05817602,0.2205817602,13.28144418,13.28144418
8.89,34361.55,0.03265694034,22.26404315,0.2226404315,13.4053988,13.4053988
9.017,34423.125,0.03187939244,21.73394573,0.2173394573,13.08622194,13.08622194
9.144,34355.4125,0.03273451893,22.31693277,0.2231693277,13.43724416,13.43724416
9.271,34463.4,0.03137156563,21.38773209,0.2138773209,12.87776331,12.87776331
9.398,34380.5875,0.03241639265,22.10004848,0.2210004848,13.306656,13.306656
9.525,34454.2875,0.03148641302,21.46602991,0.2146602991,12.9249072,12.9249072
9.652,34409.2625,0.03205432193,21.85320484,0.2185320484,13.15802902,13.15802902
9.779,34457.3375,0.03144796963,21.43982093,0.2143982093,12.90912652,12.90912652
9.906,34444.275,0.0316126384,21.55208474,0.2155208474,12.97672166,12.97672166
10.033,34405.2125,0.03210544178,21.88805607,0.2188805607,13.17901329,13.17901329
10.16,34427.2125,0.03182782614,21.69879012,0.2169879012,13.06505441,13.06505441
10.287,34457.375,0.03144749699,21.4394987,0.214394987,12.9089325,12.9089325
10.414,34328.8,0.03307106388,22.54637408,0.2254637408,13.57539302,13.57539302
10.541,34512.0125,0.03075940128,20.97038578,0.2097038578,12.62647501,12.62647501
10.668,34533.5375,0.03048861804,20.78577786,0.2078577786,12.51532077,12.51532077
10.795,34475.1375,0.03122367936,21.28690984,0.2128690984,12.81705725,12.81705725
10.922,34475.4375,0.03121990018,21.28433336,0.2128433336,12.81550593,12.81550593
11.049,34519.3875,0.0306666052,20.90712156,0.2090712156,12.588383,12.588383
11.176,34495.1125,0.03097212068,21.11540837,0.2111540837,12.71379453,12.71379453
11.303,34521.85,0.03063562516,20.88600075,0.2088600075,12.57566595,12.57566595
11.43,34551.55,0.03026215152,20.63138311,0.2063138311,12.42235817,12.42235817
11.557,34513.2375,0.03074398632,20.95987655,0.2095987655,12.6201473,12.6201473
11.684,34508.7125,0.03080093002,20.99869822,0.2099869822,12.64352221,12.64352221
11.811,34538.425,0.03042715709,20.74387653,0.2074387653,12.49009157,12.49009157
11.938,34566.1,0.03007930431,20.50672605,0.2050672605,12.34730093,12.34730093
12.065,34588.6125,0.02979654542,20.31395367,0.2031395367,12.23123079,12.23123079
12.192,34565.1875,0.03009076927,20.51454235,0.2051454235,12.3520072,12.3520072
12.319,34559.325,0.03016443493,20.5647643,0.205647643,12.38224634,12.38224634
12.446,34632.125,0.02925054601,19.94171566,0.1994171566,12.00710263,12.00710263
12.573,34558.65,0.03017291749,20.57054733,0.2057054733,12.38572836,12.38572836
12.7,34638.3375,0.02917264687,19.88860751,0.1988860751,11.9751257,11.9751257
12.827,34647.825,0.02905370916,19.80752109,0.1980752109,11.92630277,11.92630277
12.954,34621,0.02939007837,20.03684259,0.2003684259,12.06437949,12.06437949
13.081,34626.475,0.02932140403,19.99002349,0.1999002349,12.03618926,12.03618926
13.208,34662.5875,0.02886870745,19.68139518,0.1968139518,11.85036112,11.85036112
13.335,34657.975,0.02892650223,19.72079708,0.1972079708,11.87408539,11.87408539
13.462,34619.1,0.0294139131,20.05309204,0.2005309204,12.07416345,12.07416345
13.589,34910.275,0.02577641643,17.5732093,0.175732093,10.58100172,10.58100172
13.716,35001.1375,0.02464752765,16.80358336,0.1680358336,10.11760239,10.11760239
13.843,34665.5125,0.02883206109,19.65641133,0.1965641133,11.8353181,11.8353181
13.97,34643.7125,0.0291052605,19.84266649,0.1984266649,11.94746416,11.94746416
14.097,34641.15,0.02913738526,19.86456771,0.1986456771,11.9606511,11.9606511
14.224,34631.2375,0.02926167559,19.94930331,0.1994930331,12.01167124,12.01167124
14.351,34687.2125,0.02856028545,19.47112684,0.1947112684,11.72375649,11.72375649
14.478,34675.2625,0.02870992887,19.57314704,0.1957314704,11.78518386,11.78518386
14.605,34637.8875,0.029178289,19.89245405,0.1989245405,11.97744174,11.97744174
14.732,34703.9375,0.02835093381,19.32840025,0.1932840025,11.63781941,11.63781941
14.859,34675.0125,0.02871306004,19.57528173,0.1957528173,11.78646917,11.78646917
14.986,34790.7625,0.02726573917,18.58856302,0.1858856302,11.19235615,11.19235615
15.113,34676.325,0.02869662167,19.56407478,0.1956407478,11.77972136,11.77972136
15.24,34632.7125,0.02924317869,19.93669295,0.1993669295,12.00407841,12.00407841
15.367,34644.825,0.0290913144,19.83315866,0.1983315866,11.9417394,11.9417394
15.494,34664.9125,0.02883957804,19.66153605,0.1966153605,11.83840375,11.83840375
15.621,34671.7125,0.02875439355,19.60346107,0.1960346107,11.80343623,11.80343623
15.748,34645.725,0.02908003249,19.82546715,0.1982546715,11.93710827,11.93710827
15.875,34728.5,0.02804366076,19.1189152,0.191189152,11.51168641,11.51168641
16.002,34669.2625,0.02878508309,19.62438383,0.1962438383,11.81603403,11.81603403
16.129,34634.6875,0.02921841288,19.91980873,0.1991980873,11.99391226,11.99391226
16.256,34662.7875,0.02886620162,19.67968682,0.1967968682,11.8493325,11.8493325
16.383,34683.4125,0.02860786521,19.5035646,0.195035646,11.74328758,11.74328758
16.51,34658.5625,0.02891914041,19.71577812,0.1971577812,11.87106343,11.87106343
16.637,34617.1875,0.02943790596,20.0694493,0.200694493,12.08401232,12.08401232
16.764,34687.7375,0.02855371234,19.46664559,0.1946664559,11.72105829,11.72105829
16.891,34662.325,0.02887199638,19.68363743,0.1968363743,11.8517112,11.8517112
17.018,34631.975,0.02925242704,19.94299806,0.1994299806,12.00787478,12.00787478
17.145,34604.5625,0.02959632345,20.17745127,0.2017745127,12.14904136,12.14904136
17.272,34654.85,0.02896566295,19.74749512,0.1974749512,11.89016054,11.89016054
17.399,34580.8125,0.02989449324,20.38073011,0.2038073011,12.27143755,12.27143755
17.526,34604.725,0.02959428404,20.17606089,0.2017606089,12.1482042,12.1482042
17.653,34630.5375,0.02927045406,19.95528808,0.1995528808,12.01527472,12.01527472
17.78,34617.1,0.0294390037,20.07019769,0.2007019769,12.08446293,12.08446293
17.907,34641.525,0.02913268393,19.86136256,0.1986136256,11.95872124,11.95872124
18.034,34652.2125,0.02899871735,19.77003013,0.1977003013,11.90372909,11.90372909
18.161,34646.2625,0.02907329481,19.82087371,0.1982087371,11.93434251,11.93434251
18.288,34646.8125,0.02906640056,19.81617352,0.1981617352,11.93151248,11.93151248
18.415,34649.6625,0.02903067755,19.79181917,0.1979181917,11.91684849,11.91684849
18.542,34674.625,0.02871791339,19.57859053,0.1957859053,11.78846143,11.78846143
18.669,34667.0625,0.0288126429,19.64317288,0.1964317288,11.8273471,11.8273471
18.796,34662.4125,0.02887090006,19.68289001,0.1968289001,11.85126117,11.85126117
18.923,34671.95,0.02875141866,19.60143292,0.1960143292,11.80221506,11.80221506
19.05,34652.9625,0.02898931774,19.76362189,0.1976362189,11.89987063,11.89987063
19.177,34654.4,0.02897130239,19.75133983,0.1975133983,11.89247548,11.89247548
19.304,34561.2875,0.03013977361,20.54795131,0.2054795131,12.37212307,12.37212307
19.431,34612.2875,0.0294993839,20.11136222,0.2011136222,12.10924849,12.10924849
19.558,34638.45,0.02917123635,19.88764588,0.1988764588,11.97454669,11.97454669
19.685,34617.275,0.02943680822,20.06870091,0.2006870091,12.0835617,12.0835617
19.812,34590.675,0.02977064945,20.29629895,0.2029629895,12.22060072,12.22060072
19.939,34530.1625,0.03053106418,20.81471575,0.2081471575,12.53274455,12.53274455
20.066,34631.4625,0.02925885398,19.94737966,0.1994737966,12.01051299,12.01051299
20.193,34505.3375,0.0308434067,21.02765693,0.2102765693,12.66095853,12.66095853
20.32,34595.0125,0.02971619448,20.25917399,0.2025917399,12.19824741,12.19824741
20.447,34628,0.0293022775,19.97698387,0.1997698387,12.02833797,12.02833797
20.574,34611.15,0.02951365681,20.12109285,0.2012109285,12.1151074,12.1151074
20.701,34645.7625,0.02907956241,19.82514668,0.1982514668,11.93691531,11.93691531
20.828,34573.4625,0.02998681043,20.44366785,0.2044366785,12.30933298,12.30933298
20.955,34580.175,0.02990249956,20.38618847,0.2038618847,12.27472407,12.27472407
21.082,34548.525,0.03030017582,20.65730638,0.2065730638,12.43796683,12.43796683
21.209,34583.675,0.02985854508,20.35622226,0.2035622226,12.25668113,12.25668113
21.336,34559.8375,0.03015799458,20.56037356,0.2056037356,12.37960263,12.37960263
21.463,34575.2375,0.02996451435,20.42846738,0.2042846738,12.30018062,12.30018062
21.59,34514.0375,0.03073391971,20.95301358,0.2095301358,12.61601504,12.61601504
21.717,34513.2875,0.03074335715,20.95944761,0.2095944761,12.61988903,12.61988903
21.844,34532.825,0.03049757855,20.79188674,0.2079188674,12.51899898,12.51899898
21.971,34509.1,0.03079605334,20.99537352,0.2099537352,12.64152037,12.64152037
22.098,34490,0.03103649197,21.15929384,0.2115929384,12.7402184,12.7402184
22.225,34532.45,0.03050229468,20.79510199,0.2079510199,12.52093491,12.52093491
22.352,34537.1375,0.03044334672,20.7549139,0.207549139,12.49673728,12.49673728
22.479,34526.4,0.03057838866,20.84697947,0.2084697947,12.55217086,12.55217086
22.606,34508.5,0.03080360436,21.00052147,0.2100052147,12.64462,12.64462
22.733,34495.7875,0.03096362249,21.10961468,0.2110961468,12.71030609,12.71030609
22.86,34523.4125,0.03061596892,20.87260001,0.2087260001,12.56759723,12.56759723
22.987,34538.275,0.03042904323,20.74516242,0.2074516242,12.49086581,12.49086581
23.114,34483.2375,0.03112165302,21.21735283,0.2121735283,12.77517629,12.77517629
23.241,34513.75,0.03073753737,20.95547994,0.2095547994,12.61750006,12.61750006
23.368,34531.0625,0.03051974481,20.8069987,0.208069987,12.52809805,12.52809805
23.495,34542.175,0.03038000624,20.71173119,0.2071173119,12.47073654,12.47073654
23.622,34527.95,0.03055889224,20.83368768,0.2083368768,12.54416774,12.54416774
23.749,34528.375,0.0305535466,20.83004326,0.2083004326,12.5419734,12.5419734
23.876,34630.4875,0.0292710811,19.95571557,0.1995571557,12.01553212,12.01553212
24.003,34529.4375,0.03054018279,20.8209324,0.208209324,12.53648766,12.53648766
24.13,34551.0875,0.03026796494,20.63534644,0.2063534644,12.42474453,12.42474453
24.257,34493.125,0.03099714408,21.1324682,0.211324682,12.72406643,12.72406643
24.384,34156.3375,0.03525839016,24.03759543,0.2403759543,14.47327203,14.47327203
24.511,34428.85,0.03180716979,21.68470755,0.2168470755,13.05657515,13.05657515
24.638,34425.225,0.0318528989,21.71588361,0.2171588361,13.07534656,13.07534656
24.765,34443.1625,0.03162666571,21.56164793,0.2156164793,12.98247975,12.98247975
24.892,34416.2375,0.0319662963,21.7931929,0.217931929,13.12189524,13.12189524
25.019,34444.5875,0.03160869823,21.5493985,0.215493985,12.97510425,12.97510425
25.146,34412.9625,0.03200762511,21.82136903,0.2182136903,13.13886037,13.13886037
25.273,34427.5625,0.03182341096,21.69578005,0.2169578005,13.06324201,13.06324201
25.4,34394.95,0.03223500389,21.97638573,0.2197638573,13.23219744,13.23219744
25.527,34376.225,0.0324715031,22.13762033,0.2213762033,13.32927838,13.32927838
25.654,34342.85,0.03289335335,22.42521898,0.2242521898,13.50244435,13.50244435
25.781,34333.8625,0.03300702279,22.50271373,0.2250271373,13.5491047,13.5491047
25.908,34297.6,0.03346595531,22.81559342,0.2281559342,13.73749263,13.73749263
26.035,34308.225,0.03333143674,22.72388467,0.2272388467,13.68227389,13.68227389
26.162,34255.1,0.03400444666,23.18271277,0.2318271277,13.95853879,13.95853879
26.289,34284.6625,0.03362980774,22.92730068,0.2292730068,13.80475267,13.80475267
26.416,34169.725,0.03508820276,23.92156926,0.2392156926,14.40341153,14.40341153
26.543,34226.6375,0.03436545115,23.4288295,0.234288295,14.10672809,14.10672809
26.67,34180.525,0.03495095731,23.82800144,0.2382800144,14.34707343,14.34707343
26.797,34160.625,0.03520387843,24.00043177,0.2400043177,14.45089543,14.45089543
26.924,34182.7875,0.03492221115,23.8084036,0.238084036,14.33527338,14.33527338
27.051,34165.7875,0.03513825095,23.95568989,0.2395568989,14.4239559,14.4239559
27.178,34133.375,0.03555045428,24.2367117,0.242367117,14.59316189,14.59316189
27.305,34083.4375,0.03618629708,24.67020092,0.2467020092,14.85417,14.85417
27.432,34047.15,0.03664892225,24.9855981,0.249855981,15.04407374,15.04407374
27.559,34050.5875,0.03660507682,24.95570624,0.2495570624,15.02607556,15.02607556
27.686,33981.475,0.03748746041,25.55727596,0.2555727596,15.38828658,15.38828658
27.813,33948.7375,0.03790605815,25.8426572,0.258426572,15.56011743,15.56011743
27.94,33907.8875,0.03842895276,26.19914339,0.2619914339,15.77476126,15.77476126
28.067,33921.225,0.03825815876,26.08270367,0.2608270367,15.70465176,15.70465176
28.194,33917.75,0.03830265157,26.11303688,0.2611303688,15.72291568,15.72291568
28.321,33899.0125,0.03854263923,26.27664974,0.2627664974,15.8214286,15.8214286
28.448,33821.5875,0.03953569791,26.95367279,0.2695367279,16.22907082,16.22907082
28.575,33851.45,0.03915241026,26.69236439,0.2669236439,16.07173447,16.07173447
28.702,33815.7875,0.03961018064,27.00445179,0.2700445179,16.25964535,16.25964535
28.829,33808.7875,0.0397000906,27.06574838,0.2706574838,16.29655263,16.29655263
28.956,33725.075,0.04077676218,27.79977497,0.2779977497,16.73851724,16.73851724
29.083,33771.825,0.04017515618,27.38962687,0.2738962687,16.49156304,16.49156304
29.21,33796.05,0.03986374238,27.17731886,0.2717731886,16.36373031,16.36373031
29.337,33783.9125,0.04001974274,27.28367293,0.2728367293,16.42776714,16.42776714
29.464,33742.4,0.04055371687,27.64771264,0.2764771264,16.64695902,16.64695902
29.591,33677.3375,0.04139193709,28.21917374,0.2821917374,16.99104135,16.99104135
29.718,33629.4,0.04201056744,28.64092828,0.2864092828,17.2449839,17.2449839
29.845,33621.75,0.04210937178,28.70828867,0.2870828867,17.28554225,17.28554225
29.972,33640.325,0.04186950347,28.54475717,0.2854475717,17.18707833,17.18707833
30.099,33585.8875,0.04257285741,29.02427247,0.2902427247,17.4757992,17.4757992
30.226,33498.9,0.04369913995,29.7921216,0.297921216,17.93812869,17.93812869
30.353,33480.7875,0.04393402188,29.9522536,0.299522536,18.03454574,18.03454574
30.48,33486.3875,0.04386138781,29.90273494,0.2990273494,18.00473007,18.00473007
30.607,33471.075,0.0440600254,30.03815717,0.3003815717,18.08626912,18.08626912
30.734,33515.1125,0.04348900481,29.64886085,0.2964886085,17.85186998,17.85186998
30.861,33535.2625,0.04322797618,29.47090318,0.2947090318,17.74471993,17.74471993
30.988,33587.85,0.04254748134,29.0069722,0.290069722,17.46538253,17.46538253
31.115,33531.675,0.04327443816,29.50257888,0.2950257888,17.76379218,17.76379218
31.242,33561.1125,0.04289333774,29.24276164,0.2924276164,17.60735367,17.60735367
31.369,33695.9125,0.04115246459,28.05591209,0.2805591209,16.89273991,16.89273991
31.496,33819.8,0.03955865136,26.96932143,0.2696932143,16.23849301,16.23849301
31.623,33884.35,0.03873052731,26.40474344,0.2640474344,15.89855507,15.89855507
31.75,34027.6875,0.03689725062,25.15489729,0.2515489729,15.14601044,15.14601044
31.877,34206.425,0.034621999,23.60373237,0.2360373237,14.21203882,14.21203882
32.004,34341.0375,0.03291627456,22.44084564,0.2244084564,13.51185331,13.51185331
32.131,34459.575,0.03141976948,21.42059532,0.2142059532,12.89755059,12.89755059
32.258,34482.2,0.03113471987,21.22626123,0.2122626123,12.78054013,12.78054013
32.385,34625.125,0.02933833642,20.00156724,0.2000156724,12.04313986,12.04313986
32.512,34664.375,0.02884631208,19.66612702,0.1966612702,11.84116801,11.84116801
32.639,34739.5375,0.02790565411,19.02482844,0.1902482844,11.45503584,11.45503584
32.766,34768.8375,0.0275395161,18.7752119,0.187752119,11.30473928,11.30473928
32.893,34785.525,0.02733112401,18.63313948,0.1863313948,11.21919608,11.21919608
33.02,34861.225,0.02638704248,17.98950687,0.1798950687,10.83165857,10.83165857
33.147,34881.3,0.02613702395,17.8190554,0.178190554,10.72902807,10.72902807
33.274,34839.7,0.02665527964,18.17237898,0.1817237898,10.94176766,10.94176766
33.401,34894.125,0.02597737385,17.71021309,0.1771021309,10.66349305,10.66349305
33.528,34878.575,0.02617095326,17.84218689,0.1784218689,10.74295577,10.74295577
33.655,34883.25,0.02611274588,17.80250369,0.1780250369,10.71906213,10.71906213
33.782,34880.925,0.02614169296,17.82223852,0.1782223852,10.73094466,10.73094466
33.909,34912.7875,0.02574516129,17.55190094,0.1755190094,10.56817175,10.56817175
34.036,34893.75,0.02598204115,17.71339505,0.1771339505,10.66540893,10.66540893
34.163,34947.575,0.02531264076,17.25702776,0.1725702776,10.39062571,10.39062571
34.29,34953.3875,0.02524041466,17.20778724,0.1720778724,10.36097751,10.36097751
34.417,35020.725,0.02440455372,16.63793459,0.1663793459,10.01786364,10.01786364
34.544,35040.1875,0.02416326493,16.47343467,0.1647343467,9.918816624,9.918816624
34.671,34999.55,0.02466722581,16.81701268,0.1681701268,10.12568832,10.12568832
34.798,35051.4,0.02402431739,16.37870644,0.1637870644,9.861779829,9.861779829
34.925,34970.25,0.02503094928,17.06498309,0.1706498309,10.27499374,10.27499374
35.052,35050.2125,0.02403903102,16.38873753,0.1638873753,9.867819651,9.867819651
35.179,35046.6875,0.02408271021,16.41851606,0.1641851606,9.885749592,9.885749592
35.306,35034.45,0.02423438237,16.52191936,0.1652191936,9.948009736,9.948009736
35.433,35067.3,0.02382735759,16.24442805,0.1624442805,9.780929493,9.780929493
35.56,35102.025,0.02339751515,15.95138067,0.1595138067,9.604482791,9.604482791
35.687,35060.0875,0.02391669071,16.30533137,0.1630533137,9.817599983,9.817599983
35.814,35158.5375,0.02269888504,15.47508587,0.1547508587,9.317701019,9.317701019
35.941,35109.6375,0.02330334086,15.88717684,0.1588717684,9.565825039,9.565825039
36.068,35089.8625,0.02354801991,16.05398809,0.1605398809,9.666263728,9.666263728
36.195,35044.7875,0.02410625543,16.43456814,0.1643456814,9.895414705,9.895414705
36.322,35109.5625,0.02330426858,15.88780933,0.1588780933,9.566205862,9.566205862
36.449,35169.0625,0.02256889484,15.38646436,0.1538646436,9.264341137,9.264341137
36.576,35151.3375,0.02278783187,15.53572584,0.1553572584,9.354212944,9.354212944
36.703,35190.775,0.02230085501,15.20372678,0.1520372678,9.154313048,9.154313048
36.83,35181.1375,0.02241980909,15.28482436,0.1528482436,9.203142696,9.203142696
36.957,35187.075,0.02234651965,15.23485889,0.1523485889,9.173057998,9.173057998
37.084,35145,0.02286613869,15.58911194,0.1558911194,9.386357233,9.386357233
37.211,35194.375,0.02225642916,15.17343922,0.1517343922,9.13607661,9.13607661
37.338,35190.1625,0.02230841403,15.20888018,0.1520888018,9.157415961,9.157415961
37.465,35172.6,0.02252521328,15.35668422,0.1535668422,9.246410225,9.246410225
37.592,35150.125,0.02280281255,15.54593901,0.1554593901,9.360362389,9.360362389
37.719,35172.925,0.02252120035,15.35394839,0.1535394839,9.244762953,9.244762953
37.846,35155.825,0.02273239238,15.49792968,0.1549792968,9.331455502,9.331455502
37.973,35141.1,0.02291433452,15.6219697,0.156219697,9.406141215,9.406141215
38.1,35167.7375,0.02258525726,15.39761952,0.1539761952,9.271057773,9.271057773
38.227,35193.825,0.02226321615,15.17806628,0.1517806628,9.138862612,9.138862612
38.354,35245.5125,0.02162585638,14.74354286,0.1474354286,8.877231796,8.877231796
38.481,35173.85,0.02250977915,15.34616192,0.1534616192,9.240074645,9.240074645
38.608,35158.65,0.02269749539,15.47413847,0.1547413847,9.31713058,9.31713058
38.735,35122.575,0.02314333778,15.7780939,0.157780939,9.500145125,9.500145125
38.862,35134.525,0.02299559986,15.67737278,0.1567737278,9.439499952,9.439499952
38.989,35146.7,0.02284513192,15.57479046,0.1557479046,9.377734133,9.377734133
39.116,35147.5125,0.02283509228,15.56794588,0.1556794588,9.373612946,9.373612946
39.243,35197.05,0.02222342123,15.15093588,0.1515093588,9.122527131,9.122527131
39.37,35219.3,0.02194896643,14.96382486,0.1496382486,9.00986575,9.00986575
39.497,35147.9625,0.02282953197,15.56415511,0.1556415511,9.371330483,9.371330483
39.624,35143.825,0.02288065866,15.59901101,0.1559901101,9.392317561,9.392317561
39.751,35112.3625,0.02326963482,15.86419758,0.1586419758,9.551988997,9.551988997
39.878,35119.825,0.02317734316,15.80127725,0.1580127725,9.514104048,9.514104048
40.005,35142.125,0.02290166715,15.61333365,0.1561333365,9.400941366,9.400941366
40.132,35137.6875,0.02295651026,15.65072324,0.1565072324,9.423454001,9.423454001
40.259,35103.0625,0.02338467903,15.94262957,0.1594262957,9.599213672,9.599213672
40.386,35094.1875,0.02349449425,16.01749669,0.1601749669,9.644291898,9.644291898
40.513,35075.1375,0.02373030414,16.17826134,0.1617826134,9.741089867,9.741089867
40.64,35023.3125,0.02437246714,16.61605939,0.1661605939,10.00469237,10.00469237
40.767,35056.55,0.02396051245,16.33520708,0.1633520708,9.835588441,9.835588441
40.894,35068.7,0.0238100195,16.23260771,0.1623260771,9.773812351,9.773812351
41.021,35037.2375,0.02419982931,16.49836262,0.1649836262,9.933825993,9.933825993
41.148,35022.6,0.02438130234,16.62208283,0.1662208283,10.00831914,10.00831914
41.275,35004.7375,0.02460286111,16.7731317,0.167731317,10.09926715,10.09926715
41.402,35023.4,0.02437138213,16.61531967,0.1661531967,10.00424698,10.00424698
41.529,35004.325,0.02460797892,16.7766208,0.167766208,10.10136797,10.10136797
41.656,35025.225,0.02434875249,16.5998918,0.165998918,9.994957705,9.994957705
41.783,34946.125,0.02533066032,17.2693127,0.172693127,10.39802259,10.39802259
41.91,34986.5125,0.02482903273,16.92732541,0.1692732541,10.19210869,10.19210869
42.037,34952.1,0.0252564121,17.21869357,0.1721869357,10.36754432,10.36754432
42.164,34775.2125,0.02745989384,18.72092899,0.1872092899,11.27205501,11.27205501
42.291,34888.375,0.02604894461,17.75900684,0.1775900684,10.69287224,10.69287224
42.418,34996.0875,0.02471019262,16.84630554,0.1684630554,10.14332583,10.14332583
42.545,34933.275,0.02549038362,17.37820491,0.1737820491,10.46358766,10.46358766
42.672,34850.2125,0.02652425578,18.08305276,0.1808305276,10.88798347,10.88798347
42.799,34886.1,0.02607726499,17.77831441,0.1777831441,10.70449752,10.70449752
42.926,34869.6375,0.02628225381,17.91806663,0.1791806663,10.7886437,10.7886437
43.053,34848.2375,0.02654886842,18.09983256,0.1809983256,10.89808675,10.89808675
43.18,34820.925,0.0268893826,18.33197992,0.1833197992,11.03786495,11.03786495
43.307,34802.625,0.02711768435,18.48762585,0.1848762585,11.1315809,11.1315809
43.434,34781.2375,0.02738465641,18.66963548,0.1866963548,11.24117068,11.24117068
43.561,34803.05,0.0271123809,18.4840102,0.184840102,11.12940388,11.12940388
43.688,34743.3125,0.02785846371,18.99265613,0.1899265613,11.43566458,11.43566458
43.815,34779.6375,0.0274046352,18.68325612,0.1868325612,11.2493718,11.2493718
43.942,34771.925,0.02750095212,18.7489207,0.187489207,11.28890909,11.28890909
44.069,34748.9875,0.0277875315,18.94429772,0.1894429772,11.40654751,11.40654751
44.196,34725.2375,0.0280844616,19.1467314,0.191467314,11.52843481,11.52843481
44.323,34696.1,0.02844902549,19.39527477,0.1939527477,11.67808522,11.67808522
44.45,34744.525,0.02784330762,18.98232339,0.1898232339,11.42944314,11.42944314
44.577,34724.5125,0.02809352898,19.15291313,0.1915291313,11.5321569,11.5321569
44.704,34676.6875,0.02869208165,19.56097961,0.1956097961,11.77785772,11.77785772
44.831,34660.8625,0.02889032086,19.69613024,0.1969613024,11.85923325,11.85923325
44.958,34704.475,0.02834420744,19.32381451,0.1932381451,11.63505829,11.63505829
45.085,34634.2125,0.02922436908,19.9238694,0.199238694,11.99635723,11.99635723
45.212,34595.3625,0.02971180072,20.25617851,0.2025617851,12.19644381,12.19644381
45.339,34604.3125,0.02959946101,20.17959032,0.2017959032,12.1503293,12.1503293
45.466,34503.4125,0.030867636,21.04417538,0.2104417538,12.67090445,12.67090445
45.593,34516.8125,0.03069900294,20.92920889,0.2092920889,12.601682,12.601682
45.72,34531.175,0.0305183299,20.80603409,0.2080603409,12.52751724,12.52751724
45.847,34483.0125,0.03112448676,21.21928475,0.2121928475,12.77633952,12.77633952
45.974,34458.8375,0.0314290643,21.42693211,0.2142693211,12.90136603,12.90136603
46.101,34423.0875,0.03187986555,21.73426827,0.2173426827,13.08641615,13.08641615
46.228,34406.5625,0.03208840116,21.87643854,0.2187643854,13.17201826,13.17201826
46.355,34311.575,0.03328903246,22.69497532,0.2269497532,13.66486729,13.66486729
46.482,34361.075,0.03266294389,22.2681361,0.222681361,13.40786321,13.40786321
46.609,34315.2375,0.0332426773,22.66337244,0.2266337244,13.64583889,13.64583889
46.736,34284.2,0.03363566641,22.93129486,0.2293129486,13.8071576,13.8071576
46.863,34300.8375,0.0334249623,22.78764621,0.2278764621,13.72066534,13.72066534
46.99,34220.4,0.03444460467,23.48279283,0.2348279283,14.13921994,14.13921994
47.117,34210.6125,0.03456883656,23.56748859,0.2356748859,14.19021609,14.19021609
47.244,34186.2375,0.03487838089,23.77852209,0.2377852209,14.31728143,14.31728143
47.371,34148.525,0.03535773669,24.10532546,0.2410532546,14.51405294,14.51405294
47.498,34123.0875,0.03568136655,24.32596184,0.2432596184,14.64690028,14.64690028
47.625,34062.7625,0.03644981988,24.84985899,0.2484985899,14.96234389,14.96234389
47.752,33990.8,0.03736830018,25.47603783,0.2547603783,15.33937231,15.33937231
47.879,33937.8875,0.03804488064,25.93730017,0.2593730017,15.61710289,15.61710289
48.006,33867.125,0.03895135564,26.55529434,0.2655529434,15.98920324,15.98920324
48.133,33827.4,0.03946106748,26.9027931,0.269027931,16.19843565,16.19843565
48.26,33719.325,0.04085081409,27.85026026,0.2785026026,16.76891493,16.76891493
48.387,33535.0125,0.04323121378,29.47311044,0.2947311044,17.74604894,17.74604894
48.514,33356.8375,0.04554481708,31.05042182,0.3105042182,18.69576359,18.69576359
48.641,33101.0625,0.04888775207,33.32948556,0.3332948556,20.06801023,20.06801023
48.768,32701.7125,0.05415919026,36.92331665,0.3692331665,22.23189119,22.23189119
48.895,32099.8625,0.06222651424,42.42325777,0.4242325777,25.5434597,25.5434597
49.022,31328.7125,0.07278713907,49.62302004,0.4962302004,29.87850719,29.87850719
49.149,30455.725,0.08506074398,59.98584255,0.5998584255,36.11806429,36.11806429
49.276,29403.025,0.1003376732,73.00158907,0.7300158907,43.95497296,43.95497296
49.403,28380.7125,0.1157063921,86.09553925,0.8609553925,51.83896882,51.83896882
49.53,27283.675,0.1328268187,100.9878641,1.009878641,60.8057837,60.8057837
49.657,26325.2375,0.1483573884,120.1561386,1.201561386,72.34718981,72.34718981
49.784,25468.2375,0.1627307952,137.8962095,1.378962095,83.02866055,83.02866055
49.911,24870.225,0.173049972,150.6487376,1.506487376,90.70708283,90.70708283
50.038,24438.7875,0.1806500312,160.27077,1.6027077,96.50060297,96.50060297
50.165,24141.95,0.1859573402,166.9900729,1.669900729,100.5463611,100.5463611
50.292,23963.1125,0.1891864597,171.07829,1.7107829,103.0079168,103.0079168
50.419,23834.05,0.1915318403,174.0476521,1.740476521,104.7957988,104.7957988
50.546,23790.55,0.192325204,175.0520879,1.750520879,105.4005795,105.4005795
50.673,23724.0625,0.1935406268,176.5908705,1.765908705,106.3270955,106.3270955
50.8,23633.9875,0.1951926848,178.6824536,1.786824536,107.5864583,107.5864583
50.927,23630.1375,0.1952634376,178.7720299,1.787720299,107.6403931,107.6403931
51.054,23551.2,0.1967166458,180.6118598,1.806118598,108.7481727,108.7481727
51.181,23529.475,0.1971174492,181.1192958,1.811192958,109.0537049,109.0537049
51.308,23473.9875,0.1981428174,182.4174601,1.824174601,109.8353423,109.8353423
51.435,23482.55,0.1979844306,182.2169351,1.822169351,109.7146042,109.7146042
51.562,23449.55,0.1985951734,182.9901641,1.829901641,110.180173,110.180173
51.689,23431.8,0.1989240345,183.4065178,1.834065178,110.4308637,110.4308637
51.816,23392.575,0.1996516558,184.3277206,1.843277206,110.9855289,110.9855289
51.943,23401.525,0.1994855265,184.117393,1.84117393,110.8588886,110.8588886
52.07,23363.65,0.2001889947,185.0080169,1.850080169,111.395142,111.395142
52.197,23370.9875,0.2000526232,184.8353642,1.848353642,111.2911861,111.2911861
52.324,23307.525,0.2012335276,186.3304447,1.863304447,112.1913887,112.1913887
52.451,23340.1,0.2006269739,185.5625192,1.855625192,111.7290133,111.7290133
52.578,23299.7625,0.2013781922,186.5135968,1.865135968,112.3016664,112.3016664
52.705,23267.5,0.2019799638,187.275468,1.87275468,112.7603965,112.7603965
52.832,23312.0125,0.201149919,186.2245923,1.862245923,112.127654,112.127654
52.959,23306.425,0.2012540247,186.3563949,1.863563949,112.2070136,112.2070136
53.086,23344.4125,0.2005467377,185.4609363,1.854609363,111.6678492,111.6678492
53.213,23301,0.2013551265,186.4843946,1.864843946,112.2840835,112.2840835
53.34,23236.4375,0.2025601415,188.0100003,1.880100003,113.2026656,113.2026656
53.467,23273.775,0.2018628549,187.1272026,1.871272026,112.6711245,112.6711245
53.594,23325.775,0.2008936042,185.9000857,1.859000857,111.9322654,111.9322654
53.721,23305.8875,0.2012640406,186.3690756,1.863690756,112.2146488,112.2146488
53.848,23306.225,0.2012577515,186.3611133,1.863611133,112.2098546,112.2098546
53.975,23293.6,0.2014930729,186.6590412,1.866590412,112.3892399,112.3892399
54.102,23304.025,0.2012987488,186.4130178,1.864130178,112.2411068,112.2411068
54.229,23323.675,0.2009327052,185.9495893,1.859495893,111.962072,111.962072
54.356,23288.5375,0.2015874703,186.7785528,1.867785528,112.461199,112.461199
54.483,23329.075,0.200832167,185.8223033,1.858223033,111.8854318,111.8854318
54.61,23352.7625,0.2003914238,185.2643017,1.852643017,111.5494536,111.5494536
54.737,23345.7,0.2005227859,185.4306123,1.854306123,111.6495908,111.6495908
54.864,23294.0125,0.2014853822,186.6493044,1.866493044,112.3833773,112.3833773
54.991,23334.05,0.2007395622,185.7050613,1.857050613,111.8148392,111.8148392
55.118,23363.5625,0.2001906212,185.0100761,1.850100761,111.3963819,111.3963819
55.245,23354.6125,0.2003570205,185.2207454,1.852207454,111.5232279,111.5232279
55.372,23332.8,0.2007628279,185.7345167,1.857345167,111.8325747,111.8325747
55.499,23354.95,0.2003507445,185.2127997,1.852127997,111.5184437,111.5184437
55.626,23397.525,0.1995597664,184.2113842,1.842113842,110.9154816,110.9154816
55.753,23391.0875,0.1996792728,184.362685,1.84362685,111.0065813,111.0065813
55.88,23388.4875,0.1997275488,184.4238047,1.844238047,111.0433821,111.0433821
56.007,23396.3625,0.1995813447,184.2387034,1.842387034,110.9319308,110.9319308
56.134,23408.45,0.1993570287,183.9547088,1.839547088,110.7609348,110.7609348
56.261,23439.1375,0.1987880596,183.2343672,1.832343672,110.3272101,110.3272101
56.388,23456.2,0.1984720303,182.8342593,1.828342593,110.0863012,110.0863012
56.515,23436.3125,0.1988404061,183.3006403,1.833006403,110.3671138,110.3671138
56.642,23427.175,0.1990097646,183.5150561,1.835150561,110.4962157,110.4962157
56.769,23452.3875,0.198542625,182.9236354,1.829236354,110.1401154,110.1401154
56.896,23417.575,0.1991877665,183.7404149,1.837404149,110.6319064,110.6319064
57.023,23461.3625,0.1983764565,182.7132583,1.827132583,110.0134453,110.0134453
57.15,23473.8875,0.1981446675,182.4198025,1.824198025,109.8367527,109.8367527
57.277,23468.3,0.1982480551,182.5506961,1.825506961,109.915565,109.915565
57.404,23445.975,0.1986613888,183.0739959,1.830739959,110.230649,110.230649
57.531,23465.275,0.1983040381,182.6215731,1.826215731,109.9582408,109.9582408
57.658,23464.625,0.1983160684,182.6368041,1.826368041,109.9674115,109.9674115
57.785,23486.35,0.1979141578,182.1279663,1.821279663,109.6610353,109.6610353
57.912,23475.55,0.1981139104,182.3808625,1.823808625,109.8133066,109.8133066
58.039,23483.5375,0.1979661678,182.1938135,1.821938135,109.7006825,109.7006825
58.166,23431.2375,0.1989344603,183.4197173,1.834197173,110.4388112,110.4388112
58.293,23468.7125,0.1982404216,182.5410317,1.825410317,109.909746,109.909746
58.42,23507.4375,0.1975243962,181.6345099,1.816345099,109.3639203,109.3639203
58.547,23504.75,0.19757405,181.6973739,1.816973739,109.4017714,109.4017714
58.674,23440.1,0.1987702262,183.2117893,1.832117893,110.3136157,110.3136157
58.801,23488.125,0.1978813369,182.0864135,1.820864135,109.6360159,109.6360159
58.928,23492.7625,0.1977955981,181.9778643,1.819778643,109.5706574,109.5706574
59.055,23507.775,0.197518161,181.6266159,1.816266159,109.3591672,109.3591672
59.182,23516.1625,0.1973632338,181.4304707,1.814304707,109.2410663,109.2410663
59.309,23545.1875,0.1968275331,180.7522484,1.807522484,108.832702,108.832702
59.436,23518.1375,0.1973267612,181.3842946,1.813842946,109.2132633,109.2132633
59.563,23553.05,0.1966825323,180.5686706,1.805686706,108.722168,108.722168
59.69,23531.025,0.1970888411,181.0830766,1.810830766,109.0318969,109.0318969
59.817,23550.7875,0.1967242525,180.6214903,1.806214903,108.7539713,108.7539713
59.944,23543.2375,0.1968635026,180.7977875,1.807977875,108.8601216,108.8601216
60.071,23528.9375,0.1971273702,181.1318563,1.811318563,109.0612677,109.0612677
60.198,23533.6625,0.1970401655,181.021451,1.81021451,108.9947915,108.9947915
60.325,23608.4,0.1956631315,179.2780612,1.792780612,107.9450794,107.9450794
60.452,23541.0125,0.1969045484,180.8497534,1.808497534,108.8914107,108.8914107
60.579,23601.3875,0.1957921509,179.4414058,1.794414058,108.0434309,108.0434309
60.706,23593.725,0.1959331732,179.6199467,1.796199467,108.1509321,108.1509321
60.833,23613.4875,0.1955695531,179.1595866,1.791595866,107.8737447,107.8737447
60.96,23612.0625,0.1955957622,179.1927685,1.791927685,107.8937239,107.8937239
61.087,23584.525,0.1961025525,179.8343889,1.798343889,108.2800498,108.2800498
61.214,23616.125,0.1955210475,179.0981761,1.790981761,107.8367689,107.8367689
61.341,23613.175,0.1955753006,179.1668632,1.791668632,107.878126,107.878126
61.468,23649.8375,0.1949015253,178.313832,1.78313832,107.3645076,107.3645076
61.595,23666.5625,0.1945945039,177.9251283,1.779251283,107.1304653,107.1304653
61.722,23649.6375,0.1949051981,178.3184818,1.783184818,107.3673073,107.3673073
61.849,23710.1625,0.1937951559,176.9131162,1.769131162,106.5211229,106.5211229
61.976,23636.8,0.1951410059,178.6170256,1.786170256,107.5470634,107.5470634
62.103,23678.1,0.194382836,177.6571468,1.776571468,106.969111,106.969111
62.23,23685.75,0.1942425453,177.4795322,1.774795322,106.8621675,106.8621675
62.357,23666.175,0.1946016147,177.9341311,1.779341311,107.1358859,107.1358859
62.484,23647.275,0.1949485844,178.373411,1.78373411,107.4003807,107.4003807
62.611,23645.225,0.1949862354,178.4210789,1.784210789,107.429082,107.429082
62.738,23615.2125,0.1955378284,179.1194216,1.791194216,107.849561,107.849561
62.865,23656.9125,0.1947716228,178.1493692,1.781493692,107.2654829,107.2654829
62.992,23655.0125,0.1948065045,178.1935311,1.781935311,107.2920732,107.2920732
63.119,23602.6875,0.19576823,179.4111208,1.794111208,108.025196,108.025196
63.246,23660.15,0.1947121927,178.074128,1.78074128,107.2201794,107.2201794
63.373,23606.6125,0.1956960151,179.3196934,1.793196934,107.9701466,107.9701466
63.5,23695.8625,0.1940571652,177.2448324,1.772448324,106.7208524,106.7208524
63.627,23678.05,0.194383753,177.6583079,1.776583079,106.9698101,106.9698101
63.754,23690.425,0.1941568344,177.3710182,1.773710182,106.7968302,106.7968302
63.881,23703.5125,0.1939169797,177.0673509,1.770673509,106.6139891,106.6139891
64.008,23674.8125,0.1944431382,177.7334923,1.777334923,107.0150793,107.0150793
64.135,23691.6625,0.1941341491,177.3422975,1.773422975,106.7795372,106.7795372
64.262,23723.95,0.1935426863,176.5934778,1.765934778,106.3286655,106.3286655
64.389,23719.575,0.1936227831,176.6948842,1.766948842,106.3897232,106.3897232
64.516,23776.65,0.1925790215,175.3734328,1.753734328,105.5940644,105.5940644
64.643,23734.1375,0.1933562323,176.3574183,1.763574183,106.1865317,106.1865317
64.77,23779.0625,0.192534958,175.3176464,1.753176464,105.5604748,105.5604748
64.897,23751.2875,0.1930425297,175.960256,1.75960256,105.9473964,105.9473964
65.024,23809.7,0.191975763,174.6096792,1.746096792,105.1342008,105.1342008
65.151,23814.8125,0.1918825198,174.4916289,1.744916289,105.0631216,105.0631216
65.278,23733.55,0.1933669827,176.3710288,1.763710288,106.1947267,106.1947267
65.405,23807.3125,0.1920193137,174.6648165,1.746648165,105.1673995,105.1673995
65.532,23822.9375,0.191734375,174.3040706,1.743040706,104.9501909,104.9501909
65.659,23820.3625,0.19178132,174.3635053,1.743635053,104.9859771,104.9859771
65.786,23800.9,0.1921363067,174.8129351,1.748129351,105.2565832,105.2565832
65.913,23790.8375,0.1923199557,175.0454434,1.750454434,105.3965788,105.3965788
66.04,23835.1125,0.1915124802,174.0231415,1.740231415,104.7810407,104.7810407
66.167,23834.1,0.1915309292,174.0464987,1.740464987,104.7951043,104.7951043
66.294,23799.725,0.1921577474,174.8400801,1.748400801,105.2729275,105.2729275
66.421,23819.225,0.1918020595,174.3897624,1.743897624,105.0017868,105.0017868
66.548,23835.5375,0.1915047365,174.0133375,1.740133375,104.7751376,104.7751376
66.675,23818.5875,0.1918136831,174.4044785,1.744044785,105.0106475,105.0106475
66.802,23808.7125,0.1919937756,174.632484,1.74632484,105.1479318,105.1479318
66.929,23735.4,0.1933331313,176.3281713,1.763281713,106.1689218,106.1689218
67.056,23857.675,0.1911015682,173.5029075,1.735029075,104.4678027,104.4678027
67.183,23813.9625,0.1918980209,174.5112541,1.745112541,105.0749381,105.0749381
67.31,23814.65,0.1918854832,174.4953808,1.744953808,105.0653806,105.0653806
67.437,23850.2625,0.191236523,173.6737666,1.736737666,104.5706787,104.5706787
67.564,23830.825,0.1915906089,174.122056,1.74122056,104.8405981,104.8405981
67.691,23804.2375,0.1920754117,174.7358391,1.747358391,105.210163,105.210163
67.818,23781.675,0.1924872466,175.2572415,1.752572415,105.5241045,105.5241045
67.945,23825.7,0.1916840173,174.2403154,1.742403154,104.9118033,104.9118033
68.072,23793.3375,0.1922743214,174.9876682,1.749876682,105.3617917,105.3617917
68.199,23770.8125,0.1926856599,175.5084421,1.755084421,105.6753548,105.6753548
68.326,23772.7875,0.192649578,175.4627607,1.754627607,105.6478496,105.6478496
68.453,23827.9125,0.1916436897,174.1892588,1.741892588,104.8810616,104.8810616
68.58,23855.95,0.1911329705,173.5426642,1.735426642,104.4917407,104.4917407
68.707,23855.4625,0.1911418454,173.5539004,1.735539004,104.4985061,104.4985061
68.834,23881.0625,0.1906760411,172.9641702,1.729641702,104.1434237,104.1434237
68.961,23893.2125,0.1904551407,172.6844999,1.726844999,103.9750315,103.9750315
69.088,23828.775,0.1916279698,174.1693567,1.741693567,104.8690784,104.8690784
69.215,23843.5375,0.1913589972,173.8288248,1.738288248,104.6640407,104.6640407
69.342,23834.45,0.1915245517,174.0384245,1.740384245,104.7902428,104.7902428
69.469,23866.0375,0.1909493677,173.3102144,1.733102144,104.3517804,104.3517804
69.596,23846.15,0.1913114149,173.7685832,1.737685832,104.6277687,104.6277687
69.723,23852.85,0.1911894092,173.6141184,1.736141184,104.5347639,104.5347639
69.85,23854.375,0.1911616441,173.5789664,1.735789664,104.5135986,104.5135986
69.977,23883.925,0.1906239876,172.898268,1.72898268,104.1037434,104.1037434
70.104,23856.05,0.19113115,173.5403594,1.735403594,104.4903529,104.4903529
70.231,23883.6125,0.19062967,172.9054622,1.729054622,104.108075,104.108075
70.358,23885.225,0.1906003496,172.8683412,1.728683412,104.0857242,104.0857242
70.485,23894.4625,0.1904324207,172.6557353,1.726557353,103.9577121,103.9577121
70.612,23915.9875,0.1900413686,172.1606449,1.721606449,103.6596133,103.6596133
70.739,23865.375,0.1909614235,173.3254776,1.733254776,104.3609705,104.3609705
70.866,23888.6625,0.1905378516,172.7892157,1.727892157,104.0380819,104.0380819
70.993,23872.4375,0.1908329213,173.1627879,1.731627879,104.2630134,104.2630134
71.12,23883.65,0.1906289881,172.9045988,1.729045988,104.1075552,104.1075552
71.247,23868.75,0.1909000106,173.2477261,1.732477261,104.3141555,104.3141555
71.374,23817.6875,0.1918300935,174.4252548,1.744252548,105.0231571,105.0231571
71.501,23871.975,0.1908413354,173.1734405,1.731734405,104.2694274,104.2694274
71.628,23840.4,0.1914161485,173.901181,1.73901181,104.7076071,104.7076071
71.755,23817.7,0.1918298656,174.4249663,1.744249663,105.0229834,105.0229834
71.882,23846.275,0.1913091383,173.765701,1.73765701,104.6260333,104.6260333
72.009,23894.6125,0.1904296944,172.6522837,1.726522837,103.9556338,103.9556338
72.136,23839.4375,0.1914336825,173.9233798,1.739233798,104.7209732,104.7209732
72.263,23859.7875,0.1910631149,173.4542238,1.734542238,104.4384898,104.4384898
72.39,23891.1625,0.1904924041,172.7316771,1.727316771,104.0034374,104.0034374
72.517,23902.5125,0.1902861324,172.4705274,1.724705274,103.8461965,103.8461965
72.644,23881.25,0.1906726313,172.9598532,1.729598532,104.1408244,104.1408244
72.771,23862.675,0.19101056,173.3876868,1.733876868,104.3984272,104.3984272
72.898,23801.225,0.1921303765,174.8054271,1.748054271,105.2520626,105.2520626
73.025,23842.225,0.1913829042,173.8590921,1.738590921,104.682265,104.682265
73.152,23880.175,0.1906921813,172.9846044,1.729846044,104.1557273,104.1557273
73.279,23858.9875,0.1910776767,173.4726597,1.734726597,104.4495903,104.4495903
73.406,23879.225,0.1907094587,173.0064784,1.730064784,104.1688979,104.1688979
73.533,23846.15,0.1913114149,173.7685832,1.737685832,104.6277687,104.6277687
73.66,23848,0.1912777233,173.7259281,1.737259281,104.6020857,104.6020857
73.787,23812.7,0.1919210457,174.5404046,1.745404046,105.0924899,105.0924899
73.914,23785.425,0.1924187705,175.1705476,1.751705476,105.4719052,105.4719052
74.041,23817.0125,0.1918424017,174.4408376,1.744408376,105.0325397,105.0325397
74.168,23804.075,0.1920783764,174.7395926,1.747395926,105.212423,105.212423
74.295,23786.6625,0.1923961758,175.1419416,1.751419416,105.4546812,105.4546812
74.422,23831.225,0.1915833193,174.1128271,1.741128271,104.8350413,104.8350413
74.549,23843.5,0.1913596803,173.8296895,1.738296895,104.6645614,104.6645614
74.676,23876.3375,0.1907619772,173.0729693,1.730729693,104.2089327,104.2089327
74.803,23857.2625,0.1911090772,173.5124143,1.735124143,104.4735269,104.4735269
74.93,23875.575,0.1907758468,173.0905288,1.730905288,104.2195055,104.2195055
75.057,23869.0875,0.1908938698,173.2399516,1.732399516,104.3094744,104.3094744
75.184,23917.7125,0.1900100451,172.120988,1.72120988,103.6357354,103.6357354
75.311,23911.9625,0.1901144654,172.2531889,1.722531889,103.7153349,103.7153349
75.438,23923.675,0.1899017924,171.9839349,1.719839349,103.5532144,103.5532144
75.565,23890.35,0.190507174,172.7503765,1.727503765,104.0146964,104.0146964
75.692,23926.65,0.1898477896,171.9155648,1.719155648,103.5120481,103.5120481
75.819,23922.3125,0.189926527,172.0152501,1.720152501,103.5720696,103.5720696
75.946,23890.25,0.1905089919,172.752678,1.72752678,104.0160822,104.0160822
76.073,23888.65,0.1905380788,172.7895034,1.727895034,104.0382552,104.0382552
76.2,23832.4125,0.1915616791,174.0854296,1.740854296,104.818545,104.818545
76.327,23888.975,0.1905321704,172.7820231,1.727820231,104.0337512,104.0337512
76.454,23941.65,0.1895756087,171.570971,1.71570971,103.3045648,103.3045648
76.581,23866.6,0.1909391319,173.2972554,1.732972554,104.3439776,104.3439776
76.708,23934.9125,0.1896978422,171.7257243,1.717257243,103.3977433,103.3977433
76.835,23891.825,0.1904803613,172.7164304,1.727164304,103.9942571,103.9942571
76.962,23929.25,0.1898005993,171.8558197,1.718558197,103.476075,103.476075
77.089,23878.4875,0.1907228719,173.0234601,1.730234601,104.1791228,104.1791228
77.216,23889.375,0.1905248986,172.7728166,1.727728166,104.0282079,104.0282079
77.343,23932.675,0.1897384431,171.777127,1.71777127,103.4286934,103.4286934
77.47,23907.05,0.1902036965,172.3661597,1.723661597,103.7833557,103.7833557
77.597,23899.425,0.190342234,172.5415547,1.725415547,103.8889628,103.8889628
77.724,23917.8375,0.1900077754,172.1181144,1.721181144,103.6340052,103.6340052
77.851,23888.6625,0.1905378516,172.7892157,1.727892157,104.0380819,104.0380819
77.978,23920.0875,0.1899669224,172.0663925,1.720663925,103.602863,103.602863
78.105,23915.925,0.1900425035,172.1620818,1.721620818,103.6604784,103.6604784
78.232,23923.0375,0.1899133653,171.9985867,1.719985867,103.5620365,103.5620365
78.359,23899.725,0.1903367825,172.5346529,1.725346529,103.8848071,103.8848071
78.486,23909.35,0.1901619168,172.3132646,1.723132646,103.7515071,103.7515071
78.613,23898.2,0.190364495,172.5697381,1.725697381,103.9059323,103.9059323
78.74,23818.05,0.1918234837,174.4168865,1.744168865,105.0181185,105.0181185
78.867,23891.6875,0.1904828607,172.7195947,1.727195947,103.9961625,103.9961625
78.994,23870.075,0.1908759028,173.2172044,1.732172044,104.2957781,104.2957781
79.121,23874.9375,0.190787443,173.1052102,1.731052102,104.2283453,104.2283453
79.248,23798.6625,0.1921771362,174.8646272,1.748646272,105.2877075,105.2877075
79.375,23878,0.1907317385,173.0346857,1.730346857,104.1858818,104.1858818
79.502,23839.525,0.1914320885,173.9213617,1.739213617,104.7197581,104.7197581
79.629,23875.0125,0.1907860787,173.1034829,1.731034829,104.2273053,104.2273053
79.756,23859.875,0.1910615222,173.4522074,1.734522074,104.4372757,104.4372757
79.883,23877.525,0.1907403779,173.0456236,1.730456236,104.1924676,104.1924676
80.01,23874.55,0.1907944918,173.1141343,1.731141343,104.2337186,104.2337186
80.137,23900.8875,0.1903156586,172.507909,1.72507909,103.8687044,103.8687044
80.264,23949.3125,0.1894366355,171.3950243,1.713950243,103.1986256,103.1986256
80.391,23942.8875,0.1895531614,171.5425517,1.715425517,103.2874533,103.2874533
80.518,23909.775,0.1901541971,172.3034911,1.723034911,103.7456224,103.7456224
80.645,23940.7625,0.189591708,171.5913535,1.715913535,103.3168373,103.3168373
80.772,23957.7625,0.189283431,171.2010603,1.712010603,103.081838,103.081838
80.899,23949,0.1894423024,171.4021989,1.714021989,103.2029455,103.2029455
81.026,23983.7125,0.1888132768,170.605823,1.70605823,102.7234397,102.7234397
81.153,23958.3125,0.189273461,171.1884378,1.711884378,103.0742378,103.0742378
81.28,23931.5625,0.1897586316,171.8026865,1.718026865,103.444083,103.444083
81.407,23947.3,0.1894731315,171.44123,1.7144123,103.2264465,103.2264465
81.534,23932.825,0.1897357211,171.7736809,1.717736809,103.4266184,103.4266184
81.661,23938.8,0.18962731,171.6364272,1.716364272,103.3439767,103.3439767
81.788,23972.85,0.1890100184,170.854907,1.70854907,102.8734157,102.8734157
81.915,23929.4,0.189797877,171.8523731,1.718523731,103.4739998,103.4739998
82.042,23977.35,0.1889285036,170.7517054,1.707517054,102.811277,102.811277
82.169,23974.85,0.1889737877,170.8090373,1.708090373,102.845797,102.845797
82.296,23976.5875,0.1889423147,170.769191,1.70769191,102.8218052,102.8218052
82.423,23947.675,0.1894663307,171.43262,1.7143262,103.2212623,103.2212623
82.55,23963.0125,0.189188272,171.0805846,1.710805846,103.0092983,103.0092983
82.677,23944.8375,0.1895177923,171.4977726,1.714977726,103.2604914,103.2604914
82.804,23917.725,0.1900098182,172.1207006,1.721207006,103.6355624,103.6355624
82.931,23959.9,0.1892446852,171.1520063,1.711520063,103.0523021,103.0523021
83.058,23943.525,0.1895415981,171.527912,1.71527912,103.2786386,103.2786386
83.185,23932.525,0.1897411651,171.7805732,1.717805732,103.4307683,103.4307683
83.312,23979.2625,0.1888938644,170.7078507,1.707078507,102.7848716,102.7848716
83.439,23927.0625,0.1898403023,171.9060856,1.719060856,103.5063406,103.5063406
83.566,23947.025,0.1894781188,171.4475441,1.714475441,103.2302483,103.2302483
83.693,23934.1,0.1897125851,171.7443895,1.717443895,103.4089818,103.4089818
83.82,23928.05,0.1898223788,171.8833936,1.718833936,103.4926775,103.4926775
83.947,23960.85,0.189227466,171.1302059,1.711302059,103.0391758,103.0391758
84.074,23931.4,0.1897615805,171.8064201,1.718064201,103.446331,103.446331
84.201,23918.3,0.1899993775,172.1074823,1.721074823,103.6276035,103.6276035
84.328,23952.125,0.1893856369,171.3304577,1.713304577,103.1597494,103.1597494
84.455,23955.725,0.1893203674,171.2478235,1.712478235,103.1099945,103.1099945
84.582,23905.6875,0.1902284483,172.3974966,1.723974966,103.802224,103.802224
84.709,23893.7125,0.1904460526,172.6729939,1.726729939,103.9681036,103.9681036
84.836,23920.75,0.1899548941,172.0511642,1.720511642,103.5936939,103.5936939
84.963,23951.6375,0.1893944762,171.3416487,1.713416487,103.1664876,103.1664876
85.09,24022.9375,0.1881035749,169.707307,1.69707307,102.1824345,102.1824345
85.217,24009.2125,0.1883517709,170.0215347,1.700215347,102.371634,102.371634
85.344,24071.05,0.1872346514,168.6072089,1.686072089,101.5200546,101.5200546
85.471,24093.3,0.186833398,168.0992033,1.680992033,101.2141794,101.2141794
85.598,24009.75,0.1883420483,170.0092255,1.700092255,102.3642226,102.3642226
85.725,24030.5375,0.1879662014,169.5333856,1.695333856,102.0777147,102.0777147
85.852,24038.075,0.1878300005,169.3609489,1.693609489,101.9738888,101.9738888
85.979,24055.05,0.1875234224,168.9728066,1.689728066,101.7401845,101.7401845
86.106,24092.0375,0.1868561558,168.1280157,1.681280157,101.2315277,101.2315277
86.233,24008.4875,0.1883648853,170.0381383,1.700381383,102.3816312,102.3816312
86.36,24011.1375,0.1883169516,169.9774519,1.699774519,102.3450913,102.3450913
86.487,24006.7625,0.1883960903,170.0776453,1.700776453,102.4054188,102.4054188
86.614,24039.8125,0.1877986103,169.3212074,1.693212074,101.9499601,101.9499601
86.741,23979.875,0.1888827714,170.6938064,1.706938064,102.7764154,102.7764154
86.868,23991.9,0.1886650438,170.4181529,1.704181529,102.6104418,102.6104418
86.995,24018.7875,0.1881786065,169.8023005,1.698023005,102.2396309,102.2396309
87.122,23924.9375,0.1898788744,171.9549196,1.719549196,103.5357441,103.5357441
87.249,24007,0.1883917939,170.0722057,1.700722057,102.4021436,102.4021436
87.376,24068.4875,0.1872808869,168.6657453,1.686657453,101.5552999,101.5552999
87.503,23981.3625,0.1888558325,170.6597004,1.706597004,102.7558799,102.7558799
87.63,24012.425,0.1882936649,169.9479699,1.699479699,102.3273399,102.3273399
87.757,24046.1125,0.1876848117,169.1771331,1.691771331,101.8632115,101.8632115
87.884,24016.05,0.1882281073,169.8649708,1.698649708,102.2773654,102.2773654
88.011,24009.6625,0.188343631,170.0112293,1.700112293,102.3654291,102.3654291
88.138,23964.35,0.1891640325,171.0498961,1.710498961,102.9908205,102.9908205
88.265,23968.5375,0.1890881511,170.9538267,1.709538267,102.9329762,102.9329762
88.392,23990.3375,0.1886933286,170.4539629,1.704539629,102.6320033,102.6320033
88.519,23972.1375,0.1890229263,170.871249,1.70871249,102.8832554,102.8832554
88.646,24004.375,0.1884392836,170.1323299,1.701323299,102.4383449,102.4383449
88.773,24013.35,0.1882769355,169.9267896,1.699267896,102.3145871,102.3145871
88.9,23987.8875,0.188737683,170.5101176,1.705101176,102.6658146,102.6658146
89.027,24055.8125,0.1875096563,168.955378,1.68955378,101.7296907,101.7296907
89.154,24014.825,0.1882502601,169.8930173,1.698930173,102.2942525,102.2942525
89.281,24026,0.1880482136,169.6372169,1.696372169,102.1402325,102.1402325
89.408,24052.0625,0.1875773626,169.0410975,1.690410975,101.7813032,101.7813032
89.535,24062.5125,0.1873887139,168.8022593,1.688022593,101.6374963,101.6374963
89.662,24019.8125,0.1881600734,169.7788367,1.697788367,102.2255032,102.2255032
89.789,24001.3,0.188494921,170.2027695,1.702027695,102.4807573,102.4807573
89.916,24029.425,0.1879863076,169.5588411,1.695588411,102.0930417,102.0930417
90.043,24068.3375,0.1872835936,168.669172,1.68669172,101.5573632,101.5573632
90.17,23974.1375,0.1889866945,170.8253779,1.708253779,102.8556359,102.8556359
90.297,24037.7875,0.1878351948,169.3675251,1.693675251,101.9778484,101.9778484
90.424,24059.9625,0.1874347402,168.8605308,1.688605308,101.6725822,101.6725822
90.551,24079.825,0.18707636,168.4068045,1.684068045,101.3993892,101.3993892
90.678,24054.1125,0.1875403485,168.9942359,1.689942359,101.7530873,101.7530873
90.805,24089.1875,0.1869075343,168.1930633,1.681930633,101.2706935,101.2706935
90.932,24057.5375,0.1874785149,168.9159516,1.689159516,101.7059516,101.7059516
91.059,24094.7125,0.1868079377,168.0669693,1.680669693,101.194771,101.194771
91.186,24038.175,0.1878281938,169.3586615,1.693586615,101.9725116,101.9725116
91.313,24099.95,0.1867135448,167.9474634,1.679474634,101.1228154,101.1228154
91.44,24068.2,0.1872860746,168.6723132,1.686723132,101.5592545,101.5592545
91.567,24071.7875,0.1872213454,168.5903629,1.685903629,101.5099115,101.5099115
91.694,23922.8125,0.1899174499,172.0037581,1.720037581,103.5651502,103.5651502
91.821,24037,0.1878494229,169.3855385,1.693855385,101.9886945,101.9886945
91.948,24038.35,0.1878250321,169.3546587,1.693546587,101.9701014,101.9701014
92.075,24047.7625,0.1876550122,169.1394055,1.691394055,101.8404954,101.8404954
92.202,24056.65,0.1874945366,168.9362359,1.689362359,101.718165,101.718165
92.329,24089.1,0.1869091118,168.1950605,1.681950605,101.271896,101.271896
92.456,24079.7375,0.1870779381,168.4088025,1.684088025,101.4005922,101.4005922
92.583,24119.65,0.1863586849,167.4981941,1.674981941,100.8523059,100.8523059
92.71,24104.7125,0.1866277304,167.8388184,1.678388184,101.0573991,101.0573991
92.837,24051.7375,0.187583231,169.0485271,1.690485271,101.7857766,101.7857766
92.964,24023.8625,0.1880868528,169.686136,1.69686136,102.1696872,102.1696872
93.091,24066.3625,0.1873192324,168.7142924,1.687142924,101.5845306,101.5845306
93.218,24064.75,0.187348332,168.7511339,1.687511339,101.6067133,101.6067133
93.345,24087.1375,0.1869444946,168.2398567,1.682398567,101.2988682,101.2988682
93.472,24083.9625,0.187001744,168.3123372,1.683123372,101.3425095,101.3425095
93.599,24079.1125,0.1870892105,168.423074,1.68423074,101.4091851,101.4091851
93.726,24083.2875,0.1870139161,168.3277477,1.683277477,101.3517883,101.3517883
93.853,24106.6,0.1865937246,167.7957655,1.677957655,101.0314766,101.0314766
93.98,24115.6125,0.1864313895,167.5902416,1.675902416,100.9077286,100.9077286
94.107,24099.3125,0.186725033,167.9620081,1.679620081,101.1315729,101.1315729
94.234,24111.7625,0.1865007291,167.6780288,1.676780288,100.9605861,100.9605861
94.361,24125.0875,0.1862607892,167.3742535,1.673742535,100.7776801,100.7776801
94.488,24101.05,0.1866937226,167.9223677,1.679223677,101.107705,101.107705
94.615,24152.6625,0.1857646736,166.7461479,1.667461479,100.3994915,100.3994915
94.742,24111.475,0.1865059075,167.6845849,1.676845849,100.9645336,100.9645336
94.869,24105.375,0.1866157943,167.8237067,1.678237067,101.0483002,101.0483002
94.996,24176.475,0.1853367066,166.2043215,1.662043215,100.0732525,100.0732525
95.123,24156.6375,0.1856932041,166.6556641,1.666556641,100.3450103,100.3450103
95.25,24152.5,0.1857675956,166.7498472,1.667498472,100.4017189,100.4017189
95.377,24157.925,0.1856700577,166.6263597,1.666263597,100.3273659,100.3273659
95.504,24176.1375,0.1853427693,166.2119972,1.662119972,100.0778741,100.0778741
95.631,24147.8125,0.1858518913,166.8565696,1.668565696,100.4659775,100.4659775
95.758,24166.375,0.185518176,166.4340703,1.664340703,100.2115865,100.2115865
95.885,24167.25,0.1855024516,166.4141626,1.664141626,100.1995999,100.1995999
96.012,24167.8375,0.1854918942,166.4007963,1.664007963,100.1915519,100.1915519
96.139,24182.9875,0.185219735,166.0562299,1.660562299,99.98408512,99.98408512
96.266,24165.1375,0.1855404157,166.4622268,1.664622268,100.2285399,100.2285399
96.393,24246.4625,0.1840813013,164.6149194,1.646149194,99.11625789,99.11625789
96.52,24246.3,0.1840842119,164.6186044,1.646186044,99.11847668,99.11847668
96.647,24247.6,0.1840609273,164.5891249,1.645891249,99.10072677,99.10072677
96.774,24236.725,0.1842557511,164.8357811,1.648357811,99.2492409,99.2492409
96.901,24216,0.1846272784,165.306152,1.65306152,99.53245588,99.53245588
97.028,24199.5375,0.1849226205,165.680069,1.65680069,99.75759496,99.75759496
97.155,24195.825,0.1849892516,165.7644271,1.657644271,99.80838781,99.80838781
97.282,24181.25,0.1852509393,166.0957361,1.660957361,100.0078722,100.0078722
97.409,24199.325,0.1849264341,165.6848973,1.656848973,99.76050209,99.76050209
97.536,24189.4625,0.1851034681,165.9090306,1.659090306,99.89545496,99.89545496
97.663,24169.7625,0.1854573034,166.3570028,1.663570028,100.1651834,100.1651834
97.79,24169.875,0.185455282,166.3544435,1.663544435,100.1636425,100.1636425
97.917,24201.95,0.184879327,165.6252574,1.656252574,99.72459234,99.72459234
98.044,24192.95,0.1850408585,165.8297639,1.658297639,99.8477277,99.8477277
98.171,24202.425,0.1848708034,165.6144661,1.656144661,99.7180948,99.7180948
98.298,24217.325,0.1846035162,165.276068,1.65276068,99.514342,99.514342
98.425,24195.075,0.1850027137,165.7814708,1.657814708,99.81864994,99.81864994
98.552,24151.6,0.1857837791,166.7703363,1.667703363,100.4140556,100.4140556
98.679,24181.825,0.1852406124,166.0826618,1.660826618,100,100
98.806,24199.7125,0.1849194799,165.6760929,1.656760929,99.75520088,99.75520088
98.933,24203.25,0.1848559996,165.5957239,1.655957239,99.70680991,99.70680991
99.06,24142.3625,0.1859499197,166.9806782,1.669806782,100.5407045,100.5407045
99.187,24183.1125,0.1852174901,166.0533879,1.660533879,99.98237389,99.98237389
99.314,24190.1,0.1850920226,165.8945401,1.658945401,99.88673011,99.88673011
99.441,24114.9375,0.1864435457,167.6056318,1.676056318,100.9169952,100.9169952
99.568,24105.7375,0.1866092633,167.8154382,1.678154382,101.0433217,101.0433217
99.695,24088.9625,0.1869115908,168.198199,1.68198199,101.2737857,101.2737857
99.822,24158.5875,0.1856581479,166.6112813,1.666112813,100.318287,100.318287
99.949,24182.275,0.1852325307,166.0724299,1.660724299,99.99383931,99.99383931
100.076,24191.225,0.1850718255,165.8689696,1.658689696,99.87133387,99.87133387
100.203,24209.35,0.1847465572,165.4571646,1.654571646,99.62338201,99.62338201
100.33,24252.4875,0.1839733969,164.4783073,1.644783073,99.03400246,99.03400246
100.457,24235.725,0.1842736704,164.8584677,1.648584677,99.26290072,99.26290072
100.584,24202.075,0.1848770839,165.6224176,1.656224176,99.72288245,99.72288245
100.711,24203.575,0.184850168,165.5883407,1.655883407,99.70236445,99.70236445
100.838,24184.7875,0.1851874105,166.0153057,1.660153057,99.95944424,99.95944424
100.965,24194.3375,0.1850159518,165.7982308,1.657982308,99.82874134,99.82874134
101.092,24256.3625,0.183904012,164.3904628,1.643904628,98.98111039,98.98111039
101.219,24223.65,0.1844901035,165.1324821,1.651324821,99.42788752,99.42788752
101.346,24180.0375,0.1852727163,166.1233068,1.661233068,100.0244728,100.0244728
101.473,24168.7,0.1854763954,166.3811741,1.663811741,100.1797372,100.1797372
101.6,24211.125,0.1847147164,165.4168527,1.654168527,99.59910981,99.59910981
101.727,24239.0875,0.1842134199,164.7821877,1.647821877,99.21697182,99.21697182
101.854,24167.8125,0.1854923434,166.4013651,1.664013651,100.1918944,100.1918944
101.981,24166,0.1855249152,166.4426025,1.664426025,100.2167238,100.2167238
102.108,24205.725,0.1848115914,165.5395009,1.655395009,99.67295753,99.67295753
102.235,24211.45,0.1847088866,165.4094719,1.654094719,99.5946658,99.5946658
102.362,24207.475,0.1847801943,165.4997508,1.654997508,99.64902359,99.64902359
102.489,24214.2,0.1846595611,165.3470235,1.653470235,99.557065,99.557065
102.616,24213.85,0.1846658386,165.3549711,1.653549711,99.56185032,99.56185032
102.743,24181.675,0.1852433064,166.0860724,1.660860724,100.0020536,100.0020536
102.87,24213.85,0.1846658386,165.3549711,1.653549711,99.56185032,99.56185032
102.997,24162,0.1855968063,166.53362,1.6653362,100.2715264,100.2715264
103.124,24219,0.1845734791,165.2380397,1.652380397,99.49144474,99.49144474
103.251,24208.8375,0.1847557511,165.4688045,1.654688045,99.63039051,99.63039051
103.378,24182.6375,0.1852260205,166.0641878,1.660641878,99.98887662,99.98887662
103.505,24202.35,0.1848721492,165.61617,1.6561617,99.71912072,99.71912072
103.632,24267.325,0.1837077799,164.1420237,1.641420237,98.83152276,98.83152276
103.759,24179.2375,0.1852870852,166.1414985,1.661414985,100.0354262,100.0354262
103.886,24195.5875,0.1849935145,165.7698242,1.657698242,99.81163745,99.81163745
104.013,24199.0625,0.1849311451,165.6908616,1.656908616,99.76409328,99.76409328
104.14,24156.9625,0.1856873612,166.6482668,1.666482668,100.3405563,100.3405563
104.267,24173.8625,0.1853836388,166.2637399,1.662637399,100.1090289,100.1090289
104.394,24137.625,0.1860351505,167.0885843,1.670885843,100.6056759,100.6056759
104.521,24179.6,0.1852805742,166.1332553,1.661332553,100.0304629,100.0304629
104.648,24183.225,0.1852154698,166.05083,1.6605083,99.98083379,99.98083379
104.775,24196.825,0.1849713028,165.7417031,1.657417031,99.79470547,99.79470547
104.902,24165.8,0.1855285095,166.447153,1.66447153,100.2194637,100.2194637
105.029,24229.65,0.1843825456,164.9963088,1.649963088,99.34589622,99.34589622
105.156,24208.2375,0.1847665149,165.482432,1.65482432,99.63859578,99.63859578
105.283,24154.4375,0.1857327581,166.7057414,1.667057414,100.3751623,100.3751623
105.41,24161.575,0.1856044455,166.5432915,1.665432915,100.2773497,100.2773497
105.537,24141.3,0.1859690334,167.0048769,1.670048769,100.5552748,100.5552748
105.664,24045.25,0.1877003895,169.1968553,1.691968553,101.8750865,101.8750865
105.791,24083.975,0.1870015186,168.3120519,1.683120519,101.3423376,101.3423376
105.918,24107.975,0.1865689539,167.7644046,1.677644046,101.0125938,101.0125938
106.045,24157.475,0.1856781476,166.6366019,1.666366019,100.3335328,100.3335328
106.172,24066,0.187325774,168.7225744,1.687225744,101.5895173,101.5895173
106.299,24224.15,0.1844811393,165.1211331,1.651211331,99.42105413,99.42105413
106.426,24156.15,0.1857019686,166.6667604,1.666667604,100.3516915,100.3516915
106.553,24209.1125,0.1847508177,165.4625587,1.654625587,99.62662984,99.62662984
106.68,24197.675,0.1849560469,165.7223885,1.657223885,99.78307592,99.78307592
106.807,24183.7375,0.1852062662,166.0391778,1.660391778,99.97381787,99.97381787
106.934,24281.5625,0.1834530565,163.8195319,1.638195319,98.63734731,98.63734731
107.061,24243.8875,0.1841274263,164.6733157,1.646733157,99.15141894,99.15141894
107.188,24149.825,0.1858156983,166.8107476,1.668107476,100.4383876,100.4383876
107.315,24211.1125,0.1847149406,165.4171365,1.654171365,99.59928074,99.59928074
107.442,24200.35,0.1849080393,165.6616085,1.656616085,99.74647972,99.74647972
107.569,24206.8125,0.1847920801,165.5147987,1.655147987,99.65808409,99.65808409
107.696,24186.1375,0.1851631688,165.9846145,1.659846145,99.94096478,99.94096478
107.823,24171.4875,0.1854263089,166.3177622,1.663177622,100.1415563,100.1415563
107.95,24153.8625,0.1857430967,166.7188305,1.667188305,100.3830434,100.3830434
108.077,24187.125,0.1851454373,165.9621656,1.659621656,99.92744805,99.92744805
108.204,24192.025,0.1850574637,165.8507869,1.658507869,99.86038587,99.86038587
108.331,24185.7125,0.1851708003,165.9942764,1.659942764,99.94678228,99.94678228
108.458,24127.325,0.1862205121,167.3232608,1.673232608,100.7469769,100.7469769
108.585,24151.2375,0.1857902976,166.7785891,1.667785891,100.4190247,100.4190247
108.712,24227.9625,0.1844127935,165.0346041,1.650346041,99.36895422,99.36895422
108.839,24185.85,0.1851683313,165.9911504,1.659911504,99.94490014,99.94490014
108.966,24237.4625,0.1842425362,164.8190503,1.648190503,99.23916715,99.23916715
109.093,24241.7125,0.18416639,164.7226457,1.647226457,99.18112098,99.18112098
109.22,24219.8875,0.1845575648,165.2178914,1.652178914,99.47931325,99.47931325
109.347,24234.275,0.1842996546,164.8913649,1.648913649,99.28270846,99.28270846
109.474,24251.6625,0.1839881706,164.4970115,1.644970115,99.04526445,99.04526445
109.601,24199.475,0.1849237421,165.6814891,1.656814891,99.75845,99.75845
109.728,24224.1,0.1844820357,165.122268,1.65122268,99.42173747,99.42173747
109.855,24222.4125,0.1845122906,165.1605721,1.651605721,99.44480075,99.44480075
109.982,24238.45,0.1842248422,164.7966489,1.647966489,99.22567904,99.22567904
110.109,24245.075,0.1841061544,164.6463846,1.646463846,99.13520343,99.13520343
110.236,24263.225,0.1837811608,164.2349273,1.642349273,98.88746097,98.88746097
110.363,24267.2375,0.1837093458,164.1440062,1.641440062,98.83271647,98.83271647
110.49,24210.1125,0.1847328788,165.4398471,1.654398471,99.612955,99.612955
110.617,24211.725,0.1847039538,165.4032268,1.654032268,99.59090553,99.59090553
110.744,24243.425,0.1841357114,164.6838051,1.646838051,99.15773466,99.15773466
110.871,24218.4,0.1845842385,165.2516615,1.652516615,99.49964656,99.49964656
110.998,24187.475,0.1851391529,165.9542092,1.659542092,99.92265745,99.92265745
111.125,24227.9375,0.1844132417,165.0351715,1.650351715,99.36929583,99.36929583
111.252,24234.1,0.1843027907,164.8953354,1.648953354,99.28509912,99.28509912
111.379,24243.9,0.1841272024,164.6730323,1.646730323,99.15124824,99.15124824
111.506,24198.425,0.1849425863,165.7053467,1.657053467,99.7728149,99.7728149
111.633,24230.6875,0.1843639497,164.9727656,1.649727656,99.33172062,99.33172062
111.76,24167.6875,0.1854945897,166.4042089,1.664042089,100.1936067,100.1936067
111.887,24214.925,0.1846465581,165.330561,1.65330561,99.54715277,99.54715277
112.014,24174.9625,0.1853638773,166.2387209,1.662387209,100.0939647,100.0939647
112.141,24189.875,0.1850960622,165.8996544,1.658996544,99.88980944,99.88980944
112.268,24215.475,0.1846366939,165.3180726,1.653180726,99.53963335,99.53963335
112.395,24239.3625,0.1842084927,164.7759497,1.647759497,99.21321584,99.21321584
112.522,24206.6375,0.1847952198,165.5187737,1.655187737,99.66047748,99.66047748
112.649,24204.5625,0.1848324492,165.565908,1.65565908,99.68885746,99.68885746
112.776,24200.6625,0.1849024313,165.6545085,1.656545085,99.74220473,99.74220473
112.903,24175.3875,0.1853562424,166.2290547,1.662290547,100.0881446,100.0881446
113.03,24157.0125,0.1856864623,166.6471287,1.666471287,100.3398711,100.3398711
113.157,24199.075,0.1849309208,165.6905776,1.656905776,99.76392227,99.76392227
113.284,24156.4625,0.1856963503,166.6596474,1.666596474,100.3474087,100.3474087
113.411,24160.9625,0.1856154551,166.5572302,1.665572302,100.2857423,100.2857423
113.538,24171.2,0.1854314745,166.3243021,1.663243021,100.145494,100.145494
113.665,24160.4125,0.1856253415,166.5697468,1.665697468,100.2932787,100.2932787
113.792,24209.575,0.1847425209,165.4520545,1.654520545,99.62030516,99.62030516
113.919,24240.525,0.1841876648,164.7495806,1.647495806,99.19733874,99.19733874
114.046,24230.7625,0.1843626055,164.9710637,1.649710637,99.3306959,99.3306959
114.173,24208.4375,0.1847629269,165.4778895,1.654778895,99.63586067,99.63586067
114.3,24213.9875,0.1846633725,165.3518488,1.653518488,99.55997036,99.55997036
114.427,24219.9375,0.1845566682,165.2167563,1.652167563,99.4786298,99.4786298
114.554,24218.55,0.1845815486,165.248256,1.65248256,99.49759609,99.49759609
114.681,24239.025,0.1842145397,164.7836055,1.647836055,99.21782546,99.21782546
114.808,24201.3875,0.1848894209,165.6380368,1.656380368,99.73228696,99.73228696
114.935,24216.425,0.1846196564,165.2965023,1.652965023,99.52664566,99.52664566
115.062,24237.475,0.1842423122,164.8187668,1.648187668,99.23899641,99.23899641
115.189,24250.775,0.1840040641,164.5171334,1.645171334,99.05738004,99.05738004
115.316,24246.7625,0.1840759278,164.6081163,1.646081163,99.1121617,99.1121617
115.443,24217.1,0.1846075512,165.2811765,1.652811765,99.51741787,99.51741787
115.57,24194.1375,0.1850195418,165.802776,1.65802776,99.83147805,99.83147805
115.697,24237.925,0.184234249,164.8085584,1.648085584,99.23284987,99.23284987
115.824,24229.4875,0.1843854583,164.9999964,1.649999964,99.34811655,99.34811655
115.951,24239.9,0.1841988625,164.7637574,1.647637574,99.20587472,99.20587472
116.078,24260.125,0.1838366521,164.305182,1.64305182,98.92976198,98.92976198
116.205,24221.725,0.1845246173,165.1761782,1.651761782,99.45419736,99.45419736
116.332,24193.7,0.1850273952,165.8127188,1.658127188,99.83746467,99.83746467
116.459,24231.325,0.1843525238,164.9582998,1.649582998,99.32301061,99.32301061
116.586,24233.6875,0.1843101831,164.9046945,1.649046945,99.29073434,99.29073434
116.713,24212.7125,0.1846862411,165.3808016,1.653808016,99.57740308,99.57740308
116.84,24141.475,0.1859658852,167.0008912,1.670008912,100.5528749,100.5528749
116.967,24258.75,0.1838612675,164.3363462,1.643363462,98.94852626,98.94852626
117.094,24305.2125,0.1830302639,163.2842566,1.632842566,98.31505277,98.31505277
117.221,24243.1375,0.1841408617,164.6903256,1.646903256,99.16166072,99.16166072
117.348,24224.3125,0.184478226,165.1174447,1.651174447,99.41883331,99.41883331
117.475,24284.2875,0.1834043205,163.7578299,1.637578299,98.6001959,98.6001959
117.602,24277.3625,0.1835281833,163.9146459,1.639146459,98.69461638,98.69461638
117.729,24265.4375,0.1837415604,164.1847914,1.641847914,98.85727363,98.85727363
117.856,24226.05,0.1844470771,165.0780088,1.650780088,99.39508856,99.39508856
117.983,24238.1375,0.1842304415,164.8037379,1.648037379,99.22994737,99.22994737
118.11,24196.425,0.1849784822,165.7507926,1.657507926,99.80017834,99.80017834
118.237,24215.225,0.1846411776,165.3237491,1.653237491,99.54305125,99.54305125
118.364,24158.6,0.1856579232,166.6109968,1.666109968,100.3181157,100.3181157
118.491,24195.8125,0.184989476,165.7647112,1.657647112,99.80855884,99.80855884
118.618,24158.2625,0.1856639904,166.6186782,1.666186782,100.3227408,100.3227408
118.745,24193.75,0.1850264977,165.8115824,1.658115824,99.83678048,99.83678048
118.872,24202.925,0.1848618313,165.6031071,1.656031071,99.71125542,99.71125542
118.999,24211.6125,0.1847059718,165.4057816,1.654057816,99.59244381,99.59244381
119.126,24200.275,0.1849093852,165.6633126,1.656633126,99.74750573,99.74750573
119.253,24166.9375,0.1855080674,166.4212724,1.664212724,100.2038808,100.2038808
119.38,24210.9625,0.1847176313,165.4205431,1.654205431,99.60133184,99.60133184
119.507,24214.1375,0.1846606821,165.3484427,1.653484427,99.55791951,99.55791951
119.634,24284.9,0.1833933669,163.743962,1.63743962,98.59184593,98.59184593
119.761,24234.0375,0.1843039108,164.8967534,1.648967534,99.28595294,99.28595294
119.888,24246.0375,0.1840889138,164.6245572,1.646245572,99.12206091,99.12206091
120.015,24223.125,0.184499516,165.1443989,1.651443989,99.43506272,99.43506272
120.142,24243.2,0.184139742,164.6889081,1.646889081,99.16080722,99.16080722
120.269,24265.9875,0.1837317168,164.1723289,1.641723289,98.84976986,98.84976986
120.396,24302.7375,0.1830744903,163.3402493,1.633402493,98.34876657,98.34876657
120.523,24314.9625,0.1828560822,163.0637344,1.630637344,98.18227421,98.18227421
120.65,24285.1375,0.1833891196,163.7385848,1.637385848,98.58860824,98.58860824
120.777,24281.2125,0.1834593166,163.8274575,1.638274575,98.64211936,98.64211936
120.904,24315.3625,0.1828489378,163.0546892,1.630546892,98.17682802,98.17682802
121.031,24317.95,0.1828027252,162.9961818,1.629961818,98.14160015,98.14160015
121.158,24335.425,0.1824907511,162.6012079,1.626012079,97.9037825,97.9037825
121.285,24304.15,0.1830492494,163.3082932,1.633082932,98.32952544,98.32952544
121.412,24326.0875,0.1826574218,162.8122209,1.628122209,98.03083548,98.03083548
121.539,24301.1375,0.1831030836,163.3764497,1.633764497,98.37056318,98.37056318
121.666,24359.3625,0.182063768,162.0606273,1.620606273,97.57829358,97.57829358
121.793,24318.3125,0.1827962513,162.9879856,1.629879856,98.13666514,98.13666514
121.92,24425.8,0.1808808896,160.5630476,1.605630476,96.67658616,96.67658616
122.047,24356.525,0.1821143597,162.1246788,1.621246788,97.61685963,97.61685963
122.174,24339.2625,0.1824222717,162.5145099,1.625145099,97.85158075,97.85158075
122.301,24365.3125,0.1819577005,161.9263409,1.619263409,97.4974384,97.4974384
122.428,24317.1375,0.1828172359,163.014553,1.63014553,98.15266164,98.15266164
122.555,24332.3625,0.1825454084,162.6704068,1.626704068,97.94544778,97.94544778
122.682,24275.2375,0.1835661988,163.9627753,1.639627753,98.72359557,98.72359557
122.809,24351.5625,0.1822028537,162.2367164,1.622367164,97.68431854,97.68431854
122.936,24388.125,0.181551274,161.4117858,1.614117858,97.18761977,97.18761977
123.063,24378.5875,0.1817211474,161.6268535,1.616268535,97.31711416,97.31711416
123.19,24313.2875,0.1828860008,163.1016127,1.631016127,98.20508109,98.20508109
123.317,24343.975,0.182338193,162.4080622,1.624080622,97.78748758,97.78748758
123.444,24340.575,0.1823988529,162.4848606,1.624848606,97.83372862,97.83372862
123.571,24388.7125,0.1815408122,161.3985406,1.613985406,97.17964471,97.17964471
123.698,24315.5,0.1828464819,163.05158,1.6305158,98.17495591,98.17495591
123.825,24260.55,0.183829044,164.2955498,1.642955498,98.92396233,98.92396233
123.952,24258.9625,0.1838574632,164.3315298,1.643315298,98.94562625,98.94562625
124.079,24296.575,0.1831846293,163.4796905,1.634796905,98.43272546,98.43272546
124.206,24349.8125,0.182234065,162.2762313,1.622762313,97.70811085,97.70811085
124.333,24394.9375,0.1814299766,161.2582175,1.612582175,97.09515479,97.09515479
124.46,24375.125,0.1817828348,161.7049527,1.617049527,97.36413841,97.36413841
124.587,24390.2,0.1815143248,161.3650064,1.613650064,97.15945339,97.15945339
124.714,24407.0625,0.1812141731,160.9850002,1.609850002,96.93064794,96.93064794
124.841,24420.0625,0.1809829152,160.6922168,1.606922168,96.75436022,96.75436022
124.968,24410.925,0.1811454499,160.8979935,1.608979935,96.87826034,96.87826034
125.095,24395.9375,0.1814121743,161.235679,1.61235679,97.08158412,97.08158412
125.222,24351.825,0.1821981722,162.2307894,1.622307894,97.68074984,97.68074984
125.349,24353.65,0.1821656261,162.1895844,1.621895844,97.65593994,97.65593994
125.476,24391.9,0.1814840555,161.326684,1.61326684,97.13637911,97.13637911
125.603,24391.4,0.181492958,161.337955,1.61337955,97.14316549,97.14316549
125.73,24410.2375,0.1811576814,160.9134791,1.609134791,96.88758439,96.88758439
125.857,24390.375,0.1815112087,161.3610613,1.613610613,97.15707802,97.15707802
125.984,24359.9125,0.1820539623,162.0482129,1.620482129,97.57081875,97.57081875
126.111,24423.0375,0.18093001,160.6252364,1.606252364,96.71403065,96.71403065
126.238,24362.7125,0.1820040461,161.9850166,1.619850166,97.53276765,97.53276765
126.365,24429.9375,0.1808073304,160.4699182,1.604699182,96.62051206,96.62051206
126.492,24419.3,0.180996476,160.7093854,1.607093854,96.76469758,96.76469758
126.619,24415.1,0.1810711789,160.8039628,1.608039628,96.82164359,96.82164359
126.746,24461.5625,0.1802454919,159.7586042,1.597586042,96.1922229,96.1922229
126.873,24416.5375,0.1810456095,160.7715908,1.607715908,96.80215204,96.80215204
127,24454.55,0.1803700108,159.916251,1.59916251,96.28714357,96.28714357
127.127,24430.0625,0.1808051083,160.4671049,1.604671049,96.61881813,96.61881813
127.254,24473.6375,0.1800311633,159.4872541,1.594872541,96.02884036,96.02884036
127.381,24440.575,0.1806182672,160.2305553,1.602305553,96.47638931,96.47638931
127.508,24436.5625,0.1806895728,160.3208316,1.603208316,96.53074552,96.53074552
127.635,24459.725,0.1802781164,159.7999083,1.597999083,96.21709253,96.21709253
127.762,24437.55,0.180672023,160.2986127,1.602986127,96.5173673,96.5173673
127.889,24448.95,0.180469474,160.0421761,1.600421761,96.36296429,96.36296429
128.016,24481.25,0.1798960974,159.3162544,1.593162544,95.92587975,95.92587975
128.143,24473.6875,0.180030276,159.4861308,1.594861308,96.028164,96.028164
128.27,24438.9625,0.1806469214,160.2668328,1.602668328,96.49823232,96.49823232
128.397,24499.125,0.1795791128,158.9149369,1.589149369,95.68424254,95.68424254
128.524,24472.0875,0.1800586695,159.5220783,1.595220783,96.04980835,96.04980835
128.651,24433.9,0.1807368942,160.3807427,1.603807427,96.56681858,96.56681858
128.778,24477.7,0.1799590786,159.3959915,1.593959915,95.97389024,95.97389024
128.905,24485.875,0.1798140582,159.2123889,1.592123889,95.86334132,95.86334132
129.032,24534.4375,0.178953581,158.1229842,1.581229842,95.20740005,95.20740005
129.159,24459.9,0.1802750092,159.7959745,1.597959745,96.21472391,96.21472391
129.286,24436.0375,0.1806989034,160.3326445,1.603326445,96.5378582,96.5378582
129.413,24471.075,0.1800766383,159.5448276,1.595448276,96.0635059,96.0635059
129.54,24448.9,0.1804703621,160.0433005,1.600433005,96.36364134,96.36364134
129.667,24469.7,0.1801010414,159.5757231,1.595757231,96.08210842,96.08210842
129.794,24485.6,0.1798189358,159.2185642,1.592185642,95.86705949,95.86705949
129.921,24491.8,0.179708982,159.0793575,1.590793575,95.78324178,95.78324178
130.048,24504.7625,0.1794791887,158.7884283,1.587884283,95.60807045,95.60807045
130.175,24555.0375,0.1785890846,157.6615147,1.576615147,94.92954474,94.92954474
130.302,24533.375,0.1789723891,158.1467962,1.581467962,95.22173751,95.22173751
130.429,24458.575,0.1802985357,159.8257601,1.598257601,96.23265814,96.23265814
130.556,24504.425,0.1794851702,158.7960011,1.587960011,95.61263015,95.61263015
130.683,24524.925,0.1791219984,158.3362086,1.583362086,95.33578456,95.33578456
130.81,24511.325,0.179362898,158.6411988,1.586411988,95.51942213,95.51942213
130.937,24508.0875,0.1794202641,158.7138271,1.587138271,95.56315233,95.56315233
131.064,24552.9125,0.1786266702,157.7090998,1.577090998,94.95819621,94.95819621
131.191,24557.2125,0.178550618,157.6128142,1.576128142,94.90022168,94.90022168
131.318,24564.0875,0.1784290506,157.4589041,1.574589041,94.80755092,94.80755092
131.445,24538.7625,0.178877029,158.0260659,1.580260659,95.14904458,95.14904458
131.572,24587.9125,0.1780080274,156.9258689,1.569258689,94.48660519,94.48660519
131.699,24455.35,0.1803558036,159.898264,1.59898264,96.27631345,96.27631345
131.826,24499.6125,0.179570471,158.903996,1.58903996,95.6776549,95.6776549
131.953,24545.6125,0.1787558126,157.8726001,1.578726001,95.05664135,95.05664135
132.08,24560.85,0.1784862936,157.5313764,1.575313764,94.85118719,94.85118719
132.207,24539.8875,0.1788571189,158.0008587,1.580008587,95.1338671,95.1338671
132.334,24558.8125,0.1785223229,157.5769913,1.575769913,94.87865235,94.87865235
132.461,24562.7625,0.1784524773,157.4885634,1.574885634,94.82540908,94.82540908
132.588,24564.3,0.1784252936,157.4541476,1.574541476,94.80468697,94.80468697
132.715,24586.3875,0.1780349642,156.9599722,1.569599722,94.50713909,94.50713909
132.842,24570.0625,0.1783234251,157.3251773,1.573251773,94.72703267,94.72703267
132.969,24573.9625,0.1782544951,157.2379087,1.572379087,94.67448739,94.67448739
133.096,24645.2875,0.1769957976,155.6443383,1.556443383,93.71498305,93.71498305
133.223,24596.2125,0.1778614498,156.7402948,1.567402948,94.37486922,94.37486922
133.35,24550.35,0.1786719984,157.7664874,1.577664874,94.99274982,94.99274982
133.477,24559.5,0.1785101655,157.5615993,1.575615993,94.86938471,94.86938471
133.604,24603.4875,0.1777330144,156.5776895,1.565776895,94.27696298,94.27696298
133.731,24601.0875,0.1777753807,156.6313272,1.566313272,94.30925874,94.30925874
133.858,24590.9625,0.1779541588,156.8576688,1.568576688,94.44554121,94.44554121
133.985,24631.95,0.177230892,155.941979,1.55941979,93.8941954,93.8941954
134.112,24596,0.177865202,156.7450452,1.567450452,94.37772946,94.37772946
134.239,24618.0125,0.1774766985,156.2531815,1.562531815,94.0815735,94.0815735
134.366,24624.7125,0.1773585176,156.103559,1.56103559,93.99148433,93.99148433
134.493,24625.65,0.1773419837,156.0826263,1.560826263,93.97888053,93.97888053
134.62,24648.4625,0.1769398519,155.5735085,1.555735085,93.67233573,93.67233573
134.747,24655.75,0.1768114685,155.4109691,1.554109691,93.57446915,93.57446915
134.874,24668.975,0.1765785815,155.1161232,1.551161232,93.39693951,93.39693951
135.001,24645.5375,0.1769913921,155.6387608,1.556387608,93.71162479,93.71162479
135.128,24591.275,0.1779486399,156.8506815,1.568506815,94.44133412,94.44133412
135.255,24664.6875,0.176654069,155.2116939,1.552116939,93.45448359,93.45448359
135.382,24719.4625,0.1756906631,153.9919767,1.539919767,92.72007993,92.72007993
135.509,24677.75,0.1764241261,154.9205753,1.549205753,93.27919826,93.27919826
135.636,24725.175,0.1755903122,153.8649278,1.538649278,92.64358249,92.64358249
135.763,24686.9875,0.1762615892,154.714796,1.54714796,93.1552965,93.1552965
135.89,24686.825,0.1762644479,154.7184153,1.547184153,93.1574757,93.1574757
136.017,24676.6625,0.176443265,154.9448061,1.549448061,93.29378785,93.29378785
136.144,24694.8,0.1761241731,154.5408208,1.545408208,93.05054432,93.05054432
136.271,24697.775,0.1760718565,154.4745855,1.544745855,93.0106634,93.0106634
136.398,24738.75,0.1753519345,153.5631304,1.535631304,92.46186735,92.46186735
136.525,24735.0625,0.1754166743,153.645094,1.53645094,92.51121841,92.51121841
136.652,24728.0625,0.1755395966,153.8007194,1.538007194,92.60492202,92.60492202
136.779,24758.15,0.1750114965,153.1321199,1.531321199,92.20235167,92.20235167
136.906,24742.475,0.1752865462,153.4803457,1.534803457,92.41202188,92.41202188
137.033,24814.4125,0.1740256889,151.8840411,1.518840411,91.4508712,91.4508712
137.16,24854.4625,0.1733253108,150.9973294,1.509973294,90.91697339,90.91697339
137.287,24867.225,0.1731023624,150.7150663,1.507150663,90.74702002,90.74702002
137.414,24845.55,0.1734810713,151.1945295,1.511945295,91.03570952,91.03570952
137.541,24835.325,0.1736598387,151.4208575,1.514208575,91.17198381,91.17198381
137.668,24899.4375,0.1725401502,150.0032792,1.500032792,90.31844602,90.31844602
137.795,24889.45,0.1727143865,150.2238706,1.502238706,90.45126625,90.45126625
137.922,24878.8375,0.1728996029,150.4583632,1.504583632,90.59245655,90.59245655
138.049,24938.925,0.1718519572,149.1538092,1.491538092,89.8069718,89.8069718
138.176,24958.6625,0.1715083779,148.7297539,1.487297539,89.55164391,89.55164391
138.303,24915.4,0.1722618225,149.6596767,1.496596767,90.11155958,90.11155958
138.43,24944.1375,0.1717611945,149.0417873,1.490417873,89.73952232,89.73952232
138.557,24984.2125,0.1710640213,148.1813161,1.481813161,89.22142416,89.22142416
138.684,25026.4125,0.1703310878,147.2767085,1.472767085,88.67675107,88.67675107
138.811,25040.275,0.1700905922,146.9798821,1.469798821,88.49802893,88.49802893
138.938,25134.6375,0.1684570603,144.9637301,1.449637301,87.28408404,87.28408404
139.065,25121.4125,0.1686856315,145.2458393,1.452458393,87.45394477,87.45394477
139.192,25159.9875,0.1680192653,144.423391,1.44423391,86.95874059,86.95874059
139.319,25170.8,0.1678326675,144.1930866,1.441930866,86.82007202,86.82007202
139.446,25203.9875,0.1672604308,143.4868156,1.434868156,86.39481938,86.39481938
139.573,25250.8625,0.1664534693,142.4908407,1.424908407,85.79513307,85.79513307
139.7,25306.6125,0.1654956712,141.3086988,1.413086988,85.08335383,85.08335383
139.827,25323.0375,0.1652138882,140.9609141,1.409609141,84.87394928,84.87394928
139.954,25373.95,0.1643416066,139.8843191,1.398843191,84.22572087,84.22572087
140.081,25433.2125,0.1633284664,138.6338725,1.386338725,83.47281468,83.47281468
140.208,25464.3625,0.1627968782,137.9777711,1.379777711,83.0777696,83.0777696
140.335,25493.3125,0.1623034167,137.3687267,1.373687267,82.711058,82.711058
140.462,25607.725,0.160358689,134.968488,1.34968488,81.26585076,81.26585076
140.589,25632.4375,0.1599397792,134.4514576,1.344514576,80.95454163,80.95454163
140.716,25735.425,0.1581983417,132.3021254,1.323021254,79.66040762,79.66040762
140.843,25760.1875,0.1577806666,131.7866188,1.317866188,79.35001604,79.35001604
140.97,25803.975,0.1570430739,130.8762607,1.308762607,78.80188054,78.80188054
141.097,25898,0.1554634598,128.9266557,1.289266557,77.62800425,77.62800425
141.224,25978.15,0.1541214662,127.2703288,1.272703288,76.63071352,76.63071352
141.351,26051.75,0.1528927844,125.7538545,1.257538545,75.71762947,75.71762947
141.478,26131.15,0.1515711634,124.1226719,1.241226719,74.73547845,74.73547845
141.605,26195.0125,0.1505110763,122.814282,1.22814282,73.94768405,73.94768405
141.732,26242.4625,0.1497251011,121.8442088,1.218442088,73.36359346,73.36359346
141.859,26312.0625,0.1485747943,120.4244672,1.204244672,72.5087531,72.5087531
141.986,26458.25,0.1461685706,117.4546369,1.174546369,70.72058917,70.72058917
142.113,26517.025,0.1452048883,116.2652325,1.162652325,70.00443712,70.00443712
142.24,26670.9875,0.1426905905,113.1620141,1.131620141,68.13595886,68.13595886
142.367,26721.9625,0.1418613361,112.1385246,1.121385246,67.51970579,67.51970579
142.494,26781.45,0.1408955995,110.9465847,1.109465847,66.80202709,66.80202709
142.621,26861.85,0.1395937667,109.3398254,1.093398254,65.83458154,65.83458154
142.748,27006.4,0.1372629905,106.4631145,1.064631145,64.10248571,64.10248571
142.875,27095,0.135840531,104.7074742,1.047074742,63.04539745,63.04539745
143.002,27175.2,0.1345569373,103.1232261,1.031232261,62.0915061,62.0915061
143.129,27312.525,0.1323678345,100.4213726,1.004213726,60.46469362,60.46469362
143.256,27365.9,0.1315199507,99.56848712,0.9956848712,59.95116291,59.95116291
143.383,27469.2375,0.129883082,98.17389614,0.9817389614,59.111466,59.111466
143.51,27577.5125,0.1281745962,96.71828828,0.9671828828,58.23503022,58.23503022
143.637,27764.5625,0.1252388519,94.21707197,0.9421707197,56.72902335,56.72902335
143.764,27914.8125,0.1228949712,92.22011592,0.9222011592,55.52663652,55.52663652
143.891,28019.9375,0.1212625241,90.82929203,0.9082929203,54.68920781,54.68920781
144.018,28185.4375,0.1187049059,88.65023435,0.8865023435,53.3771758,53.3771758
144.145,28237.425,0.1179045959,87.96838055,0.8796838055,52.96662494,52.96662494
144.272,28403.575,0.1153566806,85.7975896,0.857975896,51.65957041,51.65957041
144.399,28494.9875,0.1139612155,84.60867136,0.8460867136,50.94371108,50.94371108
144.526,28658.075,0.1114826714,82.49698375,0.8249698375,49.67224325,49.67224325
144.653,28789.5,0.109495564,80.80399386,0.8080399386,48.65287743,48.65287743
144.78,28970.3875,0.1067753821,78.48643399,0.7848643399,47.2574519,47.2574519
144.907,29047.625,0.1056190571,77.50125999,0.7750125999,46.66426897,46.66426897
145.034,29158.175,0.1039693482,76.09572931,0.7609572931,45.81798515,45.81798515
145.161,29303.625,0.1018083383,74.25457681,0.7425457681,44.70940917,44.70940917
145.288,29459.275,0.0995076318,72.29440453,0.7229440453,43.52917021,43.52917021
145.415,29572.9375,0.09783522091,70.86953203,0.7086953203,42.6712405,42.6712405
145.542,29723.8,0.0956253559,68.98675557,0.6898675557,41.53760232,41.53760232
145.669,29884.775,0.09327969593,66.98828354,0.6698828354,40.33430271,40.33430271
145.796,29997.9,0.0916388333,65.59028976,0.6559028976,39.49255693,39.49255693
145.923,30139.8625,0.08958841964,63.84336378,0.6384336378,38.44071566,38.44071566
146.05,30299.4125,0.08729547865,61.88980764,0.6188980764,37.26446035,37.26446035
146.177,30389.875,0.0860007726,60.7867348,0.607867348,36.60028937,36.60028937
146.304,30517.675,0.08417824268,59.23396283,0.5923396283,35.66535013,35.66535013
146.431,30652.55,0.08226307682,57.60226623,0.5760226623,34.6828896,34.6828896
146.558,30763.7,0.08069111877,56.26297826,0.5626297826,33.87649118,33.87649118
146.685,30862.6125,0.07929700031,55.07520732,0.5507520732,33.16132264,33.16132264
146.812,31007.6875,0.07726030783,53.33997161,0.5333997161,32.1165202,32.1165202
146.939,31154.825,0.07520437022,51.5883393,0.515883393,31.0618452,31.0618452
147.066,31296.25,0.073237384,49.92997692,0.4992997692,30.06332894,30.06332894
147.193,31397.7375,0.07183133211,48.97139356,0.4897139356,29.48615649,29.48615649
147.32,31510.725,0.07027129079,47.90782707,0.4790782707,28.84577268,28.84577268
147.447,31636.15,0.0685460603,46.73164199,0.4673164199,28.1375801,28.1375801
147.574,31568.55,0.06947505191,47.36498697,0.4736498697,28.51892333,28.51892333
147.701,31841.8375,0.06573156468,44.81284459,0.4481284459,26.98225337,26.98225337
147.828,32066.5625,0.0626772798,42.7305696,0.427305696,25.72849516,25.72849516
147.955,32105.2875,0.062153123,42.37322291,0.4237322291,25.51333321,25.51333321
148.082,32226.125,0.06052159902,41.26092273,0.4126092273,24.84360637,24.84360637
148.209,32302.075,0.05949926518,40.56394119,0.4056394119,24.42394694,24.42394694
148.336,32405.15,0.05811565024,39.62065433,0.3962065433,23.85598467,23.85598467
148.463,32456.6125,0.05742649585,39.15081965,0.3915081965,23.5730926,23.5730926
148.59,32625.8625,0.0551676848,37.61086318,0.3761086318,22.6458697,22.6458697
148.717,32654.025,0.05479296543,37.35539625,0.3735539625,22.49205056,22.49205056
148.844,32740.45,0.05364504208,36.57279339,0.3657279339,22.02083769,22.02083769
148.971,32869.7125,0.05193378087,35.40613193,0.3540613193,21.31837939,21.31837939
149.098,32939.7625,0.05100922282,34.77580955,0.3477580955,20.9388561,20.9388561
149.225,32982.2375,0.05044957169,34.39426442,0.3439426442,20.70912403,20.70912403
149.352,33058.675,0.04944424339,33.70887649,0.3370887649,20.29644523,20.29644523
149.479,33212.35,0.04743008036,32.33571011,0.3233571011,19.46964828,19.46964828
149.606,33225.6,0.04725685401,32.21761212,0.3221761212,19.39854033,19.39854033
149.733,33317.05,0.04606314575,31.40379515,0.3140379515,18.90853315,18.90853315
149.86,33376.3,0.04529149596,30.87771879,0.3087771879,18.59177741,18.59177741
149.987,33481.8625,0.04392007779,29.94274714,0.2994274714,18.02882181,18.02882181
150.114,33519.625,0.04343053501,29.60899875,0.2960899875,17.82786862,17.82786862
150.241,33604.925,0.04232675587,28.85649143,0.2885649143,17.37477659,17.37477659
150.368,33727.0375,0.04075149084,27.7825461,0.277825461,16.72814357,16.72814357
150.495,33754.8,0.04039414724,27.5389252,0.275389252,16.58145703,16.58145703
150.622,33797.6,0.03984382464,27.16373983,0.2716373983,16.35555424,16.35555424
150.749,33659.1125,0.04162702572,28.37944668,0.2837944668,17.08754326,17.08754326
150.876,33899,0.03854279937,26.27675892,0.2627675892,15.82149433,15.82149433
151.003,33953.2625,0.03784817524,25.80319522,0.2580319522,15.53635698,15.53635698
151.13,33894.275,0.03860333757,26.31803116,0.2631803116,15.84634475,15.84634475
151.257,34077.75,0.0362587738,24.71961231,0.2471961231,14.88392109,14.88392109
151.384,34090.3125,0.03609870399,24.61048387,0.2461048387,14.81821378,14.81821378
151.511,34159.1875,0.0352221542,24.01289137,0.2401289137,14.45839747,14.45839747
151.638,34194.0875,0.03477866766,23.71054206,0.2371054206,14.27634998,14.27634998
151.765,34221.55,0.03443001015,23.47284294,0.2347284294,14.13322902,14.13322902
151.892,34279.2,0.03369900843,22.97447863,0.2297447863,13.83315897,13.83315897
152.019,34330.9125,0.03304433941,22.52815453,0.2252815453,13.56442286,13.56442286
152.146,34443.275,0.03162524719,21.56068085,0.2156068085,12.98189746,12.98189746
152.273,34367.65,0.03257984949,22.21148605,0.2221148605,13.37375366,13.37375366
152.4,34427.925,0.03181883814,21.69266251,0.2169266251,13.06136491,13.06136491
152.527,34407.3375,0.03207861889,21.86976942,0.2186976942,13.16800272,13.16800272
152.654,34514.6,0.03072684176,20.94818815,0.2094818815,12.6131096,12.6131096
152.781,34452.95,0.03150327247,21.47752393,0.2147752393,12.93182786,12.93182786
152.908,34489.425,0.03104373237,21.16423002,0.2116423002,12.74319053,12.74319053
153.035,34492.1,0.0310100498,21.14126674,0.2114126674,12.72936411,12.72936411
153.162,34502.3375,0.03088116724,21.05340037,0.2105340037,12.67645891,12.67645891
153.289,34488.35,0.0310572691,21.17345875,0.2117345875,12.74874724,12.74874724
153.416,34585.55,0.02983499986,20.34017019,0.2034017019,12.24701602,12.24701602
153.543,34574,0.02998005868,20.43906481,0.2043906481,12.30656144,12.30656144
153.67,34572.25,0.03000204152,20.45405173,0.2045405173,12.31558521,12.31558521
153.797,34612.4375,0.0294975018,20.11007908,0.2011007908,12.1084759,12.1084759
153.924,34687.6875,0.02855433834,19.46707237,0.1946707237,11.72131526,11.72131526
154.051,34687.9625,0.02855089532,19.46472507,0.1946472507,11.71990192,11.71990192
154.178,34655.7875,0.02895391436,19.73948545,0.1973948545,11.88533785,11.88533785
154.305,34747.975,0.02780018596,18.95292496,0.1895292496,11.41174206,11.41174206
154.432,34761.8625,0.02762664895,18.83461518,0.1883461518,11.34050658,11.34050658
154.559,34770.7125,0.02751609627,18.7592453,0.187592453,11.29512563,11.29512563
154.686,34741.225,0.02788455843,19.01044635,0.1901044635,11.44637625,11.44637625
154.813,34776.8125,0.0274399125,18.70730661,0.1870730661,11.26385284,11.26385284
154.94,34711.0125,0.02826240437,19.26804483,0.1926804483,11.60147882,11.60147882
155.067,34774.975,0.02746285989,18.72295112,0.1872295112,11.27327255,11.27327255
155.194,34780.525,0.0273935531,18.67570084,0.1867570084,11.2448227,11.2448227
155.321,34794,0.02722532721,18.56101195,0.1856101195,11.17576739,11.17576739
155.448,34843.9375,0.02660246027,18.13636909,0.1813636909,10.92008576,10.92008576
155.575,34880.4375,0.02614776276,17.82637664,0.1782637664,10.73343626,10.73343626
155.702,34881.625,0.02613297751,17.81629672,0.1781629672,10.72736704,10.72736704
155.829,34854.15,0.02647519043,18.0496022,0.180496022,10.86784256,10.86784256
155.956,34851.95,0.02650260403,18.06829157,0.1806829157,10.87909561,10.87909561
156.083,34806.3125,0.02707167126,18.45625619,0.1845625619,11.11269291,11.11269291
156.21,34861.9625,0.02637785495,17.98324321,0.1798324321,10.82788716,10.82788716
156.337,34873.4375,0.02623492813,17.8858021,0.178858021,10.76921691,10.76921691
156.464,34908.9375,0.02579305566,17.58455318,0.1758455318,10.58783198,10.58783198
156.591,34893.575,0.02598421924,17.71487997,0.1771487997,10.66630302,10.66630302
156.718,34943.625,0.02536173029,17.29049481,0.1729049481,10.41077655,10.41077655
156.845,34961.7125,0.02513698918,17.13727636,0.1713727636,10.31852222,10.31852222
156.972,34988.6,0.02480312095,16.90965992,0.1690965992,10.18147213,10.18147213
157.099,34982.9625,0.02487310181,16.95736974,0.1695736974,10.21019868,10.21019868
157.226,34919.875,0.02565700592,17.49180054,0.1749180054,10.53198471,10.53198471
157.353,34968.65,0.02505082008,17.07853012,0.1707853012,10.28315054,10.28315054
157.48,35029.25,0.02429884746,16.56586878,0.1656586878,9.974472111,9.974472111
157.607,35031.1375,0.02427544677,16.54991523,0.1654991523,9.964866324,9.964866324
157.734,35017.875,0.02443989821,16.66203088,0.1666203088,10.03237226,10.03237226
157.861,35053.3625,0.02400000226,16.36212947,0.1636212947,9.851798676,9.851798676
157.988,35075.25,0.02372891118,16.17731168,0.1617731168,9.740518071,9.740518071
158.115,35021.7125,0.02439230784,16.62958589,0.1662958589,10.01283681,10.01283681
158.242,35036.5375,0.02420850605,16.50427804,0.1650427804,9.937387724,9.937387724
158.369,35010.8375,0.02452718662,16.72154022,0.1672154022,10.06820341,10.06820341
158.496,35027.6,0.02431930473,16.57981563,0.1657981563,9.982869648,9.982869648
158.623,34915.0125,0.02571748448,17.53303213,0.1753303213,10.55681065,10.55681065
158.75,34935.5625,0.02546194609,17.35881747,0.1735881747,10.4519143,10.4519143
158.877,34988.2625,0.02480731017,16.91251594,0.1691251594,10.18319177,10.18319177
159.004,35006.9875,0.02457494685,16.75410101,0.1675410101,10.08780858,10.08780858
159.131,35046.85,0.02408069654,16.41714322,0.1641714322,9.884922995,9.884922995
159.258,35001.7125,0.0246403931,16.79871934,0.1679871934,10.11467372,10.11467372
159.385,35051.6375,0.02402137472,16.37670026,0.1637670026,9.860571889,9.860571889
159.512,35102.025,0.02339751515,15.95138067,0.1595138067,9.604482791,9.604482791
159.639,35035.725,0.02421857749,16.5111443,0.165111443,9.941521965,9.941521965
159.766,35019.525,0.02441943526,16.64808016,0.1664808016,10.02397239,10.02397239
159.893,35078.2625,0.02369161263,16.1518832,0.161518832,9.72520733,9.72520733
160.02,35079.2875,0.02367892257,16.14323168,0.1614323168,9.719998167,9.719998167
160.147,35060.3375,0.02391359393,16.30322013,0.1630322013,9.816328783,9.816328783
160.274,35094.375,0.02349217393,16.0159148,0.160159148,9.643339423,9.643339423
160.401,35061.15,0.02390352956,16.29635869,0.1629635869,9.812197444,9.812197444
160.528,35137.975,0.02295295683,15.64830067,0.1564830067,9.42199535,9.42199535
160.655,35152.2375,0.02277671252,15.52814517,0.1552814517,9.349648544,9.349648544
160.782,35124.725,0.02311675361,15.75997,0.1575997,9.489232547,9.489232547
160.909,35124.2625,0.02312247216,15.76386865,0.1576386865,9.491579964,9.491579964
161.036,35110.3375,0.02329468218,15.88127374,0.1588127374,9.562270724,9.562270724
161.163,35124.775,0.02311613539,15.75954852,0.1575954852,9.488978774,9.488978774
161.29,35050.1625,0.02403965055,16.3891599,0.163891599,9.868073964,9.868073964
161.417,35136.9125,0.0229660892,15.65725373,0.1565725373,9.427386077,9.427386077
161.544,35098.625,0.02343958317,15.98006077,0.1598006077,9.62175136,9.62175136
161.671,35055.025,0.02397940517,16.34808729,0.1634808729,9.843343742,9.843343742
161.798,35081.975,0.02364565161,16.12054902,0.1612054902,9.706340716,9.706340716
161.925,34930.1125,0.02552970196,17.4050104,0.174050104,10.47972751,10.47972751
162.052,35041.0875,0.02415211031,16.46582994,0.1646582994,9.914237746,9.914237746
162.179,35119.1625,0.02318553577,15.8068626,0.158068626,9.517467043,9.517467043
162.306,35088.975,0.02355900431,16.06147677,0.1606147677,9.670772733,9.670772733
162.433,35086.275,0.02359242336,16.08426038,0.1608426038,9.684490972,9.684490972
162.56,35062.55,0.02388618843,16.28453628,0.1628453628,9.805079054,9.805079054
162.687,35112.0125,0.02327396389,15.86714894,0.1586714894,9.553766043,9.553766043
162.814,35045.125,0.02410207296,16.43171672,0.1643171672,9.893697838,9.893697838
162.941,35000.0875,0.02466055626,16.81246568,0.1681246568,10.12295052,10.12295052
163.068,35059.05,0.02392954256,16.3140932,0.163140932,9.822875562,9.822875562
163.195,35030.3125,0.02428567473,16.5568882,0.165568882,9.969064816,9.969064816
163.322,35101.1125,0.02340880506,15.95907763,0.1595907763,9.609117206,9.609117206
163.449,35077.925,0.02369579115,16.15473192,0.1615473192,9.726922576,9.726922576
163.576,35038.9875,0.0241781382,16.4835746,0.164835746,9.924921977,9.924921977
163.703,35011.5875,0.02451788329,16.71519762,0.1671519762,10.06438447,10.06438447
163.83,35072.025,0.0237688443,16.2045363,0.162045363,9.756910279,9.756910279
163.957,35027.1,0.02432550409,16.58404208,0.1658404208,9.985414434,9.985414434
164.084,34956.9,0.02519677418,17.17803511,0.1717803511,10.34306346,10.34306346
164.211,35049.55,0.02404723989,16.39433398,0.1639433398,9.871189325,9.871189325
164.338,35018.2375,0.02443540248,16.65896589,0.1665896589,10.0305268,10.0305268
164.465,35021.025,0.02440083342,16.63539825,0.1663539825,10.01633649,10.01633649
164.592,34980.0875,0.02490879484,16.98170366,0.1698170366,10.22485037,10.22485037
164.719,35010.1625,0.02453555979,16.72724867,0.1672724867,10.07164053,10.07164053
164.846,35025.8125,0.02434146786,16.59492546,0.1659492546,9.991967425,9.991967425
164.973,34992.925,0.02474944039,16.87306291,0.1687306291,10.15943671,10.15943671
165.1,34984.475,0.02485432535,16.94456879,0.1694456879,10.2024911,10.2024911
165.227,34963.5,0.02511478542,17.12213883,0.1712213883,10.30940777,10.30940777
165.354,34958.1625,0.02518108953,17.16734201,0.1716734201,10.33662504,10.33662504
165.481,34972.85,0.02499866116,17.0429705,0.170429705,10.26173974,10.26173974
165.608,35006.825,0.02457696282,16.75547541,0.1675547541,10.08863612,10.08863612
165.735,34990.3125,0.02478186514,16.89516865,0.1689516865,10.1727468,10.1727468
165.862,34956.5375,0.0252012778,17.18110547,0.1718110547,10.34491216,10.34491216
165.989,35012.65,0.02450470392,16.70621251,0.1670621251,10.05897445,10.05897445
166.116,34951.3375,0.02526588658,17.22515285,0.1722515285,10.37143352,10.37143352
166.243,35022.4625,0.0243830074,16.62324526,0.1662324526,10.00901906,10.00901906
166.37,35084.4625,0.02361485889,16.09955593,0.1609955593,9.693700567,9.693700567
166.497,34985.525,0.02484129093,16.93568251,0.1693568251,10.19714058,10.19714058
166.624,34970.0375,0.02503358832,17.06678227,0.1706678227,10.27607704,10.27607704
166.751,35018.3875,0.02443354219,16.65769763,0.1665769763,10.02976316,10.02976316
166.878,35030.6625,0.02428133557,16.55392995,0.1655392995,9.967283626,9.967283626
167.005,34996.8625,0.02470057513,16.83974876,0.1683974876,10.13937793,10.13937793
167.132,34957.6,0.02518807767,17.17210621,0.1717210621,10.33949362,10.33949362
167.259,35012.65,0.02450470392,16.70621251,0.1670621251,10.05897445,10.05897445
167.386,34988.725,0.0248015694,16.90860214,0.1690860214,10.18083523,10.18083523
167.513,34937.8,0.02543413194,17.33985503,0.1733985503,10.44049682,10.44049682
167.64,34948.5,0.02530114591,17.24919109,0.1724919109,10.38590718,10.38590718
167.767,34997.55,0.02469204367,16.83393239,0.1683393239,10.13587584,10.13587584
167.894,35045.6375,0.02409572189,16.42738684,0.1642738684,9.891090774,9.891090774
168.021,34934.5375,0.02547468836,17.36750458,0.1736750458,10.45714489,10.45714489
168.148,34911.6125,0.02575977784,17.56186585,0.1756186585,10.57417172,10.57417172
168.275,34933.5125,0.025487431,17.37619194,0.1737619194,10.46237564,10.46237564
168.402,34902.6625,0.02587112858,17.63777981,0.1763777981,10.61988026,10.61988026
168.529,34928.8,0.0255460209,17.41613592,0.1741613592,10.4864263,10.4864263
168.656,34836.7125,0.02669252194,18.19776911,0.1819776911,10.95705531,10.95705531
168.783,34871.9375,0.0262536087,17.89853768,0.1789853768,10.77688513,10.77688513
168.91,34899.275,0.02591328135,17.66651769,0.1766651769,10.63718362,10.63718362
169.037,34896.4375,0.02594859328,17.69059178,0.1769059178,10.65167887,10.65167887
169.164,34897.3125,0.02593770383,17.68316785,0.1768316785,10.64720884,10.64720884
169.291,34895.6375,0.02595854959,17.69737955,0.1769737955,10.65576585,10.65576585
169.418,34842.2875,0.02662302634,18.15039012,0.1815039012,10.92852795,10.92852795
169.545,34879.25,0.02616254851,17.8364569,0.178364569,10.73950568,10.73950568
169.672,34829.925,0.02677714706,18.25546274,0.1825546274,10.99179321,10.99179321
169.799,34862.3125,0.02637349483,17.98027068,0.1798027068,10.82609737,10.82609737
169.926,34873.6625,0.02623212612,17.88389181,0.1788389181,10.76806671,10.76806671
170.053,34892.0625,0.02600304461,17.72771427,0.1772771427,10.67403068,10.67403068
170.18,34934.775,0.02547173585,17.36549169,0.1736549169,10.45593291,10.45593291
170.307,34894.325,0.02597488464,17.70851606,0.1770851606,10.66247125,10.66247125
170.434,34887.775,0.02605641354,17.76409882,0.1776409882,10.69593817,10.69593817
170.561,34851.3875,0.02650961347,18.07307029,0.1807307029,10.88197293,10.88197293
170.688,34822.4,0.02687098645,18.31943825,0.1831943825,11.03031349,11.03031349
170.815,34822.9625,0.02686397118,18.31465555,0.1831465555,11.02743378,11.02743378
170.942,34792.175,0.02724810723,18.57654235,0.1857654235,11.18511839,11.18511839
171.069,34828.3625,0.02679663031,18.26874555,0.1826874555,10.99979092,10.99979092
171.196,34812.9125,0.02698932781,18.4001181,0.184001181,11.07889162,11.07889162
171.323,34751.4375,0.02775691237,18.92342296,0.1892342296,11.39397861,11.39397861
171.45,34798.8125,0.02716526232,18.52006239,0.1852006239,11.15111126,11.15111126
171.577,34791.175,0.02726058995,18.58505251,0.1858505251,11.19024244,11.19024244
171.704,34753.4875,0.02773129393,18.90595746,0.1890595746,11.38346246,11.38346246
171.831,34814.8125,0.02696562578,18.38395911,0.1838395911,11.06916214,11.06916214
171.958,34758.2,0.0276724085,18.865812,0.18865812,11.35929049,11.35929049
172.085,34741.525,0.0278808082,19.0078896,0.190078896,11.44483681,11.44483681
172.212,34726.225,0.02807211152,19.13831166,0.1913831166,11.52336521,11.52336521
172.339,34736.8625,0.02793909677,19.04762815,0.1904762815,11.46876377,11.46876377
172.466,34787.3375,0.02730849569,18.6177125,0.186177125,11.20990734,11.20990734
172.593,34762.1,0.02762368177,18.83259229,0.1883259229,11.33928858,11.33928858
