x_mm,intensity,net_od,dose_cgy,dose_gy,normalized_percent,smoothed_percent
0,35512.9375,0.01834308931,12.50549891,0.1250549891,7.894042207,7.894042207
0.127,35459.2875,0.01899968147,12.95313412,0.1295313412,8.176609999,8.176609999
0.254,35494.45,0.01856923534,12.65967517,0.1265967517,7.991365307,7.991365307
0.381,35448.875,0.01912722931,13.04009053,0.1304009053,8.231500862,8.231500862
0.508,35387.75,0.01987673584,13.55107061,0.1355107061,8.554054831,8.554054831
0.635,35320.35,0.02070468786,14.11553131,0.1411553131,8.910368211,8.910368211
0.762,35200.275,0.02218362995,15.12380797,0.1512380797,9.546838496,9.546838496
0.889,35202.5625,0.02215540812,15.10456758,0.1510456758,9.534693086,9.534693086
1.016,35162.5375,0.022649478,15.44140236,0.1544140236,9.747318586,9.747318586
1.143,35079.25,0.02367938683,16.14354819,0.1614354819,10.19054511,10.19054511
1.27,35055.5125,0.0239733656,16.34396979,0.1634396979,10.31706038,10.31706038
1.397,35019.8625,0.02441524978,16.64522668,0.1664522668,10.50722749,10.50722749
1.524,35025.075,0.02435061242,16.60115981,0.1660115981,10.47941047,10.47941047
1.651,34940.8625,0.02539606519,17.31390281,0.1731390281,10.92932642,10.92932642
1.778,34907.0875,0.02581607171,17.6002445,0.176002445,11.11007837,11.11007837
1.905,34829.2,0.02678618718,18.26162589,0.1826162589,11.52757252,11.52757252
2.032,34822.35,0.02687161004,18.31986338,0.1831986338,11.56433468,11.56433468
2.159,34853.2375,0.02648656063,18.0573539,0.180573539,11.3986267,11.3986267
2.286,34765.5375,0.02758073806,18.80331519,0.1880331519,11.86951155,11.86951155
2.413,34747.6375,0.02780440419,18.95580077,0.1895580077,11.96576741,11.96576741
2.54,34773.325,0.02748346675,18.73699995,0.1873699995,11.82765034,11.82765034
2.667,34736.35,0.0279455043,19.05199652,0.1905199652,12.02649056,12.02649056
2.794,34715.525,0.0282059489,19.22955601,0.1922955601,12.13857423,12.13857423
2.921,34693.0375,0.02848736079,19.42141007,0.1942141007,12.25968127,12.25968127
3.048,34667.3875,0.02880857145,19.64039715,0.1964039715,12.39791592,12.39791592
3.175,34630.0875,0.02927609746,19.95913549,0.1995913549,12.59911813,12.59911813
3.302,34675.9,0.0287019445,19.56770365,0.1956770365,12.35202847,12.35202847
3.429,34592.6125,0.02974632434,20.27971518,0.2027971518,12.80148267,12.80148267
3.556,34585.975,0.02982966312,20.33653184,0.2033653184,12.83734794,12.83734794
3.683,34561.7125,0.03013443312,20.54431041,0.2054431041,12.96850727,12.96850727
3.81,34586.85,0.02981867593,20.32904126,0.2032904126,12.83261954,12.83261954
3.937,34526.7875,0.03057351448,20.84365646,0.2084365646,13.15746817,13.15746817
4.064,34503.0625,0.03087204148,21.04717884,0.2104717884,13.28594079,13.28594079
4.191,34504.925,0.03084859858,21.03119652,0.2103119652,13.27585202,13.27585202
4.318,34521.0125,0.03064616127,20.8931838,0.208931838,13.18873209,13.18873209
4.445,34496.8625,0.03095008868,21.10038794,0.2110038794,13.31952881,13.31952881
4.572,34458.475,0.03143363301,21.43004686,0.2143004686,13.52762458,13.52762458
4.699,34471.2375,0.0312728117,21.32040607,0.2132040607,13.4584143,13.4584143
4.826,34405.1,0.03210686186,21.88902421,0.2188902421,13.81735205,13.81735205
4.953,34428.4125,0.03181268857,21.68847,0.2168847,13.69075307,13.69075307
5.08,34459.6125,0.03141929686,21.42027311,0.2142027311,13.52145494,13.52145494
5.207,34465.725,0.03134226786,21.36775818,0.2136775818,13.48830512,13.48830512
5.334,34428.575,0.03181063873,21.68707252,0.2168707252,13.68987091,13.68987091
5.461,34438.175,0.03168955774,21.60452491,0.2160452491,13.63776309,13.63776309
5.588,34502.675,0.03087691902,21.05050412,0.2105050412,13.28803986,13.28803986
5.715,34522.45,0.03062807706,20.88085479,0.2088085479,13.18094946,13.18094946
5.842,34483.975,0.03111236477,21.21102052,0.2121102052,13.38936515,13.38936515
5.969,34514.65,0.03072621261,20.94775923,0.2094775923,13.22318259,13.22318259
6.096,34221.475,0.03443096195,23.47349184,0.2347349184,14.8175404,14.8175404
6.223,34479.8625,0.03116416108,21.24633293,0.2124633293,13.41165595,13.41165595
6.35,34460.775,0.03140464612,21.41028489,0.2141028489,13.51514992,13.51514992
6.477,34439.4125,0.0316739521,21.59388568,0.2159388568,13.63104712,13.63104712
6.604,34435.1125,0.03172818017,21.63085595,0.2163085595,13.65438445,13.65438445
6.731,34459.5625,0.03141992701,21.42070272,0.2142070272,13.52172613,13.52172613
6.858,34505.7125,0.03083868687,21.02443915,0.2102443915,13.27158646,13.27158646
6.985,34516.2875,0.0307056086,20.93371233,0.2093371233,13.21431555,13.21431555
7.112,34511.7,0.03076333376,20.97306677,0.2097306677,13.23915787,13.23915787
7.239,34515.075,0.03072086491,20.94411341,0.2094411341,13.22088118,13.22088118
7.366,34513.575,0.03073973944,20.95698122,0.2095698122,13.22900393,13.22900393
7.493,34525.15,0.03059411222,20.85769909,0.2085769909,13.16633252,13.16633252
7.62,34565.6125,0.03008542939,20.51090185,0.2051090185,12.94741826,12.94741826
7.747,34528.55,0.03055134547,20.82854263,0.2082854263,13.14792763,13.14792763
7.874,34594.2375,0.02972592369,20.26580692,0.2026580692,12.79270314,12.79270314
8.001,34560.075,0.03015501006,20.55833884,0.2055833884,12.97736265,12.97736265
8.128,34551.6875,0.03026042323,20.63020483,0.2063020483,13.02272775,13.02272775
8.255,34586.375,0.02982464037,20.33310755,0.2033310755,12.83518637,12.83518637
8.382,34569.425,0.03003753044,20.47824649,0.2047824649,12.9268047,12.9268047
8.509,34565,0.03009312512,20.51614846,0.2051614846,12.95073016,12.95073016
8.636,34627.875,0.02930384521,19.97805267,0.1997805267,12.61105952,12.61105952
8.763,34627.4375,0.02930933227,19.9817935,0.199817935,12.6134209,12.6134209
8.89,34582.5625,0.02987251584,20.36574691,0.2036574691,12.85578983,12.85578983
9.017,34613.675,0.02948197472,20.09949342,0.2009949342,12.68771846,12.68771846
9.144,34663.1125,0.02886212967,19.67691075,0.1967691075,12.42096497,12.42096497
9.271,34601.7,0.0296322499,20.20194432,0.2020194432,12.75239015,12.75239015
9.398,34593.7875,0.029731573,20.26965838,0.2026965838,12.79513436,12.79513436
9.525,34647.5125,0.02905762622,19.81019156,0.1981019156,12.50509791,12.50509791
9.652,34650.675,0.02901798719,19.78316745,0.1978316745,12.48803906,12.48803906
9.779,34672.325,0.0287467215,19.59823061,0.1959823061,12.37129848,12.37129848
9.906,34738.9,0.02791362386,19.03026185,0.1903026185,12.01277065,12.01277065
10.033,34706.7125,0.0283162081,19.30472581,0.1930472581,12.18602484,12.18602484
10.16,34713.2625,0.02823425391,19.2488531,0.192488531,12.15075543,12.15075543
10.287,34723.1375,0.02811072625,19.16463746,0.1916463746,12.09759467,12.09759467
10.414,34712.875,0.02823910191,19.25215825,0.1925215825,12.1528418,12.1528418
10.541,34707.9375,0.02830087961,19.29427553,0.1929427553,12.17942814,12.17942814
10.668,34755.9125,0.02770099115,18.88529837,0.1888529837,11.92126308,11.92126308
10.795,34701.775,0.02837799677,19.34685056,0.1934685056,12.21261591,12.21261591
10.922,34773.1375,0.0274858085,18.73859645,0.1873859645,11.82865813,11.82865813
11.049,34720.775,0.02814027587,19.18478307,0.1918478307,12.1103115,12.1103115
11.176,34775.0875,0.02746145492,18.72199327,0.1872199327,11.81817744,11.81817744
11.303,34738.875,0.0279139364,19.03047493,0.1903047493,12.01290516,12.01290516
11.43,34809.575,0.02703096545,18.42850478,0.1842850478,11.6329141,11.6329141
11.557,34809.4875,0.02703205713,18.42924904,0.1842924904,11.6333839,11.6333839
11.684,34830.4375,0.02677075674,18.25110611,0.1825110611,11.52093195,11.52093195
11.811,34804.375,0.02709584702,18.47273814,0.1847273814,11.66083621,11.66083621
11.938,34820.1125,0.0268995164,18.33888869,0.1833888869,11.57634433,11.57634433
12.065,34836.65,0.0266933011,18.19830031,0.1819830031,11.48759852,11.48759852
12.192,34875.9625,0.02620348432,17.86436511,0.1786436511,11.27680336,11.27680336
12.319,34813.1625,0.02698620905,18.39799187,0.1839799187,11.61365295,11.61365295
12.446,34872.4375,0.02624738176,17.89429242,0.1789429242,11.29569485,11.29569485
12.573,34841.8875,0.0266280122,18.15378926,0.1815378926,11.45950111,11.45950111
12.7,34838.7,0.02666774533,18.18087752,0.1818087752,11.47660046,11.47660046
12.827,34886.6,0.02607104057,17.77407088,0.1777407088,11.21980552,11.21980552
12.954,34883.075,0.02611492463,17.80398907,0.1780398907,11.23869125,11.23869125
13.081,34914.9625,0.02571810641,17.53345613,0.1753345613,11.0679185,11.0679185
13.208,34927.3,0.02556467186,17.42885131,0.1742885131,11.00188716,11.00188716
13.335,34925.7125,0.02558441166,17.44230903,0.1744230903,11.01038228,11.01038228
13.462,34919.4,0.02566291348,17.49582806,0.1749582806,11.04416594,11.04416594
13.589,35175.8625,0.02248493135,15.3292218,0.153292218,9.676505094,9.676505094
13.716,35353.6625,0.02029527468,13.8364117,0.138364117,8.734175158,8.734175158
13.843,34908.5375,0.025798032,17.58794583,0.1758794583,11.10231489,11.10231489
13.97,34922.65,0.02562249493,17.4682725,0.174682725,11.02677161,11.02677161
14.097,34859.5125,0.026408377,18.00405179,0.1800405179,11.36497998,11.36497998
14.224,35020.975,0.02440145347,16.63582097,0.1663582097,10.50129018,10.50129018
14.351,34990.7375,0.02477659013,16.89157239,0.1689157239,10.66273216,10.66273216
14.478,35060.6125,0.0239101875,16.30089778,0.1630089778,10.28987136,10.28987136
14.605,35021.2625,0.0243978882,16.63339033,0.1663339033,10.49975585,10.49975585
14.732,35031,0.02427715141,16.55107738,0.1655107738,10.44779615,10.44779615
14.859,35064.1875,0.02386590637,16.27070888,0.1627070888,10.27081475,10.27081475
14.986,35012.075,0.02451183623,16.71107501,0.1671107501,10.54879397,10.54879397
15.113,35077.1,0.02370600547,16.16169559,0.1616169559,10.20200058,10.20200058
15.24,35026.3125,0.02433526827,16.59069886,0.1659069886,10.47280704,10.47280704
15.367,35047.3125,0.02407496536,16.41323596,0.1641323596,10.36078435,10.36078435
15.494,35113.05,0.02326113142,15.85840034,0.1585840034,10.01054676,10.01054676
15.621,35053.525,0.02399798897,16.3607569,0.163607569,10.32765717,10.32765717
15.748,35072.1375,0.02376745122,16.20358656,0.1620358656,10.22844407,10.22844407
15.875,35082.4375,0.02363992616,16.11664567,0.1611664567,10.17356301,10.17356301
16.002,35127.675,0.0230802803,15.73510412,0.1573510412,9.932716557,9.932716557
16.129,35138.5875,0.02294538659,15.64313961,0.1564313961,9.874664358,9.874664358
16.256,35133.2375,0.02301151481,15.68822288,0.1568822288,9.903122977,9.903122977
16.383,35091.3,0.02353022886,16.04185895,0.1604185895,10.12635422,10.12635422
16.51,35135.575,0.0229826211,15.66852444,0.1566852444,9.890688421,9.890688421
16.637,35092.3375,0.02351738881,16.03310518,0.1603310518,10.12082844,10.12082844
16.764,35069.2125,0.02380367269,16.22828074,0.1622828074,10.24403217,10.24403217
16.891,35120.1,0.02317394251,15.79895883,0.1579895883,9.973024565,9.973024565
17.018,35119.2875,0.02318398998,15.80580875,0.1580580875,9.977348548,9.977348548
17.145,35146.05,0.0228531638,15.58026624,0.1558026624,9.83497581,9.83497581
17.272,35195.0625,0.02224794557,15.16765548,0.1516765548,9.574517053,9.574517053
17.399,35196.4875,0.02223036194,15.15566775,0.1515566775,9.566949846,9.566949846
17.526,35205.3375,0.02212117425,15.08122846,0.1508122846,9.519960368,9.519960368
17.653,35212.4125,0.02203390553,15.02173255,0.1502173255,9.482403828,9.482403828
17.78,35242.6875,0.02166066736,14.76727543,0.1476727543,9.321778875,9.321778875
17.907,35141.575,0.02290846423,15.6179676,0.156179676,9.858774631,9.858774631
18.034,35223.4125,0.02189825753,14.9292538,0.149292538,9.424027019,9.424027019
18.161,35228.55,0.02183491826,14.88607192,0.1488607192,9.396768641,9.396768641
18.288,35211.6875,0.02204284746,15.02782875,0.1502782875,9.486252031,9.486252031
18.415,35202.2875,0.02215880081,15.10688057,0.1510688057,9.536153148,9.536153148
18.542,35248.825,0.02158504174,14.71571726,0.1471571726,9.289233,9.289233
18.669,35216.225,0.02198688637,14.98967698,0.1498967698,9.462168892,9.462168892
18.796,35272.7125,0.02129082779,14.51513534,0.1451513534,9.162616526,9.162616526
18.923,35217.275,0.02197393773,14.98084917,0.1498084917,9.456596376,9.456596376
19.05,35226.1125,0.02186496859,14.90655889,0.1490655889,9.409700952,9.409700952
19.177,35217.825,0.02196715526,14.97622519,0.1497622519,9.453677506,9.453677506
19.304,35270.675,0.02131591519,14.5322388,0.145322388,9.173413016,9.173413016
19.431,35228.6375,0.02183383957,14.88533651,0.1488533651,9.396304421,9.396304421
19.558,35265.725,0.02137686975,14.5737949,0.145737949,9.199645124,9.199645124
19.685,35270.525,0.02131776217,14.53349799,0.1453349799,9.174207875,9.174207875
19.812,35318.95,0.02072190242,14.12726743,0.1412726743,8.917776585,8.917776585
19.939,35191.7625,0.0222886683,15.19541842,0.1519541842,9.592042288,9.592042288
20.066,35247.775,0.02159797879,14.72453717,0.1472453717,9.294800528,9.294800528
20.193,35246.9375,0.02160829791,14.73157228,0.1473157228,9.299241413,9.299241413
20.32,35251.3625,0.02155377878,14.69440357,0.1469440357,9.275778826,9.275778826
20.447,35271.05,0.02131129777,14.52909085,0.1452909085,9.171425885,9.171425885
20.574,35265.3375,0.02138164181,14.57704828,0.1457704828,9.201698802,9.201698802
20.701,35265.8625,0.02137517646,14.57264049,0.1457264049,9.198916404,9.198916404
20.828,35249.725,0.02157395314,14.70815755,0.1470815755,9.284460966,9.284460966
20.955,35258.3125,0.02146816367,14.63603502,0.1463603502,9.238933928,9.238933928
21.082,35280.1375,0.02119941727,14.45281572,0.1445281572,9.12327754,9.12327754
21.209,35229.15,0.02182752158,14.88102919,0.1488102919,9.39358544,9.39358544
21.336,35247.5125,0.02160121312,14.72674219,0.1472674219,9.296192436,9.296192436
21.463,35266.125,0.02137194381,14.57043662,0.1457043662,9.197525221,9.197525221
21.59,35205.15,0.02212348727,15.08280537,0.1508280537,9.520955785,9.520955785
21.717,35198.5375,0.02220506743,15.13842308,0.1513842308,9.556064227,9.556064227
21.844,35252.825,0.02153576125,14.68212002,0.1468212002,9.26802489,9.26802489
21.971,35230.2875,0.02181349904,14.87146925,0.1487146925,9.38755077,9.38755077
22.098,35267.55,0.02135439561,14.55847304,0.1455847304,9.189973262,9.189973262
22.225,35235.0625,0.02175464015,14.83134189,0.1483134189,9.362220546,9.362220546
22.352,35241.95,0.02166975565,14.77347142,0.1477347142,9.325690064,9.325690064
22.479,35226.3375,0.02186219463,14.90466772,0.1490466772,9.408507163,9.408507163
22.606,35213.4375,0.02202126381,15.01311399,0.1501311399,9.4769634,9.4769634
22.733,35245.6,0.0216247782,14.74280781,0.1474280781,9.306333792,9.306333792
22.86,35211.6375,0.02204346415,15.02824918,0.1502824918,9.486517427,9.486517427
22.987,35202.2375,0.02215941766,15.10730111,0.1510730111,9.536418615,9.536418615
23.114,35230.3125,0.02181319086,14.87125914,0.1487125914,9.387418142,9.387418142
23.241,35185.1875,0.02236981664,15.25074173,0.1525074173,9.626964889,9.626964889
23.368,35256.625,0.02148894996,14.65020618,0.1465020618,9.247879413,9.247879413
23.495,35242.1375,0.02166744505,14.77189616,0.1477189616,9.324695686,9.324695686
23.622,35290.075,0.021077105,14.36942868,0.1436942868,9.07063983,9.07063983
23.749,35231.6125,0.02179716567,14.86033389,0.1486033389,9.38052162,9.38052162
23.876,35286.975,0.02111525658,14.39543872,0.1439543872,9.087058556,9.087058556
24.003,35237.9,0.02171966758,14.80749914,0.1480749914,9.347169918,9.347169918
24.13,35216.2875,0.02198611561,14.98915151,0.1498915151,9.46183719,9.46183719
24.257,35176.05,0.02248261641,15.32764358,0.1532764358,9.675508848,9.675508848
24.384,35130.7875,0.02304180119,15.70887078,0.1570887078,9.916156875,9.916156875
24.511,35124.3,0.02312200849,15.76355254,0.1576355254,9.950674497,9.950674497
24.638,35092.075,0.02352063746,16.03531997,0.1603531997,10.12222651,10.12222651
24.765,35145.1,0.02286490297,15.58826948,0.1558826948,9.840027821,9.840027821
24.892,35135.6875,0.02298123054,15.66757642,0.1566757642,9.890089987,9.890089987
25.019,35199.7125,0.02219057003,15.1285394,0.151285394,9.549825194,9.549825194
25.146,35115.8875,0.02322603733,15.83447475,0.1583447475,9.995443836,9.995443836
25.273,35184.3,0.02238077128,15.25821012,0.1525821012,9.631679276,9.631679276
25.4,35193.2625,0.0222701575,15.18279858,0.1518279858,9.584076068,9.584076068
25.527,35174.9125,0.02249666057,15.33721826,0.1533721826,9.681552823,9.681552823
25.654,35171.225,0.02254219145,15.36825918,0.1536825918,9.701147271,9.701147271
25.781,35187.775,0.02233788003,15.22896878,0.1522896878,9.613220805,9.613220805
25.908,35182.75,0.022399904,15.27125395,0.1527125395,9.639913139,9.639913139
26.035,35101.675,0.02340184549,15.9543329,0.159543329,10.07110378,10.07110378
26.162,35147.55,0.02283462892,15.56762998,0.1556762998,9.82699923,9.82699923
26.289,35098.1625,0.02344530597,15.98396232,0.1598396232,10.08980722,10.08980722
26.416,35132.2125,0.02302418539,15.69686112,0.1569686112,9.908575824,9.908575824
26.543,35137.5375,0.02295836423,15.65198719,0.1565198719,9.880249353,9.880249353
26.67,35110.7375,0.02328973444,15.8779006,0.158779006,10.02285621,10.02285621
26.797,35114,0.02324938154,15.85038979,0.1585038979,10.00549014,10.00549014
26.924,35118.45,0.02319434685,15.8128696,0.158128696,9.98180568,9.98180568
27.051,35107.7,0.02332730774,15.9035164,0.159035164,10.03902608,10.03902608
27.178,35098.6375,0.0234394285,15.97995532,0.1597995532,10.08727782,10.08727782
27.305,35060.275,0.02391436812,16.30374794,0.1630374794,10.29167051,10.29167051
27.432,34972.9375,0.02499757458,17.04222972,0.1704222972,10.75783395,10.75783395
27.559,35001.95,0.02463744626,16.79671031,0.1679671031,10.60285088,10.60285088
27.686,35041.5625,0.02414622326,16.46181642,0.1646181642,10.39145056,10.39145056
27.813,35002.8875,0.02462581417,16.78878008,0.1678878008,10.59784496,10.59784496
27.94,34936.3125,0.02545262271,17.35246121,0.1735246121,10.95366623,10.95366623
28.067,34922.525,0.02562404942,17.46933228,0.1746933228,11.02744059,11.02744059
28.194,34876.1875,0.02620068251,17.86245496,0.1786245496,11.27559759,11.27559759
28.321,34955.8625,0.02520966397,17.18682279,0.1718682279,10.8491077,10.8491077
28.448,34908.6375,0.02579678791,17.58709766,0.1758709766,11.10177948,11.10177948
28.575,34888.8125,0.02604349859,17.75529399,0.1775529399,11.20795269,11.20795269
28.702,34890.925,0.02601720308,17.73736688,0.1773736688,11.19663628,11.19663628
28.829,34871.7125,0.02625641086,17.90044806,0.1790044806,11.29958057,11.29958057
28.956,34878.85,0.02616752909,17.83985244,0.1783985244,11.26132984,11.26132984
29.083,34835.5,0.02670763792,18.20807451,0.1820807451,11.49376844,11.49376844
29.21,34830.9875,0.02676389894,18.24643077,0.1824643077,11.51798066,11.51798066
29.337,34835.475,0.0267079496,18.208287,0.18208287,11.49390257,11.49390257
29.464,34824.35,0.02684666732,18.30285855,0.1830285855,11.55360045,11.55360045
29.591,34782.55,0.02736826824,18.65846276,0.1865846276,11.77807407,11.77807407
29.718,34776.4125,0.02744490775,18.71071215,0.1871071215,11.81105628,11.81105628
29.845,34730.175,0.02802271468,19.10463511,0.1910463511,12.05971845,12.05971845
29.972,34712.1875,0.02824770335,19.25802233,0.1925802233,12.15654347,12.15654347
30.099,34679.85,0.02865247598,19.53397823,0.1953397823,12.33073944,12.33073944
30.226,34672.075,0.02874985293,19.60036548,0.1960036548,12.37264611,12.37264611
30.353,34649.9625,0.02902691741,19.78925567,0.1978925567,12.49188222,12.49188222
30.48,34620.175,0.0294004275,20.04389816,0.2004389816,12.6526242,12.6526242
30.607,34673.3125,0.02873435257,19.58979803,0.1958979803,12.36597544,12.36597544
30.734,34668.85,0.02879025042,19.62790669,0.1962790669,12.39003137,12.39003137
30.861,34687,0.02856294602,19.4729407,0.194729407,12.29220976,12.29220976
30.988,34677.2875,0.02868456726,19.55585663,0.1955585663,12.34455008,12.34455008
31.115,34654.9375,0.0289645664,19.74674754,0.1974674754,12.46504915,12.46504915
31.242,34675.9,0.0287019445,19.56770365,0.1956770365,12.35202847,12.35202847
31.369,34687.65,0.02855480785,19.46739246,0.1946739246,12.28870746,12.28870746
31.496,34612.925,0.029491385,20.10590893,0.2010590893,12.69176822,12.69176822
31.623,34642.5875,0.02911936376,19.85228146,0.1985228146,12.53166698,12.53166698
31.75,34652.7,0.02899260758,19.76586476,0.1976586476,12.47711681,12.47711681
31.877,34611.5375,0.02950879456,20.11777799,0.2011777799,12.69926051,12.69926051
32.004,34619.2125,0.0294125018,20.05212988,0.2005212988,12.65782043,12.65782043
32.131,34606.4375,0.02957279244,20.16140888,0.2016140888,12.72680233,12.72680233
32.258,34591.3875,0.02976170393,20.2902003,0.202902003,12.80810135,12.80810135
32.385,34607.675,0.02955726268,20.15082138,0.2015082138,12.72011902,12.72011902
32.512,34608.6375,0.02954518436,20.14258692,0.2014258692,12.71492105,12.71492105
32.639,34581.4875,0.02988601611,20.37495079,0.2037495079,12.86159974,12.86159974
32.766,34509.7125,0.03078834514,20.99011841,0.2099011841,13.24992164,13.24992164
32.893,34571.7625,0.0300081655,20.45822679,0.2045822679,12.91416735,12.91416735
33.02,34601.2875,0.02963742732,20.20547406,0.2020547406,12.75461828,12.75461828
33.147,34569.0125,0.0300427127,20.48177952,0.2048177952,12.92903491,12.92903491
33.274,34544.6375,0.03034904664,20.69062432,0.2069062432,13.06086729,13.06086729
33.401,34552.4875,0.03025036781,20.6233495,0.206233495,13.01840035,13.01840035
33.528,34456.7875,0.0314549018,21.44454697,0.2144454697,13.53677771,13.53677771
33.655,34533.5625,0.03048830364,20.78556352,0.2078556352,13.12079725,13.12079725
33.782,34544.075,0.03035611844,20.69544555,0.2069544555,13.06391067,13.06391067
33.909,34507.875,0.03081147014,21.00588401,0.2100588401,13.25987361,13.25987361
34.036,34560.025,0.03015563837,20.5587672,0.205587672,12.97763305,12.97763305
34.163,34503.85,0.03086212922,21.04042111,0.2104042111,13.281675,13.281675
34.29,34490.8875,0.03102531681,21.15167511,0.2115167511,13.35190361,13.35190361
34.417,34500.0125,0.03091043391,21.07335309,0.2107335309,13.30246317,13.30246317
34.544,34425.4625,0.0318499027,21.71384094,0.2171384094,13.70676837,13.70676837
34.671,34428.2125,0.03181521146,21.69019,0.2169019,13.69183881,13.69183881
34.798,34455.375,0.03147270536,21.45668464,0.2145668464,13.54443956,13.54443956
34.925,34427.5,0.03182419938,21.69631756,0.2169631756,13.69570681,13.69570681
35.052,34402.325,0.03214189201,21.91290621,0.2191290621,13.83242746,13.83242746
35.179,34377.5875,0.0324542902,22.12588534,0.2212588534,13.96686961,13.96686961
35.306,34348.7375,0.0328189073,22.37446499,0.2237446499,14.12378444,14.12378444
35.433,34343.225,0.03288861118,22.42198598,0.2242198598,14.15378187,14.15378187
35.56,34369.6625,0.03255441883,22.19414856,0.2219414856,14.00996048,14.00996048
35.687,34331.25,0.03304006998,22.52524382,0.2252524382,14.21896293,14.21896293
35.814,34238.4375,0.03421574928,23.32676945,0.2332676945,14.72492253,14.72492253
35.941,34282.1625,0.03366147717,22.94889149,0.2294889149,14.48638869,14.48638869
36.068,34221.9625,0.03442477528,23.46927404,0.2346927404,14.81487793,14.81487793
36.195,34238.2,0.03421876184,23.32882328,0.2332882328,14.726219,14.726219
36.322,34216.325,0.03449632397,23.51805275,0.2351805275,14.84566928,14.84566928
36.449,34187.45,0.03486297783,23.76802097,0.2376802097,15.00346064,15.00346064
36.576,34176.575,0.03500114853,23.86221958,0.2386221958,15.06292311,15.06292311
36.703,34189.9375,0.03483137944,23.7464786,0.237464786,14.98986211,14.98986211
36.83,34147.7,0.03536822901,24.11247865,0.2411247865,15.22089807,15.22089807
36.957,34185.8125,0.03488378003,23.78220298,0.2378220298,15.01241298,15.01241298
37.084,34200.9875,0.03469104053,23.6508018,0.236508018,14.92946655,14.92946655
37.211,34108.5125,0.03586690646,24.45245466,0.2445245466,15.43550646,15.43550646
37.338,34159.675,0.03521595624,24.00866588,0.2400866588,15.15536671,15.15536671
37.465,33976.6375,0.03754928966,25.59942838,0.2559942838,16.15952866,16.15952866
37.592,34193,0.03479248007,23.71995874,0.2371995874,14.97312157,14.97312157
37.719,34137,0.0355043342,24.20526909,0.2420526909,15.27947163,15.27947163
37.846,34115.1125,0.03578287857,24.3951682,0.243951682,15.39934462,15.39934462
37.973,34146.7,0.03538094731,24.12114943,0.2412114943,15.22637146,15.22637146
38.1,34140.925,0.03545440281,24.1712281,0.241712281,15.2579834,15.2579834
38.227,34170.9625,0.03507247451,23.91084645,0.2391084645,15.09361861,15.09361861
38.354,34115.05,0.03578367421,24.39571063,0.2439571063,15.39968703,15.39968703
38.481,34276.8875,0.03372830725,22.99445325,0.2299445325,14.51514936,14.51514936
38.608,34281.5375,0.03366939489,22.95428943,0.2295428943,14.48979612,14.48979612
38.735,34372.325,0.03252077682,22.17121295,0.2217121295,13.99548247,13.99548247
38.862,34477.875,0.03118919555,21.26340032,0.2126340032,13.42242967,13.42242967
38.989,34578.075,0.02992887439,20.40416965,0.2040416965,12.88004401,12.88004401
39.116,34654.6375,0.02896832601,19.74931067,0.1974931067,12.46666711,12.46666711
39.243,34761.0375,0.02763695614,18.84164217,0.1884164217,11.89370529,11.89370529
39.37,34920.2625,0.02565218665,17.48851498,0.1748851498,11.03954959,11.03954959
39.497,35099.825,0.02342473517,15.96993806,0.1596993806,10.08095447,10.08095447
39.624,35179.3375,0.02244202981,15.29997345,0.1529997345,9.658042196,9.658042196
39.751,35336.425,0.02050707669,13.98080884,0.1398080884,8.825325235,8.825325235
39.878,35460.125,0.01898942415,12.94614113,0.1294614113,8.172195708,8.172195708
40.005,35535.2625,0.0180701584,12.31942681,0.1231942681,7.776584999,7.776584999
40.132,35640.825,0.01678193798,11.44117567,0.1144117567,7.222192757,7.222192757
40.259,35742.7125,0.01554217849,10.59596303,0.1059596303,6.688655925,6.688655925
40.386,35751.025,0.01544118858,10.52711262,0.1052711262,6.645194403,6.645194403
40.513,35750.6,0.01544635141,10.53063241,0.1053063241,6.647416251,6.647416251
40.64,35781.5875,0.0150700816,10.27410846,0.1027410846,6.485486618,6.485486618
40.767,35825.125,0.01454197194,9.914066885,0.09914066885,6.258211927,6.258211927
40.894,35848.5,0.01425869803,9.720943389,0.09720943389,6.136303554,6.136303554
41.021,35964.225,0.0128589803,8.766678362,0.08766678362,5.533927874,5.533927874
41.148,35977.7625,0.01269553578,8.655249193,0.08655249193,5.463588692,5.463588692
41.275,35943.3625,0.01311098344,8.938482845,0.08938482845,5.642378713,5.642378713
41.402,35989.025,0.01255960526,8.562577832,0.08562577832,5.405090296,5.405090296
41.529,36010.075,0.01230566044,8.3894496,0.083894496,5.295803847,5.295803847
41.656,36047.575,0.01185363225,8.081276972,0.08081276972,5.101271206,5.101271206
41.783,36029.55,0.01207084841,8.229365248,0.08229365248,5.194751291,5.194751291
41.91,36002.4125,0.01239808279,8.452459026,0.08452459026,5.335578275,5.335578275
42.037,36021.775,0.01216457714,8.293265309,0.08293265309,5.235087929,5.235087929
42.164,35940.0125,0.01315146252,8.966079675,0.08966079675,5.659799093,5.659799093
42.291,36006.925,0.01234365224,8.41535071,0.0841535071,5.312153811,5.312153811
42.418,36103.5,0.01118038036,7.622283908,0.07622283908,4.811533815,4.811533815
42.545,36074.775,0.01152605528,7.857949626,0.07857949626,4.960296783,4.960296783
42.672,36027.475,0.01209586085,8.246417613,0.08246417613,5.205515522,5.205515522
42.799,36088.7375,0.01135799703,7.743375019,0.07743375019,4.887972056,4.887972056
42.926,36096.45,0.01126519416,7.680106169,0.07680106169,4.848033868,4.848033868
43.053,36119.675,0.01098585241,7.489663436,0.07489663436,4.727817715,4.727817715
43.18,35937.925,0.01317668833,8.983277508,0.08983277508,5.67065515,5.67065515
43.307,36085.3375,0.01139891481,7.771270929,0.07771270929,4.905581229,4.905581229
43.434,36142.8625,0.01070714081,7.299650319,0.07299650319,4.607872755,4.607872755
43.561,36048.1875,0.01184625303,8.076246147,0.08076246147,5.098095519,5.098095519
43.688,36063.7125,0.01165925416,7.94875867,0.0794875867,5.0176196,5.0176196
43.815,36066.4,0.01162689135,7.926695155,0.07926695155,5.003692101,5.003692101
43.942,36115.5875,0.01103500233,7.523171656,0.07523171656,4.748969634,4.748969634
44.069,36095.6125,0.01127527066,7.686975876,0.07686975876,4.852370341,4.852370341
44.196,36124.975,0.01092213113,7.446221114,0.07446221114,4.700394937,4.700394937
44.323,36150.5875,0.01061432673,7.236373828,0.07236373828,4.567929743,4.567929743
44.45,36073.3625,0.01154306032,7.869542902,0.07869542902,4.967614988,4.967614988
44.577,36112.4875,0.01107228182,7.548587147,0.07548587147,4.765013053,4.765013053
44.704,36089.2375,0.01135198004,7.739272901,0.07739272901,4.885382612,4.885382612
44.831,36138.55,0.01075896312,7.334980456,0.07334980456,4.630174751,4.630174751
44.958,36172.275,0.01035386243,7.058800903,0.07058800903,4.455837601,4.455837601
45.085,36179.2375,0.01027027675,7.001815917,0.07001815917,4.419866074,4.419866074
45.212,36186.775,0.01017980625,6.940137172,0.06940137172,4.380931632,4.380931632
45.339,36160.525,0.01049495915,7.15499434,0.0715499434,4.516559293,4.516559293
45.466,36119.925,0.01098284647,7.487614127,0.07487614127,4.726524097,4.726524097
45.593,36204.4,0.009968331841,6.795963368,0.06795963368,4.289922541,4.289922541
45.72,36135.9875,0.01078975902,7.355975723,0.07355975723,4.643427923,4.643427923
45.847,36162.2375,0.0104743922,7.140972713,0.07140972713,4.507708201,4.507708201
45.974,36190.025,0.01014080322,6.913546651,0.06913546651,4.364146481,4.364146481
46.101,36145.6875,0.01067319679,7.276508804,0.07276508804,4.593264773,4.593264773
46.228,36164.9875,0.01044136702,7.11845762,0.0711845762,4.493495646,4.493495646
46.355,36122.1375,0.01095624489,7.469478357,0.07469478357,4.715075971,4.715075971
46.482,36167.5375,0.01041074591,7.097581518,0.07097581518,4.480317697,4.480317697
46.609,36040.3875,0.01194023455,8.14031855,0.0814031855,5.138540947,5.138540947
46.736,36120.6125,0.01097458027,7.481978599,0.07481978599,4.722966695,4.722966695
46.863,36103.1625,0.01118444022,7.625051738,0.07625051738,4.813280996,4.813280996
46.99,36044.0375,0.01189625349,8.110334225,0.08110334225,5.119613471,5.119613471
47.117,36094.8125,0.01128489619,7.693538133,0.07693538133,4.856512737,4.856512737
47.244,36121.4375,0.01096466104,7.475216108,0.07475216108,4.718697901,4.718697901
47.371,36119.8375,0.01098389855,7.488331383,0.07488331383,4.726976862,4.726976862
47.498,36119.8,0.01098434944,7.48863878,0.0748863878,4.727170905,4.727170905
47.625,36132.6125,0.0108303228,7.383630298,0.07383630298,4.660884754,4.660884754
47.752,36108.8375,0.01111617951,7.578514635,0.07578514635,4.783904651,4.783904651
47.879,36094.025,0.01129437153,7.699997997,0.07699997997,4.860590499,4.860590499
48.006,36088.425,0.0113617577,7.745938872,0.07745938872,4.889590477,4.889590477
48.133,36075.9125,0.01151236144,7.848613778,0.07848613778,4.954403569,4.954403569
48.26,36098.7625,0.01123737221,7.661138403,0.07661138403,4.836060547,4.836060547
48.387,36030.6875,0.01205713738,8.220017681,0.08220017681,5.18885068,5.18885068
48.514,36088.975,0.01135513895,7.741426506,0.07741426506,4.886742066,4.886742066
48.641,36061.2625,0.0116887591,7.968873819,0.07968873819,5.030317201,5.030317201
48.768,36048.825,0.01183857275,8.071010073,0.08071010073,5.09479027,5.09479027
48.895,36087.1125,0.01137755284,7.756707295,0.07756707295,4.896387998,4.896387998
49.022,36099.75,0.01122549203,7.653039024,0.07653039024,4.83094785,4.83094785
49.149,36049.8,0.01182682669,8.063002139,0.08063002139,5.089735296,5.089735296
49.276,36027.475,0.01209586085,8.246417613,0.08246417613,5.205515522,5.205515522
49.403,36076.0625,0.01151055569,7.847382699,0.07847382699,4.953626455,4.953626455
49.53,36067.65,0.01161183971,7.916433615,0.07916433615,4.997214548,4.997214548
49.657,36048.925,0.01183736801,8.070188737,0.08070188737,5.094271805,5.094271805
49.784,36063.0625,0.0116670818,7.954095209,0.07954095209,5.020988267,5.020988267
49.911,36033.35,0.01202504623,8.198139366,0.08198139366,5.175040087,5.175040087
50.038,36042.65,0.01191297179,8.121732018,0.08121732018,5.126808279,5.126808279
50.165,36057.825,0.01173015971,7.997098909,0.07997098909,5.048134167,5.048134167
50.292,36052.45,0.01179490313,8.04123808,0.0804123808,5.075996828,5.075996828
50.419,36044.65,0.01188887354,8.105302907,0.08105302907,5.116437473,5.116437473
50.546,35955.125,0.0129688834,8.841605387,0.08841605387,5.581225236,5.581225236
50.673,36045.8,0.01187501765,8.09585658,0.0809585658,5.11047452,5.11047452
50.8,36042.8625,0.01191041129,8.119986382,0.08119986382,5.125706354,5.125706354
50.927,36024.525,0.01213142319,8.270662425,0.08270662425,5.220819955,5.220819955
51.054,35977.4375,0.01269945894,8.657923825,0.08657923825,5.465277042,5.465277042
51.181,35936.925,0.01318877307,8.991516345,0.08991516345,5.675855881,5.675855881
51.308,35971.4625,0.01277159095,8.70710021,0.0870710021,5.496319423,5.496319423
51.435,35922.5625,0.01336237728,9.109871936,0.09109871936,5.750567337,5.750567337
51.562,35817.35,0.01463623556,9.978331612,0.09978331612,6.298778759,6.298778759
51.689,35917.1875,0.0134273645,9.154177321,0.09154177321,5.778534919,5.778534919
51.816,35901.575,0.01361618487,9.282906615,0.09282906615,5.859794731,5.859794731
51.943,35902.9875,0.01359909846,9.271257867,0.09271257867,5.852441509,5.852441509
52.07,35906.2375,0.01355978716,9.244457177,0.09244457177,5.835523689,5.835523689
52.197,35852.1375,0.01421463298,9.690901805,0.09690901805,6.117339933,6.117339933
52.324,35765.5125,0.01526523372,10.40715446,0.1040715446,6.569471327,6.569471327
52.451,35889.7,0.01375985824,9.380856698,0.09380856698,5.921625298,5.921625298
52.578,35859.85,0.01412121774,9.627215468,0.09627215468,6.077138208,6.077138208
52.705,35831.9625,0.01445909142,9.857562645,0.09857562645,6.222543869,6.222543869
52.832,35888.4125,0.01377543831,9.391478496,0.09391478496,5.928330262,5.928330262
52.959,35822.575,0.01457288573,9.935142525,0.09935142525,6.271515834,6.271515834
53.086,35773.825,0.01516430818,10.33834794,0.1033834794,6.526037509,6.526037509
53.213,35726.375,0.01574073388,10.73132922,0.1073132922,6.774105251,6.774105251
53.34,35706.8125,0.01597860331,10.89349798,0.1089349798,6.876473578,6.876473578
53.467,35702.55,0.0160304503,10.92884494,0.1092884494,6.898786195,6.898786195
53.594,35743.6,0.01553139499,10.58861132,0.1058861132,6.68401519,6.68401519
53.721,35715.15,0.01587720788,10.82437111,0.1082437111,6.832837537,6.832837537
53.848,35723.7,0.01577325274,10.75349914,0.1075349914,6.788099912,6.788099912
53.975,35649.6,0.01667502505,11.36828721,0.1136828721,7.176182231,7.176182231
54.102,35587.3375,0.01743418927,11.88585147,0.1188585147,7.502892432,7.502892432
54.229,35568.95,0.01765864139,12.0388729,0.120388729,7.599486551,7.599486551
54.356,35541.3875,0.01799530812,12.26839723,0.1226839723,7.744372797,7.744372797
54.483,35570.575,0.01763880071,12.0253464,0.120253464,7.59094801,7.59094801
54.61,35482.925,0.01871027307,12.7558284,0.127558284,8.052061615,8.052061615
54.737,35402.9875,0.0196897746,13.42360879,0.1342360879,8.473595103,8.473595103
54.864,35297.275,0.02098850781,14.30902708,0.1430902708,9.032511578,9.032511578
54.991,35300.6625,0.02094683032,14.28061322,0.1428061322,9.014575455,9.014575455
55.118,35224.2375,0.02188808564,14.92231906,0.1492231906,9.419649493,9.419649493
55.245,35225.8375,0.02186835901,14.90887033,0.1490887033,9.411160038,9.411160038
55.372,35080.65,0.02366205465,16.13173188,0.1613173188,10.18308612,10.18308612
55.499,34952.0625,0.02525687805,17.21901124,0.1721901124,10.86942652,10.86942652
55.626,34925.75,0.02558394536,17.44199112,0.1744199112,11.01018161,11.01018161
55.753,34727.25,0.02805929281,19.12957244,0.1912957244,12.07546003,12.07546003
55.88,34514.825,0.03072401061,20.946258,0.20946258,13.22223495,13.22223495
56.007,34354.0875,0.03275126887,22.32835213,0.2232835213,14.0946759,14.0946759
56.134,34121.3875,0.03570300349,24.34071294,0.2434071294,15.36496998,15.36496998
56.261,33775.7625,0.04012452418,27.35510824,0.2735510824,17.267794,17.267794
56.388,33345.825,0.04568821969,31.14818731,0.3114818731,19.66215879,19.66215879
56.515,32835.675,0.05238373787,35.71289252,0.3571289252,22.54360925,22.54360925
56.642,32249.4625,0.06020720567,41.04658339,0.4104658339,25.91047859,25.91047859
56.769,31649.8125,0.06835854483,46.60380232,0.4660380232,29.41844905,29.41844905
56.896,30979,0.07766229169,53.68245667,0.5368245667,33.88681905,33.88681905
57.023,30248.225,0.0880297915,62.51543271,0.6251543271,39.46259705,39.46259705
57.15,29547.675,0.09820637285,71.1857487,0.711857487,44.93569659,44.93569659
57.277,28888.5375,0.1080041304,79.53331166,0.7953331166,50.20505968,50.20505968
57.404,28207.225,0.1183693236,88.36432251,0.8836432251,55.77959716,55.77959716
57.531,27643.7125,0.1271333188,95.83113332,0.9583113332,60.49298925,60.49298925
57.658,27032.25,0.1368474911,105.9502933,1.059502933,66.88066528,66.88066528
57.785,26599.075,0.1438631523,114.6092235,1.146092235,72.34657764,72.34657764
57.912,26155.1625,0.1511722637,123.6303385,1.236303385,78.0411175,78.0411175
58.039,25869.475,0.1559420712,129.5173716,1.295173716,81.75728177,81.75728177
58.166,25582.2125,0.1607915842,135.5027797,1.355027797,85.53554479,85.53554479
58.293,25360.575,0.1645705903,140.1669373,1.401669373,88.47977416,88.47977416
58.42,25210.175,0.1671538259,143.3552409,1.433552409,90.49237701,90.49237701
58.547,25033.3375,0.1702109318,147.1284086,1.471284086,92.87417284,92.87417284
58.674,24935.875,0.1719050741,149.2193677,1.492193677,94.19408173,94.19408173
58.801,24878.9,0.1728985119,150.4569819,1.504569819,94.97532038,94.97532038
58.928,24752.1125,0.1751174161,153.266219,1.53266219,96.74863918,96.74863918
59.055,24739.3625,0.1753411821,153.5495173,1.535495173,96.92747,96.92747
59.182,24707.9875,0.1758923134,154.2472755,1.542472755,97.36792683,97.36792683
59.309,24650.3625,0.1769063761,155.5311265,1.555311265,98.17835228,98.17835228
59.436,24609.7625,0.1776222638,156.4374741,1.564374741,98.75048027,98.75048027
59.563,24578.475,0.1781747533,157.1369517,1.571369517,99.19202248,99.19202248
59.69,24568.9,0.1783439737,157.3511927,1.573511927,99.32726119,99.32726119
59.817,24556.075,0.1785707352,157.6382835,1.576382835,99.50848599,99.50848599
59.944,24547.6875,0.1787191004,157.8261208,1.578261208,99.62705749,99.62705749
60.071,24492.925,0.1796890337,159.054102,1.59054102,100.4022153,100.4022153
60.198,24499.8875,0.1795655962,158.8978243,1.588978243,100.3035657,100.3035657
60.325,24493.0375,0.1796870389,159.0515765,1.590515765,100.4006211,100.4006211
60.452,24457.15,0.1803238392,159.8577956,1.598577956,100.9095434,100.9095434
60.579,24463.525,0.1802106507,159.7144937,1.597144937,100.8190847,100.8190847
60.706,24439.25,0.1806418123,160.2603646,1.602603646,101.1636634,101.1636634
60.833,24458.3375,0.1803027528,159.8310992,1.598310992,100.8926915,100.8926915
60.96,24421.525,0.1809569064,160.6592885,1.606592885,101.4154823,101.4154823
61.087,24408.7125,0.1811848143,160.9478306,1.609478306,101.5976233,101.5976233
61.214,24412.9,0.1811103142,160.8535099,1.608535099,101.5380838,101.5380838
61.341,24413.4125,0.1811011971,160.8419673,1.608419673,101.5307976,101.5307976
61.468,24392.6625,0.1814704795,161.3094961,1.613094961,101.8259231,101.8259231
61.595,24363.5625,0.1819888941,161.9658335,1.619658335,102.2402332,102.2402332
61.722,24375.6625,0.1817732582,161.6928283,1.616928283,102.0678999,102.0678999
61.849,24385.6875,0.1815946823,161.4667427,1.614667427,101.9251844,101.9251844
61.976,24332.7625,0.1825382691,162.6613681,1.626613681,102.6792865,102.6792865
62.103,24351.0875,0.1822113251,162.2474415,1.622474415,102.4179971,102.4179971
62.23,24328.225,0.1826192626,162.7639096,1.627639096,102.7440154,102.7440154
62.357,24328.4,0.1826161386,162.7599545,1.627599545,102.7415187,102.7415187
62.484,24374.1,0.1818010978,161.7280744,1.617280744,102.0901489,102.0901489
62.611,24293.1125,0.183246525,163.5580533,1.635580533,103.2453151,103.2453151
62.738,24290.8125,0.1832876446,163.6101127,1.636101127,103.2781774,103.2781774
62.865,24309.3625,0.1829561165,163.1903825,1.631903825,103.0132245,103.0132245
62.992,24306.7625,0.1830025688,163.2491933,1.632491933,103.0503486,103.0503486
63.119,24304.8125,0.1830374113,163.2933055,1.632933055,103.0781942,103.0781942
63.246,24288.3875,0.1833310033,163.6650068,1.636650068,103.3128291,103.3128291
63.373,24310.65,0.1829331155,163.1612621,1.631612621,102.9948424,102.9948424
63.5,24272.25,0.1836196497,164.0304467,1.640304467,103.5435115,103.5435115
63.627,24303.0375,0.1830691293,163.333462,1.63333462,103.1035429,103.1035429
63.754,24231.1,0.1843565564,164.9634053,1.649634053,104.1324375,104.1324375
63.881,24284.45,0.1834014144,163.7541506,1.637541506,103.3691007,103.3691007
64.008,24282.8375,0.1834302528,163.7906613,1.637906613,103.3921479,103.3921479
64.135,24324.3125,0.1826891121,162.8523423,1.628523423,102.7998381,102.7998381
64.262,24325.0375,0.1826761679,162.8359544,1.628359544,102.7894933,102.7894933
64.389,24322.725,0.1827174568,162.888228,1.62888228,102.8224908,102.8224908
64.516,24310.7375,0.1829315524,163.1592831,1.631592831,102.9935932,102.9935932
64.643,24278.35,0.1835105184,163.8922813,1.638922813,103.4562951,103.4562951
64.77,24264.25,0.1837628144,164.2116999,1.642116999,103.6579268,103.6579268
64.897,24310.6125,0.1829337854,163.1621103,1.631621103,102.9953778,102.9953778
65.024,24283.1375,0.1834248873,163.7838684,1.637838684,103.38786,103.38786
65.151,24295.3875,0.1832058561,163.5065646,1.635065646,103.2128131,103.2128131
65.278,24308.3875,0.1829735355,163.2124358,1.632124358,103.0271456,103.0271456
65.405,24322.0125,0.182730179,162.904335,1.62904335,102.8326583,102.8326583
65.532,24278.7625,0.1835031396,163.8829394,1.638829394,103.4503981,103.4503981
65.659,24350.95,0.1822137774,162.2505462,1.622505462,102.419957,102.419957
65.786,24390.4875,0.1815092056,161.3585252,1.613585252,101.8568725,101.8568725
65.913,24339.375,0.1824202644,162.5119685,1.625119685,102.5849786,102.5849786
66.04,24288.675,0.1833258626,163.6584984,1.636584984,103.3087207,103.3087207
66.167,24344.225,0.182333733,162.4024157,1.624024157,102.5158239,102.5158239
66.294,24352.0375,0.1821943825,162.2259914,1.622259914,102.4044568,102.4044568
66.421,24296.9375,0.1831781498,163.4714871,1.634714871,103.1906706,103.1906706
66.548,24276.825,0.1835377986,163.9268194,1.639268194,103.4780972,103.4780972
66.675,24344.4625,0.1823294961,162.3970516,1.623970516,102.5124378,102.5124378
66.802,24352.25,0.1821905928,162.2211934,1.622211934,102.4014281,102.4014281
66.929,24332.975,0.1825344764,162.6565663,1.626565663,102.6762554,102.6762554
67.056,24270.4625,0.183651634,164.0709403,1.640709403,103.5690729,103.5690729
67.183,24305.3625,0.1830275836,163.2808632,1.632808632,103.0703401,103.0703401
67.31,24359.7,0.1820577509,162.0530093,1.620530093,102.2952626,102.2952626
67.437,24328,0.1826232792,162.7689948,1.627689948,102.7472254,102.7472254
67.564,24316.6625,0.1828257192,163.0252934,1.630252934,102.9090128,102.9090128
67.691,24312.175,0.1829058732,163.1267721,1.631267721,102.9730707,102.9730707
67.818,24228.6125,0.1844011422,165.019853,1.65019853,104.1680699,104.1680699
67.945,24263.0125,0.1837849644,164.2397429,1.642397429,103.6756288,103.6756288
68.072,24306.825,0.1830014521,163.2477795,1.632477795,103.0494561,103.0494561
68.199,24292.8375,0.1832514413,163.5642775,1.635642775,103.2492441,103.2492441
68.326,24329.2625,0.1826007421,162.7404618,1.627404618,102.729214,102.729214
68.453,24313.0125,0.182890913,163.1078317,1.631078317,102.9611147,102.9611147
68.58,24281.05,0.1834622231,163.8311372,1.638311372,103.4176982,103.4176982
68.707,24290.125,0.1832999366,163.6256749,1.636256749,103.288001,103.288001
68.834,24285.45,0.1833835311,163.7315095,1.637315095,103.3548086,103.3548086
68.961,24321.4375,0.1827404463,162.9173339,1.629173339,102.8408638,102.8408638
69.088,24324.425,0.1826871035,162.8497993,1.628497993,102.7982329,102.7982329
69.215,24284.5375,0.1833998496,163.7521695,1.637521695,103.3678501,103.3678501
69.342,24289.7,0.1833075354,163.6352954,1.636352954,103.2940739,103.2940739
69.469,24320.625,0.1827549549,162.9357025,1.629357025,102.8524589,102.8524589
69.596,24301.9625,0.18308834,163.3577836,1.633577836,103.1188958,103.1188958
69.723,24333.3,0.1825286759,162.6492225,1.626492225,102.6716196,102.6716196
69.85,24314.65,0.1828616639,163.070801,1.63070801,102.9377393,102.9377393
69.977,24373.8375,0.181805775,161.733996,1.61733996,102.0938868,102.0938868
70.104,24338.3,0.1824394463,162.5362537,1.625362537,102.6003086,102.6003086
70.231,24368.9375,0.1818930922,161.8445438,1.618445438,102.1636696,102.1636696
70.358,24320.8125,0.1827516068,162.9314635,1.629314635,102.8497831,102.8497831
70.485,24356,0.182123721,162.1365306,1.621365306,102.3479851,102.3479851
70.612,24345.75,0.1823065283,162.3679732,1.623679732,102.4940823,102.4940823
70.739,24320.4875,0.1827574103,162.9388111,1.629388111,102.8544212,102.8544212
70.866,24356.5375,0.1821141368,162.1243966,1.621243966,102.3403256,102.3403256
70.993,24329.1625,0.1826025272,162.7427218,1.627427218,102.7306406,102.7306406
71.12,24343.65,0.182343991,162.4154028,1.624154028,102.524022,102.524022
71.247,24412.8875,0.1811105365,160.8537914,1.608537914,101.5382615,101.5382615
71.374,24393.1875,0.1814611323,161.2976622,1.612976622,101.818453,101.818453
71.501,24384.575,0.1816144957,161.4918274,1.614918274,101.941019,101.941019
71.628,24350.175,0.1822275996,162.2680458,1.622680458,102.4310035,102.4310035
71.755,24406.5875,0.1812226252,160.995701,1.60995701,101.6278413,101.6278413
71.882,24444.3625,0.1805509708,160.1453549,1.601453549,101.091064,101.091064
72.009,24393.25,0.1814600196,161.2962534,1.612962534,101.8175637,101.8175637
72.136,24378.2375,0.1817273826,161.6347475,1.616347475,102.0312367,102.0312367
72.263,24334.275,0.1825112747,162.6271918,1.626271918,102.6577128,102.6577128
72.39,24344.5375,0.1823281582,162.3953577,1.623953577,102.5113685,102.5113685
72.517,24401.3125,0.1813164995,161.1145502,1.611145502,101.7028644,101.7028644
72.644,24428.4875,0.1808331081,160.5025539,1.605025539,101.3165444,101.3165444
72.771,24405.45,0.1812428665,161.0213274,1.610213274,101.6440179,101.6440179
72.898,24379.25,0.1817093454,161.6119117,1.616119117,102.0168216,102.0168216
73.025,24415.8875,0.1810571711,160.7862283,1.607862283,101.4956126,101.4956126
73.152,24391.5875,0.1814896195,161.3337283,1.613337283,101.8412196,101.8412196
73.279,24407.75,0.18120194,160.9695125,1.609695125,101.61131,101.61131
73.406,24403.7875,0.1812724517,161.0587836,1.610587836,101.667662,101.667662
73.533,24368,0.1819098003,161.865697,1.61865697,102.1770225,102.1770225
73.66,24335.15,0.1824956588,162.6074214,1.626074214,102.6452328,102.6452328
73.787,24339.975,0.1824095585,162.4984144,1.624984144,102.5764226,102.5764226
73.914,24354.175,0.182156264,162.1777315,1.621777315,102.373993,102.373993
74.041,24393.4125,0.1814571264,161.2925906,1.612925906,101.8152516,101.8152516
74.168,24404.3875,0.1812617741,161.0452653,1.610452653,101.6591286,101.6591286
74.295,24411.1625,0.1811412246,160.892644,1.60892644,101.562787,101.562787
74.422,24429.625,0.1808128858,160.4769516,1.604769516,101.300383,101.300383
74.549,24398.35,0.1813692293,161.1813086,1.611813086,101.7450053,101.7450053
74.676,24398.325,0.1813696743,161.181872,1.61181872,101.745361,101.745361
74.803,24409.5625,0.1811696908,160.9286836,1.609286836,101.5855369,101.5855369
74.93,24413.3,0.1811031984,160.844501,1.60844501,101.532397,101.532397
75.057,24372.0875,0.1818369577,161.7734748,1.617734748,102.1188077,102.1188077
75.184,24399.1375,0.1813552119,161.1635619,1.611635619,101.7338028,101.7338028
75.311,24402.5,0.1812953649,161.0877928,1.610877928,101.6859739,101.6859739
75.438,24373.65,0.1818091159,161.7382257,1.617382257,102.0965568,102.0965568
75.565,24475.7,0.179994565,159.4409189,1.594409189,100.6463918,100.6463918
75.692,24422.2,0.1809449029,160.6440914,1.606440914,101.4058893,101.4058893
75.819,24435.275,0.1807124553,160.3498019,1.603498019,101.2201203,101.2201203
75.946,24356.875,0.182108119,162.1167778,1.621167778,102.3355162,102.3355162
76.073,24363.95,0.1819819868,161.9570884,1.619570884,102.234713,102.234713
76.2,24355.55,0.182131745,162.1466894,1.621466894,102.3543978,102.3543978
76.327,24387.9,0.1815552808,161.4168585,1.614168585,101.8936952,101.8936952
76.454,24430.9375,0.1807895537,160.447412,1.60447412,101.2817363,101.2817363
76.581,24406.7,0.1812206234,160.9931666,1.609931666,101.6262415,101.6262415
76.708,24425.2875,0.180890002,160.5745844,1.605745844,101.3620133,101.3620133
76.835,24449.1125,0.1804665874,160.0385216,1.600385216,101.0236259,101.0236259
76.962,24456.0625,0.1803431507,159.8822449,1.598822449,100.924977,100.924977
77.089,24402.5875,0.1812938076,161.0858213,1.610858213,101.6847294,101.6847294
77.216,24420.6375,0.1809726893,160.6792704,1.606792704,101.4280959,101.4280959
77.343,24396.3875,0.1814041635,161.225537,1.61225537,101.7729243,101.7729243
77.47,24390.125,0.1815156603,161.3666971,1.613666971,101.862031,101.862031
77.597,24426.5,0.1808684437,160.5472905,1.605472905,101.3447841,101.3447841
77.724,24460.4,0.1802661316,159.784735,1.59784735,100.8634243,100.8634243
77.851,24465.725,0.1801715965,159.6650491,1.596650491,100.7878731,100.7878731
77.978,24440.725,0.1806156018,160.2271808,1.602271808,101.1427163,101.1427163
78.105,24438.5625,0.1806540296,160.2758322,1.602758322,101.1734273,101.1734273
78.232,24419.7625,0.1809882505,160.6989716,1.606989716,101.4405322,101.4405322
78.359,24388.5375,0.1815439285,161.402486,1.61402486,101.8846226,101.8846226
78.486,24399.175,0.1813545444,161.1627168,1.611627168,101.7332693,101.7332693
78.613,24424.4625,0.1809046712,160.5931562,1.605931562,101.3737367,101.3737367
78.74,24365.8,0.1819490112,161.9153398,1.619153398,102.2083594,102.2083594
78.867,24423.8375,0.1809157845,160.6072263,1.606072263,101.3826183,101.3826183
78.994,24424.9125,0.1808966698,160.583026,1.60583026,101.367342,101.367342
79.121,24459.975,0.1802736775,159.7942886,1.597942886,100.8694549,100.8694549
79.248,24385.9375,0.18159023,161.4611059,1.614611059,101.9216261,101.9216261
79.375,24425.7625,0.1808815564,160.5638917,1.605638917,101.3552636,101.3552636
79.502,24441.25,0.1806062731,160.2153701,1.602153701,101.1352608,101.1352608
79.629,24441.8375,0.1805958339,160.2021537,1.602021537,101.126918,101.126918
79.756,24401.9875,0.181304486,161.0993406,1.610993406,101.6932634,101.6932634
79.883,24416.8375,0.1810402735,160.7648351,1.607648351,101.4821082,101.4821082
80.01,24466.4,0.1801596146,159.6498796,1.596498796,100.7782973,100.7782973
80.137,24437.95,0.1806649144,160.2896129,1.602896129,101.1821262,101.1821262
80.264,24414.35,0.1810845201,160.8208534,1.608208534,101.5174695,101.5174695
80.391,24436.5,0.1806906836,160.3222379,1.603222379,101.2027206,101.2027206
80.518,24502.5375,0.1795186238,158.838355,1.58838355,100.266026,100.266026
80.645,24408.45,0.1811894849,160.9537437,1.609537437,101.601356,101.601356
80.772,24470.6875,0.1800835154,159.5535343,1.595535343,100.7174798,100.7174798
80.899,24459.6625,0.1802792261,159.8013133,1.598013133,100.8738892,100.8738892
81.026,24498.35,0.1795928514,158.9323306,1.589323306,100.3253477,100.3253477
81.153,24401.8,0.1813078231,161.1035655,1.611035655,101.6959303,101.6959303
81.28,24394.2375,0.1814424386,161.273995,1.61273995,101.8035132,101.8035132
81.407,24405.05,0.1812499846,161.0303392,1.610303392,101.6497065,101.6497065
81.534,24472.0875,0.1800586695,159.5220783,1.595220783,100.6976234,100.6976234
81.661,24425.2125,0.1808913356,160.5762727,1.605762727,101.363079,101.363079
81.788,24470.7,0.1800832935,159.5532535,1.595532535,100.7173025,100.7173025
81.915,24439.2125,0.1806424787,160.2612082,1.602612082,101.1641959,101.1641959
82.042,24441.4375,0.1806029414,160.2111521,1.602111521,101.1325982,101.1325982
82.169,24425.9625,0.1808780003,160.5593897,1.605593897,101.3524217,101.3524217
82.296,24444.275,0.1805525254,160.1473231,1.601473231,101.0923064,101.0923064
82.423,24429.375,0.1808173302,160.4825784,1.604825784,101.3039349,101.3039349
82.55,24371.3125,0.1818507679,161.7909592,1.617909592,102.1298446,102.1298446
82.677,24424.9375,0.1808962252,160.5824633,1.605824633,101.3669868,101.3669868
82.804,24447.025,0.1805036697,160.0854695,1.600854695,101.0532616,101.0532616
82.931,24464.475,0.180193786,159.6931421,1.596931421,100.8056066,100.8056066
83.058,24451.65,0.1804215157,159.9814586,1.599814586,100.9876052,100.9876052
83.185,24465,0.1801844662,159.6813429,1.596813429,100.7981584,100.7981584
83.312,24446.8375,0.1805070006,160.0896865,1.600896865,101.0559236,101.0559236
83.439,24430.5625,0.1807962199,160.4558517,1.604558517,101.2870638,101.2870638
83.566,24396.3375,0.1814050536,161.2266638,1.612266638,101.7736356,101.7736356
83.693,24456.475,0.1803358256,159.8729709,1.598729709,100.9191228,100.9191228
83.82,24441.2125,0.1806069394,160.2162138,1.602162138,101.1357934,101.1357934
83.947,24481.1875,0.1798972062,159.3176581,1.593176581,100.568584,100.568584
84.074,24404.975,0.1812513192,161.0320289,1.610320289,101.6507732,101.6507732
84.201,24419.2375,0.1809975875,160.7107927,1.607107927,101.4479942,101.4479942
84.328,24431.6125,0.1807775547,160.4322208,1.604322208,101.2721469,101.2721469
84.455,24452.725,0.1804024226,159.9572859,1.599572859,100.9723463,100.9723463
84.582,24380.825,0.1816812891,161.5763911,1.615763911,101.9943994,101.9943994
84.709,24405.7375,0.1812377505,161.0148503,1.610148503,101.6399292,101.6399292
84.836,24435.175,0.1807142326,160.352052,1.60352052,101.2215407,101.2215407
84.963,24427.8375,0.180844664,160.5171843,1.605171843,101.3257797,101.3257797
85.09,24473.475,0.1800340469,159.490905,1.59490905,100.6779453,100.6779453
85.217,24477.6625,0.1799597439,159.3968339,1.593968339,100.6185633,100.6185633
85.344,24515.0375,0.1792971244,158.5579264,1.585579264,100.0890066,100.0890066
85.471,24508.1625,0.1794189351,158.7121444,1.587121444,100.1863561,100.1863561
85.598,24606.175,0.1776855779,156.5176327,1.565176327,98.80108006,98.80108006
85.725,24495.1125,0.1796502479,159.0049974,1.590049974,100.3712182,100.3712182
85.852,24500.9625,0.1795465407,158.8736992,1.588736992,100.2883368,100.2883368
85.979,24471.2,0.1800744199,159.542019,1.59542019,100.7102108,100.7102108
86.106,24459.55,0.1802812236,159.8038422,1.598038422,100.8754856,100.8754856
86.233,24440.675,0.1806164903,160.2283057,1.602283057,101.1434263,101.1434263
86.36,24479.05,0.1799351269,159.3656676,1.593656676,100.5988898,100.5988898
86.487,24469.3,0.1801081408,159.5847113,1.595847113,100.7371601,100.7371601
86.614,24473.4875,0.1800338251,159.4906241,1.594906241,100.677768,100.677768
86.741,24487,0.1797941051,159.1871273,1.591871273,100.486187,100.486187
86.868,24471.0875,0.1800764164,159.5445467,1.595445467,100.7118064,100.7118064
86.995,24488.225,0.1797723794,159.1596215,1.591596215,100.4688241,100.4688241
87.122,24456.575,0.1803340498,159.8707227,1.598707227,100.9177036,100.9177036
87.249,24539.125,0.1788706135,158.0179435,1.580179435,99.74814472,99.74814472
87.376,24496.35,0.1796283078,158.9772201,1.589772201,100.353684,100.353684
87.503,24514.225,0.1793115185,158.5761499,1.585761499,100.1005101,100.1005101
87.63,24495.475,0.1796438209,158.9968605,1.589968605,100.3660819,100.3660819
87.757,24516.8125,0.1792656807,158.5181171,1.585181171,100.0638772,100.0638772
87.884,24500.7,0.1795511937,158.8795901,1.588795901,100.2920554,100.2920554
88.011,24536.1,0.1789241533,158.0857275,1.580857275,99.79093308,99.79093308
88.138,24516.2875,0.1792749807,158.5298914,1.585298914,100.0713097,100.0713097
88.265,24514.45,0.1793075324,158.5711033,1.585711033,100.0973245,100.0973245
88.392,24514.7625,0.1793019962,158.5640943,1.585640943,100.0929001,100.0929001
88.519,24467.3625,0.18014253,159.6282496,1.596282496,100.7646435,100.7646435
88.646,24464.675,0.1801902356,159.6886471,1.596886471,100.8027692,100.8027692
88.773,24476.9125,0.179973051,159.4136812,1.594136812,100.6291982,100.6291982
88.9,24491.3375,0.1797171832,159.0897406,1.590897406,100.4247121,100.4247121
89.027,24451.7,0.1804206276,159.9803342,1.599803342,100.9868954,100.9868954
89.154,24442.8875,0.1805771774,160.1785337,1.601785337,101.112008,101.112008
89.281,24471.85,0.1800628844,159.5274145,1.595274145,100.7009918,100.7009918
89.408,24460.675,0.180261249,159.7785534,1.597785534,100.8595222,100.8595222
89.535,24484.1375,0.1798448766,159.2514064,1.592514064,100.5267629,100.5267629
89.662,24447.1125,0.1805021153,160.0835015,1.600835015,101.0520193,101.0520193
89.789,24457.5375,0.1803169583,159.849084,1.59849084,100.9040443,100.9040443
89.916,24444.1125,0.1805554125,160.1509783,1.601509783,101.0946138,101.0946138
90.043,24495.5375,0.1796427128,158.9954576,1.589954576,100.3651963,100.3651963
90.17,24488.15,0.1797737095,159.1613055,1.591613055,100.4698871,100.4698871
90.297,24495.1125,0.1796502479,159.0049974,1.590049974,100.3712182,100.3712182
90.424,24534.6,0.1789507045,158.1193425,1.581193425,99.8121524,99.8121524
90.551,24501.275,0.1795410015,158.8666863,1.588666863,100.28391,100.28391
90.678,24520.55,0.1791994791,158.4343028,1.584343028,100.0109698,100.0109698
90.805,24446.25,0.1805174376,160.1029002,1.601029002,101.0642647,101.0642647
90.932,24462.9875,0.1802201929,159.7265746,1.597265746,100.8267107,100.8267107
91.059,24466.7375,0.1801536238,159.6422949,1.596422949,100.7735096,100.7735096
91.186,24434.15,0.1807324507,160.3751169,1.603751169,101.2361003,101.2361003
91.313,24477.1,0.1799697242,159.4094693,1.594094693,100.6265394,100.6265394
91.44,24502.6,0.179517516,158.8369525,1.588369525,100.2651407,100.2651407
91.567,24399.5625,0.1813476471,161.1539846,1.611539846,101.7277571,101.7277571
91.694,24426.975,0.1808599984,160.5365984,1.605365984,101.3380348,101.3380348
91.821,24331.275,0.182564819,162.6949815,1.626949815,102.7005048,102.7005048
91.948,24370.4875,0.1818654696,161.8095722,1.618095722,102.141594,102.141594
92.075,24435,0.180717343,160.3559899,1.603559899,101.2240264,101.2240264
92.202,24376.35,0.1817610094,161.6773207,1.616773207,102.0581108,102.0581108
92.329,24399.375,0.1813509845,161.1582099,1.611582099,101.7304243,101.7304243
92.456,24396.0125,0.1814108391,161.2339886,1.612339886,101.7782594,101.7782594
92.583,24405.7375,0.1812377505,161.0148503,1.610148503,101.6399292,101.6399292
92.71,24399.575,0.1813474246,161.1537029,1.611537029,101.7275793,101.7275793
92.837,24344.7875,0.1823236983,162.3897113,1.623897113,102.5078043,102.5078043
92.964,24347.8375,0.1822692918,162.3208301,1.623208301,102.4643233,102.4643233
93.091,24373.2375,0.1818164659,161.7475313,1.617475313,102.1024309,102.1024309
93.218,24347.9375,0.1822675081,162.3185718,1.623185718,102.4628978,102.4628978
93.345,24389.5,0.1815267892,161.3807869,1.613807869,101.8709252,101.8709252
93.472,24421.5875,0.180955795,160.6578813,1.606578813,101.4145941,101.4145941
93.599,24363.825,0.1819842149,161.9599094,1.619599094,102.2364937,102.2364937
93.726,24368.7125,0.1818971021,161.8496205,1.618496205,102.1668743,102.1668743
93.853,24376.0125,0.1817670224,161.6849334,1.616849334,102.0629163,102.0629163
93.98,24349.2,0.1822449894,162.2900622,1.622900622,102.4449012,102.4449012
94.107,24392.45,0.1814742629,161.3142861,1.613142861,101.8289468,101.8289468
94.234,24385.4,0.1815998025,161.4732252,1.614732252,101.9292764,101.9292764
94.361,24420.075,0.1809826929,160.6919354,1.606919354,101.4360906,101.4360906
94.488,24411.0375,0.1811434485,160.8954595,1.608954595,101.5645643,101.5645643
94.615,24378.8375,0.1817166938,161.6212151,1.616212151,102.0226944,102.0226944
94.742,24379.7875,0.1816997705,161.5997893,1.615997893,102.0091694,102.0091694
94.869,24353.8375,0.1821622824,162.1853512,1.621853512,102.3788029,102.3788029
94.996,24355.2875,0.1821364258,162.1526155,1.621526155,102.3581386,102.3581386
95.123,24389.075,0.1815343571,161.3903682,1.613903682,101.8769733,101.8769733
95.25,24365.825,0.1819485656,161.9147757,1.619147757,102.2080033,102.2080033
95.377,24362.775,0.182002932,161.9836061,1.619836061,102.2514521,102.2514521
95.504,24362.575,0.1820064972,161.9881198,1.619881198,102.2543014,102.2543014
95.631,24369.0125,0.1818917556,161.8428515,1.618428515,102.1626014,102.1626014
95.758,24352.5125,0.1821859114,162.2152666,1.622152666,102.3976868,102.3976868
95.885,24417.575,0.181027156,160.7482277,1.607482277,101.4716249,101.4716249
96.012,24373.3125,0.1818151296,161.7458393,1.617458393,102.1013629,102.1013629
96.139,24401.0625,0.181320949,161.1201835,1.611201835,101.7064204,101.7064204
96.266,24383.2,0.1816389854,161.5228326,1.615228326,101.9605908,101.9605908
96.393,24418.6125,0.1810087033,160.7248657,1.607248657,101.4568777,101.4568777
96.52,24387.125,0.181569082,161.4343316,1.614343316,101.904725,101.904725
96.647,24411.925,0.1811276593,160.8754697,1.608754697,101.5519458,101.5519458
96.774,24295.3375,0.1832067499,163.5076961,1.635076961,103.2135274,103.2135274
96.901,24367.6,0.1819169293,161.8747226,1.618747226,102.1827199,102.1827199
97.028,24381.575,0.1816679296,161.5594773,1.615594773,101.9837227,101.9837227
97.155,24331.275,0.182564819,162.6949815,1.626949815,102.7005048,102.7005048
97.282,24288.15,0.18333525,163.6703833,1.636703833,103.316223,103.316223
97.409,24350.5375,0.1822211343,162.2598605,1.622598605,102.4258365,102.4258365
97.536,24399.0375,0.1813569918,161.1658154,1.611658154,101.7352253,101.7352253
97.663,24392.6875,0.1814700344,161.3089326,1.613089326,101.8255674,101.8255674
97.79,24363.975,0.1819815411,161.9565242,1.619565242,102.2343568,102.2343568
97.917,24402.7125,0.181291583,161.0830048,1.610830048,101.6829515,101.6829515
98.044,24374.275,0.1817979796,161.7241267,1.617241267,102.0876569,102.0876569
98.171,24386.5625,0.1815790993,161.447014,1.61447014,101.9127307,101.9127307
98.298,24365.675,0.1819512392,161.9181606,1.619181606,102.21014,102.21014
98.425,24359.9875,0.1820526252,162.04652,1.6204652,102.2911663,102.2911663
98.552,24324.425,0.1826871035,162.8497993,1.628497993,102.7982329,102.7982329
98.679,24345.4,0.1823127719,162.3758779,1.623758779,102.499072,102.499072
98.806,24322.175,0.1827272774,162.9006614,1.629006614,102.8303394,102.8303394
98.933,24368.7125,0.1818971021,161.8496205,1.618496205,102.1668743,102.1668743
99.06,24364.8125,0.1819666127,161.9376242,1.619376242,102.2224262,102.2224262
99.187,24350.3125,0.1822251472,162.264941,1.62264941,102.4290436,102.4290436
99.314,24405.6375,0.18123953,161.0171032,1.610171032,101.6413514,101.6413514
99.441,24362.05,0.1820158561,161.9999686,1.619999686,102.2617809,102.2617809
99.568,24352.4875,0.1821863572,162.2158311,1.622158311,102.3980431,102.3980431
99.695,24349.9,0.1822325043,162.2742555,1.622742555,102.4349233,102.4349233
99.822,24393.85,0.1814493374,161.2827292,1.612827292,101.8090266,101.8090266
99.949,24372.65,0.1818269344,161.7607849,1.617607849,102.1107972,102.1107972
100.076,24372,0.1818385169,161.7754488,1.617754488,102.1200537,102.1200537
100.203,24375.4875,0.1817763762,161.6967757,1.616967757,102.0703917,102.0703917
100.33,24421.9875,0.1809486817,160.6488756,1.606488756,101.4089093,101.4089093
100.457,24387.7375,0.1815581745,161.4205222,1.614205222,101.8960079,101.8960079
100.584,24395.4875,0.1814201852,161.2458212,1.612458212,101.7857286,101.7857286
100.711,24417.6125,0.181026489,160.7473833,1.607473833,101.4710918,101.4710918
100.838,24411.45,0.1811361098,160.8861684,1.608861684,101.5586993,101.5586993
100.965,24442.9875,0.1805754007,160.1762842,1.601762842,101.110588,101.110588
101.092,24386.2375,0.1815848872,161.4543417,1.614543417,101.9173563,101.9173563
101.219,24409.2,0.1811761405,160.9368491,1.609368491,101.5906913,101.5906913
101.346,24366.4875,0.1819367575,161.899826,1.61899826,102.1985663,102.1985663
101.473,24387.15,0.1815686368,161.4337679,1.614337679,101.9043692,101.9043692
101.6,24419.825,0.180987139,160.6975644,1.606975644,101.4396438,101.4396438
101.727,24383.95,0.1816256272,161.5059205,1.615059205,101.9499151,101.9499151
101.854,24428.525,0.1808324414,160.5017099,1.605017099,101.3160116,101.3160116
101.981,24429.45,0.1808159969,160.4808904,1.604808904,101.3028693,101.3028693
102.108,24407.85,0.1812001607,160.9672598,1.609672598,101.6098879,101.6098879
102.235,24397.35,0.1813870298,161.2038449,1.612038449,101.7592313,101.7592313
102.362,24461.475,0.1802470454,159.760571,1.59760571,100.8481708,100.8481708
102.489,24474.3625,0.1800182981,159.4709662,1.594709662,100.665359,100.665359
102.616,24505.3125,0.1794694412,158.7760875,1.587760875,100.2267199,100.2267199
102.743,24433.725,0.1807400047,160.3846807,1.603846807,101.2421374,101.2421374
102.87,24406.25,0.1812286308,161.0033043,1.610033043,101.6326409,101.6326409
102.997,24436.7375,0.1806864627,160.316894,1.60316894,101.1993473,101.1993473
103.124,24486.2375,0.1798076288,159.2042489,1.592042489,100.4969949,100.4969949
103.251,24462.75,0.1802244093,159.7319127,1.597319127,100.8300804,100.8300804
103.378,24488.5,0.1797675023,159.153447,1.59153447,100.4649264,100.4649264
103.505,24505.3125,0.1794694412,158.7760875,1.587760875,100.2267199,100.2267199
103.632,24500.1875,0.1795602783,158.8910916,1.588910916,100.2993157,100.2993157
103.759,24483.575,0.1798548542,159.2640385,1.592640385,100.5347368,100.5347368
103.886,24515.9,0.1792818451,158.5385821,1.585385821,100.0767956,100.0767956
104.013,24489.85,0.1797435613,159.1231364,1.591231364,100.445793,100.445793
104.14,24493.3125,0.1796821628,159.0454031,1.590454031,100.3967242,100.3967242
104.267,24494.1875,0.1796666484,159.0257611,1.590257611,100.3843252,100.3843252
104.394,24413.625,0.1810974169,160.8371814,1.608371814,101.5277765,101.5277765
104.521,24516.6875,0.179267895,158.5209205,1.585209205,100.0656468,100.0656468
104.648,24462.1,0.1802359491,159.7465226,1.597465226,100.8393029,100.8393029
104.775,24447.7625,0.1804905684,160.0688826,1.600688826,101.0427912,101.0427912
104.902,24424.0875,0.1809113392,160.6015982,1.606015982,101.3790656,101.3790656
105.029,24460.4,0.1802661316,159.784735,1.59784735,100.8634243,100.8634243
105.156,24457.55,0.1803167363,159.848803,1.59848803,100.9038669,100.9038669
105.283,24484.9875,0.1798297997,159.2323184,1.592323184,100.5147136,100.5147136
105.41,24499.925,0.1795649315,158.8969827,1.588969827,100.3030344,100.3030344
105.537,24496.4625,0.1796263133,158.974695,1.58974695,100.35209,100.35209
105.664,24495.1875,0.1796489182,159.0033139,1.590033139,100.3701555,100.3701555
105.791,24453.7375,0.1803844404,159.9345196,1.599345196,100.9579751,100.9579751
105.918,24495.175,0.1796491398,159.0035944,1.590035944,100.3703327,100.3703327
106.045,24495.9125,0.1796360643,158.9870402,1.589870402,100.3598829,100.3598829
106.172,24481.1625,0.1798976497,159.3182196,1.593182196,100.5689384,100.5689384
106.299,24505.65,0.1794634599,158.7685149,1.587685149,100.2219397,100.2219397
106.426,24486.5875,0.1798014212,159.1963898,1.591963898,100.4920339,100.4920339
106.553,24524.4625,0.1791301886,158.3465777,1.583465777,99.9555937,99.9555937
106.68,24509.8,0.1793899189,158.6754086,1.586754086,100.1631667,100.1631667
106.807,24536.0125,0.1789257021,158.0876883,1.580876883,99.79217084,99.79217084
106.934,24521.975,0.179174241,158.4023502,1.584023502,99.99079982,99.99079982
107.061,24527.3,0.1790799433,158.2829648,1.582829648,99.91543831,99.91543831
107.188,24530.5625,0.1790221794,158.2098331,1.582098331,99.8692742,99.8692742
107.315,24538.1875,0.1788872057,158.03895,1.5803895,99.76140501,99.76140501
107.442,24540.175,0.1788520309,157.9944171,1.579944171,99.73329379,99.73329379
107.569,24524.65,0.1791268682,158.342374,1.58342374,99.95294012,99.95294012
107.696,24521.325,0.1791857529,158.4169248,1.584169248,100,100
107.823,24557.4,0.1785473021,157.6086161,1.576086161,99.48975857,99.48975857
107.95,24510.1625,0.1793834957,158.6672766,1.586672766,100.1580334,100.1580334
108.077,24521.525,0.1791822108,158.4124403,1.584124403,99.99716915,99.99716915
108.204,24372.4625,0.1818302755,161.7650148,1.617650148,102.1134673,102.1134673
108.331,24499.6,0.1795706926,158.9042765,1.589042765,100.3076386,100.3076386
108.458,24539.675,0.1788608796,158.00562,1.5800562,99.74036558,99.74036558
108.585,24555.875,0.1785742724,157.6427617,1.576427617,99.51131285,99.51131285
108.712,24521.025,0.1791910662,158.4236517,1.584236517,100.0042463,100.0042463
108.839,24553.5375,0.1786156153,157.6951038,1.576951038,99.54435357,99.54435357
108.966,24537.5,0.1788993737,158.0543553,1.580543553,99.77112954,99.77112954
109.093,24497.875,0.179601272,158.9429915,1.589429915,100.3320773,100.3320773
109.22,24531.2125,0.1790106718,158.1952639,1.581952639,99.86007749,99.86007749
109.347,24526.7875,0.179089018,158.2944538,1.582944538,99.9226907,99.9226907
109.474,24567.1375,0.1783751298,157.3906378,1.573906378,99.35216075,99.35216075
109.601,24558.9375,0.1785201125,157.5741927,1.575741927,99.46802897,99.46802897
109.728,24546.6125,0.1787381196,157.8502,1.578502,99.64225737,99.64225737
109.855,24555.0375,0.1785890846,157.6615147,1.576615147,99.52315061,99.52315061
109.982,24513.85,0.179318162,158.584561,1.58584561,100.1058196,100.1058196
110.109,24519.55,0.1792171909,158.4567268,1.584567268,100.0251248,100.0251248
110.236,24513.325,0.1793274632,158.5963367,1.585963367,100.1132529,100.1132529
110.363,24533.775,0.1789653083,158.1378316,1.581378316,99.82382359,99.82382359
110.49,24525.4875,0.1791120376,158.3235978,1.583235978,99.94108769,99.94108769
110.617,24524.325,0.1791326235,158.3496605,1.583496605,99.95753967,99.95753967
110.744,24525.2375,0.1791164646,158.3292026,1.583292026,99.94462569,99.94462569
110.871,24503.425,0.1795028936,158.8184399,1.588184399,100.2534546,100.2534546
110.998,24541.675,0.1788254858,157.9608097,1.579608097,99.71207929,99.71207929
111.125,24525.55,0.1791109309,158.3221966,1.583221966,99.9402032,99.9402032
111.252,24554.75,0.1785941695,157.6679525,1.576679525,99.52721441,99.52721441
111.379,24556.8625,0.1785568078,157.6206508,1.576206508,99.49735542,99.49735542
111.506,24573.2875,0.1782664245,157.2530119,1.572530119,99.26528495,99.26528495
111.633,24531.6875,0.1790022626,158.1846175,1.581846175,99.85335697,99.85335697
111.76,24590.225,0.1779671838,156.874159,1.56874159,99.02613572,99.02613572
111.887,24524.375,0.1791317381,158.3485395,1.583485395,99.95683205,99.95683205
112.014,24566.575,0.1783850737,157.4032273,1.574032273,99.36010779,99.36010779
112.141,24542.375,0.1788130986,157.945127,1.57945127,99.70217963,99.70217963
112.268,24466.45,0.1801587271,159.6487559,1.596487559,100.777588,100.777588
112.395,24507.975,0.1794222577,158.716351,1.58716351,100.1890115,100.1890115
112.522,24493.875,0.1796721892,159.032776,1.59032776,100.3887534,100.3887534
112.649,24564.7375,0.1784175587,157.4443549,1.574443549,99.3860694,99.3860694
112.776,24567.65,0.17836607,157.3791677,1.573791677,99.34492027,99.34492027
112.903,24558.1,0.1785349229,157.5929434,1.575929434,99.47986525,99.47986525
113.03,24552.2375,0.1786386099,157.724216,1.57724216,99.56273052,99.56273052
113.157,24576.7625,0.1782050137,157.1752628,1.571752628,99.21620621,99.21620621
113.284,24573.475,0.1782631108,157.2488165,1.572488165,99.26263664,99.26263664
113.411,24560.475,0.1784929245,157.5397715,1.575397715,99.44630073,99.44630073
113.538,24551.05,0.1786596156,157.7508102,1.577508102,99.579518,99.579518
113.665,24556.525,0.1785627766,157.6282076,1.576282076,99.50212562,99.50212562
113.792,24587.3625,0.1780177421,156.9381682,1.569381682,99.06654126,99.06654126
113.919,24607.175,0.1776679285,156.4952877,1.564952877,98.78697484,98.78697484
114.046,24553.3625,0.1786187106,157.6990226,1.576990226,99.54682733,99.54682733
114.173,24577.675,0.1781888893,157.1548485,1.571548485,99.20331978,99.20331978
114.3,24554.725,0.1785946117,157.6685123,1.576685123,99.52756779,99.52756779
114.427,24610.625,0.1776070434,156.4182043,1.564182043,98.73831626,98.73831626
114.554,24575.85,0.1782211387,157.1956779,1.571956779,99.22909312,99.22909312
114.681,24573.55,0.1782617853,157.2471384,1.572471384,99.26157733,99.26157733
114.808,24600.6375,0.1777833248,156.6413849,1.566413849,98.87919805,98.87919805
114.935,24626.45,0.1773278753,156.0647643,1.560647643,98.51520882,98.51520882
115.062,24603.5125,0.1777325731,156.5771308,1.565771308,98.83863798,98.83863798
115.189,24587.6875,0.1780120016,156.9309004,1.569309004,99.06195349,99.06195349
115.316,24616.9625,0.1774952223,156.2766335,1.562766335,98.64895033,98.64895033
115.443,24636.575,0.1771493547,155.8387489,1.558387489,98.37253755,98.37253755
115.57,24659.2625,0.1767496026,155.3326439,1.553326439,98.05306099,98.05306099
115.697,24663.7125,0.1766712371,155.2334295,1.552334295,97.9904323,97.9904323
115.824,24618.1875,0.1774736113,156.2492729,1.562492729,98.63167909,98.63167909
115.951,24670.0875,0.1765589965,155.0913276,1.550913276,97.90073111,97.90073111
116.078,24664.775,0.1766525283,155.2097433,1.552097433,97.97548049,97.97548049
116.205,24710.775,0.17584332,154.1852476,1.541852476,97.32877197,97.32877197
116.332,24755.575,0.1750566682,153.1893093,1.531893093,96.70009025,96.70009025
116.459,24683.5,0.1763229458,154.7924763,1.547924763,97.71208251,97.71208251
116.586,24699.6125,0.1760395465,154.4336795,1.544336795,97.48559354,97.48559354
116.713,24707.45,0.1759017612,154.2592368,1.542592368,97.37547737,97.37547737
116.84,24662.9125,0.1766853242,155.2512645,1.552512645,98.00169056,98.00169056
116.967,24663.25,0.1766793812,155.2437403,1.552437403,97.99694094,97.99694094
117.094,24683.5625,0.1763218461,154.7910841,1.547910841,97.71120368,97.71120368
117.221,24715.1625,0.1757662161,154.0876303,1.540876303,97.26715154,97.26715154
117.348,24633.85,0.1771973937,155.8995686,1.558995686,98.41092972,98.41092972
117.475,24683.45,0.1763238255,154.7935901,1.547935901,97.71278558,97.71278558
117.602,24649.15,0.1769277387,155.5581726,1.555581726,98.19542496,98.19542496
117.729,24677.875,0.1764219263,154.9177903,1.549177903,97.7911864,97.7911864
117.856,24669.3,0.1765728599,155.1088794,1.551088794,97.91181059,97.91181059
117.983,24680.55,0.1763748527,154.858193,1.54858193,97.75356586,97.75356586
118.11,24625.35,0.1773472745,156.0893247,1.560893247,98.53071244,98.53071244
118.237,24629.65,0.177271446,155.9933222,1.559933222,98.47011131,98.47011131
118.364,24637.55,0.1771321677,155.8169893,1.558169893,98.35880193,98.35880193
118.491,24675.025,0.176472085,154.9812936,1.549812936,97.83127259,97.83127259
118.618,24638.7625,0.1771107951,155.7899306,1.557899306,98.34172121,98.34172121
118.745,24697.7375,0.1760725159,154.4754204,1.544754204,97.5119423,97.5119423
118.872,24737.05,0.1753817795,153.6009155,1.536009155,96.95991488,96.95991488
118.999,24731.3375,0.1754820822,153.7279035,1.537279035,97.04007549,97.04007549
119.126,24704.3625,0.175956035,154.32795,1.5432795,97.4188523,97.4188523
119.253,24704.5625,0.1759525191,154.3234987,1.543234987,97.41604242,97.41604242
119.38,24688,0.1762437776,154.6922457,1.546922457,97.64881238,97.64881238
119.507,24722.9125,0.1756300545,153.9152434,1.539152434,97.15833304,97.15833304
119.634,24773.2125,0.1747473584,152.7977086,1.527977086,96.45289397,96.45289397
119.761,24743.625,0.1752663612,153.4547906,1.534547906,96.86767415,96.86767415
119.888,24771.825,0.1747716831,152.8285047,1.528285047,96.47233394,96.47233394
120.015,24750.7,0.1751422002,153.2975968,1.532975968,96.7684463,96.7684463
120.142,24774.65,0.1747221586,152.7658044,1.527658044,96.43275462,96.43275462
120.269,24771.125,0.1747839555,152.8440422,1.528440422,96.4821419,96.4821419
120.396,24727.375,0.1755516712,153.8160064,1.538160064,97.09569012,97.09569012
120.523,24805.85,0.1741755731,152.0738015,1.520738015,95.9959308,95.9959308
120.65,24763.5625,0.1749165637,153.0119304,1.530119304,96.58812058,96.58812058
120.777,24753.1625,0.1750989934,153.2428951,1.532428951,96.73391605,96.73391605
120.904,24804.95,0.1741913304,152.093751,1.52093751,96.00852378,96.00852378
121.031,24793.925,0.1743844032,152.3381902,1.523381902,96.162825,96.162825
121.158,24859.65,0.1732346764,150.8825821,1.508825821,95.24397865,95.24397865
121.285,24811.275,0.174080604,151.9535662,1.519535662,95.92003273,95.92003273
121.412,24838.85,0.1735982015,151.3428219,1.513428219,95.53450307,95.53450307
121.539,24819.125,0.17394322,151.7796315,1.517796315,95.81023725,95.81023725
121.666,24836.9375,0.1736316419,151.385159,1.51385159,95.56122817,95.56122817
121.793,24846.6375,0.1734620624,151.1704635,1.511704635,95.42570253,95.42570253
121.92,24825.4625,0.1738323382,151.6392499,1.516392499,95.72162196,95.72162196
122.047,24874.7125,0.1729716164,150.5495357,1.505495357,95.03374458,95.03374458
122.174,24823.5375,0.1738660153,151.6818867,1.516818867,95.74853625,95.74853625
122.301,24809.875,0.1741051102,151.9845921,1.519845921,95.93961774,95.93961774
122.428,24826.075,0.1738216233,151.6256844,1.516256844,95.71305877,95.71305877
122.555,24859.75,0.1732329295,150.8803703,1.508803703,95.24258248,95.24258248
122.682,24872.6375,0.1730078459,150.595404,1.50595404,95.06269873,95.06269873
122.809,24850.175,0.1734002349,151.0921868,1.510921868,95.37629075,95.37629075
122.936,24831.4125,0.1737282619,151.5074844,1.515074844,95.63844556,95.63844556
123.063,24866.85,0.1731089117,150.723358,1.50723358,95.14346913,95.14346913
123.19,24892.7625,0.1726565908,150.1506984,1.501506984,94.78198026,94.78198026
123.317,24873.3,0.1729962784,150.5807589,1.505807589,95.05345407,95.05345407
123.444,24811.05,0.1740845424,151.9585524,1.519585524,95.92318024,95.92318024
123.571,24805.35,0.1741843271,152.0848845,1.520848845,96.00292684,96.00292684
123.698,24837.5625,0.1736207134,151.371323,1.51371323,95.55249425,95.55249425
123.825,24832.5625,0.1737081491,151.4820208,1.514820208,95.62237174,95.62237174
123.952,24855.6625,0.1733043431,150.9707833,1.509707833,95.2996553,95.2996553
124.079,24870.625,0.1730429871,150.6398943,1.506398943,95.09078306,95.09078306
124.206,24877.1,0.1729299344,150.4967643,1.504967643,95.00043286,95.00043286
124.333,24875.775,0.1729530664,150.5260505,1.505260505,95.0189196,95.0189196
124.46,24875.525,0.172957431,150.5315763,1.505315763,95.02240777,95.02240777
124.587,24898.9875,0.1725479992,150.0132163,1.500132163,94.69519528,94.69519528
124.714,24880.8,0.1728653461,150.4149925,1.504149925,94.94881474,94.94881474
124.841,24912.525,0.1723119388,149.7215317,1.497215317,94.51107063,94.51107063
124.968,24889.375,0.1727156952,150.2255274,1.502255274,94.82921574,94.82921574
125.095,24953.6375,0.1715958245,148.8376829,1.488376829,93.95314489,93.95314489
125.222,24980.1875,0.1711339925,148.2676766,1.482676766,93.59333086,93.59333086
125.349,24982.775,0.1710890097,148.2121575,1.482121575,93.55828469,93.55828469
125.476,24992.2875,0.1709236782,148.0081007,1.480081007,93.42947466,93.42947466
125.603,24980.9375,0.1711209535,148.2515835,1.482515835,93.58317218,93.58317218
125.73,24946.275,0.1717239808,148.9958571,1.489958571,94.05299163,94.05299163
125.857,24990.925,0.1709473552,148.0373235,1.480373235,93.44792144,93.44792144
125.984,24995.95,0.1708600391,147.9295554,1.479295554,93.37989333,93.37989333
126.111,24961.8875,0.1714522648,148.6604974,1.486604974,93.84129729,93.84129729
126.238,24963.3625,0.1714266031,148.6288249,1.486288249,93.82130419,93.82130419
126.365,24979.75,0.1711415987,148.2770645,1.482770645,93.5992569,93.5992569
126.492,24962.025,0.1714498725,148.6575448,1.486575448,93.83943347,93.83943347
126.619,24941.0125,0.1718156063,149.1089439,1.491089439,94.12437722,94.12437722
126.746,24908.2375,0.1723866883,149.8137897,1.498137897,94.56930805,94.56930805
126.873,24926.0375,0.1720764423,149.4308752,1.494308752,94.32759492,94.32759492
127,24977.1875,0.1711861523,148.3320537,1.483320537,93.63396864,93.63396864
127.127,24999.3625,0.1708007523,147.856382,1.47856382,93.33370293,93.33370293
127.254,25004.5,0.1707115117,147.7462387,1.477462387,93.26417542,93.26417542
127.381,24955.125,0.1715699368,148.8057315,1.488057315,93.9329757,93.9329757
127.508,24977.2125,0.1711857176,148.3315172,1.483315172,93.63362997,93.63362997
127.635,25012.85,0.1705665077,147.5672705,1.475672705,93.15120255,93.15120255
127.762,24982.6375,0.1710914,148.2151077,1.482151077,93.56014696,93.56014696
127.889,24987.675,0.1710038376,148.1070358,1.481070358,93.49192701,93.49192701
128.016,24970.3375,0.171305274,148.4790772,1.484790772,93.72677655,93.72677655
128.143,24989.8,0.170966906,148.0614536,1.480614536,93.46315349,93.46315349
128.27,25042.6625,0.1700491858,146.928777,1.46928777,92.74815629,92.74815629
128.397,25015.6625,0.1705176774,147.5070028,1.475070028,93.1131588,93.1131588
128.524,24981.3375,0.1711139996,148.2430008,1.482430008,93.57775434,93.57775434
128.651,24972.6375,0.1712652733,148.4297071,1.484297071,93.69561193,93.69561193
128.778,25006.575,0.1706754732,147.701759,1.47701759,93.2360978,93.2360978
128.905,25030.3875,0.1702621133,147.1915783,1.471915783,92.91404843,92.91404843
129.032,25007.8875,0.1706526794,147.6736261,1.476736261,93.21833907,93.21833907
129.159,24990.4,0.1709564788,148.0485841,1.480485841,93.45502965,93.45502965
129.286,24984.0125,0.1710674978,148.185607,1.48185607,93.54152476,93.54152476
129.413,24996.85,0.1708444022,147.910256,1.47910256,93.36771063,93.36771063
129.54,24993.95,0.1708947897,147.9724456,1.479724456,93.40696756,93.40696756
129.667,25026.6875,0.1703263156,147.2708186,1.472708186,92.96406854,92.96406854
129.794,24991.725,0.1709334529,148.0201649,1.480201649,93.43709018,93.43709018
129.921,25025.2,0.1703521293,147.3026786,1.473026786,92.98418006,92.98418006
130.048,24978.2,0.1711685477,148.3103256,1.483103256,93.62025284,93.62025284
130.175,25004.8375,0.1707056498,147.7390038,1.477390038,93.25960842,93.25960842
130.302,24997.3375,0.1708359325,147.8998024,1.478998024,93.36111185,93.36111185
130.429,25050.925,0.1699059196,146.7519538,1.467519538,92.6365374,92.6365374
130.556,24982.9125,0.1710866194,148.2092074,1.482092074,93.55642244,93.55642244
130.683,25010.55,0.1706064441,147.6165612,1.476165612,93.18231706,93.18231706
130.81,25074.95,0.1694896106,146.2381334,1.462381334,92.31219044,92.31219044
130.937,25063.5875,0.1696864521,146.4810807,1.464810807,92.46554991,92.46554991
131.064,25038.7,0.1701179096,147.013598,1.47013598,92.80169914,92.80169914
131.191,25036.5875,0.1701545523,147.0588235,1.470588235,92.83024753,92.83024753
131.318,25019.875,0.1704445507,147.4167478,1.474167478,93.05618572,93.05618572
131.445,25032.8,0.1702202568,147.1399178,1.471399178,92.88143796,92.88143796
131.572,25015.1625,0.1705263579,147.5177166,1.475177166,93.11992182,93.11992182
131.699,25076.4,0.1694644976,146.2071381,1.462071381,92.29262482,92.29262482
131.826,25062,0.1697139607,146.5150326,1.465150326,92.48698191,92.48698191
131.953,25002.7625,0.1707416908,147.7834866,1.477834866,93.28768799,93.28768799
132.08,25024.125,0.1703707856,147.3257047,1.473257047,92.99871518,92.99871518
132.207,25036.0375,0.170164093,147.0705988,1.470705988,92.83768064,92.83768064
132.334,25027.2,0.1703174221,147.259842,1.47259842,92.95713964,92.95713964
132.461,25065.3,0.1696567794,146.4444578,1.464444578,92.44243188,92.44243188
132.588,25052.2125,0.1698835995,146.7244057,1.467244057,92.61914775,92.61914775
132.715,25067.15,0.1696247265,146.4048973,1.464048973,92.41745943,92.41745943
132.842,25080.8,0.1693883013,146.1130945,1.461130945,92.23326019,92.23326019
132.969,25069.4,0.1695857465,146.356787,1.46356787,92.38709002,92.38709002
133.096,25075.9125,0.1694729406,146.2175587,1.462175587,92.29920279,92.29920279
133.223,25114.4375,0.1688062308,145.3946864,1.453946864,91.77976819,91.77976819
133.35,25108.2625,0.1689130259,145.5264959,1.455264959,91.8629724,91.8629724
133.477,25082.3375,0.1693616791,146.0802365,1.460802365,92.21251875,92.21251875
133.604,25069.7375,0.1695798998,146.3495708,1.463495708,92.38253484,92.38253484
133.731,25137.2,0.1684127858,144.9090852,1.449090852,91.47323456,91.47323456
133.858,25124.325,0.1686352837,145.1836985,1.451836985,91.646583,91.646583
133.985,25123.3625,0.1686519216,145.2042335,1.452042335,91.65954563,91.65954563
134.112,25125.6625,0.1686121645,145.1551642,1.451551642,91.62857083,91.62857083
134.239,25141.375,0.1683406605,144.8200661,1.448200661,91.4170416,91.4170416
134.366,25176.1375,0.1677405845,144.0794352,1.440794352,90.94952152,90.94952152
134.493,25110.45,0.1688751906,145.4797986,1.454797986,91.83349488,91.83349488
134.62,25144.825,0.1682810689,144.7465165,1.447465165,91.37061375,91.37061375
134.747,25126.775,0.1685929355,145.1314312,1.451314312,91.61358947,91.61358947
134.874,25163.375,0.1679607966,144.3512272,1.443512272,91.12108906,91.12108906
135.001,25149.3875,0.1682022738,144.6492653,1.446492653,91.30922437,91.30922437
135.128,25144.8375,0.168280853,144.74625,1.4474625,91.37044554,91.37044554
135.255,25134.1375,0.1684656997,144.9743931,1.449743931,91.51445988,91.51445988
135.382,25111.375,0.1688591927,145.4600535,1.454600535,91.82103088,91.82103088
135.509,25108.2,0.168914107,145.5278302,1.455278302,91.86381465,91.86381465
135.636,25138.7875,0.1683853595,144.8752349,1.448752349,91.45186668,91.45186668
135.763,25115.8875,0.1687811573,145.3637399,1.453637399,91.76023333,91.76023333
135.89,25117.125,0.1687597594,145.33733,1.4533733,91.74356223,91.74356223
136.017,25106.675,0.1689404856,145.5603874,1.455603874,91.88436626,91.88436626
136.144,25132.1625,0.1684998272,145.0165143,1.450165143,91.54104867,91.54104867
136.271,25125.2,0.1686201589,145.165031,1.45165031,91.63479923,91.63479923
136.398,25169.0125,0.1678635099,144.2311532,1.442311532,91.04529287,91.04529287
136.525,25164.15,0.1679474211,144.3347187,1.443347187,91.11066818,91.11066818
136.652,25230.6875,0.1668006018,142.9192815,1.429192815,90.21717952,90.21717952
136.779,25237.5125,0.1666831393,142.7743059,1.427743059,90.12566433,90.12566433
136.906,25224.2625,0.166911209,143.0557961,1.430557961,90.30335381,90.30335381
137.033,25232.25,0.1667737074,142.8860876,1.428860876,90.19622605,90.19622605
137.16,25237.9375,0.1666758258,142.7652794,1.427652794,90.1199664,90.1199664
137.287,25220.5125,0.1669757788,143.13549,1.4313549,90.35366023,90.35366023
137.414,25215.7875,0.1670571504,143.2359212,1.432359212,90.41705698,90.41705698
137.541,25239.1375,0.1666551767,142.7397937,1.427397937,90.10387864,90.10387864
137.668,25191.6375,0.167473288,143.7495302,1.437495302,90.74127042,90.74127042
137.795,25241.5125,0.1666143116,142.6893568,1.426893568,90.07204055,90.07204055
137.922,25180.8875,0.1676586536,143.9783137,1.439783137,90.88568901,90.88568901
138.049,25219.2,0.1669983805,143.1633857,1.431633857,90.37126925,90.37126925
138.176,25275.4625,0.1660305751,141.9688925,1.419688925,89.61725059,89.61725059
138.303,25206.0875,0.1672242468,143.4421564,1.434421564,90.54724203,90.54724203
138.43,25181.3,0.1676515393,143.969533,1.43969533,90.88014623,90.88014623
138.557,25237.0625,0.1666908831,142.7838635,1.427838635,90.13169753,90.13169753
138.684,25266.225,0.1661893271,142.1648287,1.421648287,89.74093446,89.74093446
138.811,25271.7625,0.1660941549,142.0473644,1.420473644,89.66678566,89.66678566
138.938,25254.85,0.166384893,142.4062017,1.424062017,89.89330016,89.89330016
139.065,25270.9625,0.166107903,142.0643329,1.420643329,89.6774969,89.6774969
139.192,25311.475,0.1654122324,141.2057162,1.412057162,89.13549882,89.13549882
139.319,25242.9625,0.1665893642,142.658566,1.42658566,90.05260403,90.05260403
139.446,25307.075,0.1654877342,141.2989027,1.412989027,89.19432238,89.19432238
139.573,25224.2875,0.1669107786,143.0552649,1.430552649,90.30301846,90.30301846
139.7,25280.0625,0.165951543,141.8713488,1.418713488,89.55567656,89.55567656
139.827,25317.3625,0.1653112264,141.0810516,1.410810516,89.05680487,89.05680487
139.954,25335.6125,0.1649982783,140.6948022,1.406948022,88.81298657,88.81298657
140.081,25320.1375,0.1652636266,141.0223026,1.410223026,89.0197198,89.0197198
140.208,25318.7375,0.1652876402,141.051941,1.41051941,89.03842888,89.03842888
140.335,25300.1125,0.165607234,141.4463928,1.414463928,89.28742489,89.28742489
140.462,25360.7125,0.1645682356,140.1640312,1.401640312,88.47793965,88.47793965
140.589,25358.8875,0.1645994893,140.2026054,1.402026054,88.50228945,88.50228945
140.716,25314.3875,0.1653622626,141.144042,1.41144042,89.09656725,89.09656725
140.843,25368.7625,0.1644304037,139.993915,1.39993915,88.37055458,88.37055458
140.97,25318.35,0.1652942871,141.0601447,1.410601447,89.04360747,89.04360747
141.097,25334.3375,0.1650201345,140.7217777,1.407217777,88.83001475,88.83001475
141.224,25319.375,0.1652767053,141.0384447,1.410384447,89.02990944,89.02990944
141.351,25323.1375,0.1652121732,140.9587974,1.409587974,88.97963241,88.97963241
141.478,25374.275,0.164336044,139.8774536,1.398774536,88.29703881,88.29703881
141.605,25415.4875,0.1636312419,139.0075667,1.390075667,87.74792643,87.74792643
141.732,25489.2875,0.1623719905,137.4533624,1.374533624,86.76684173,86.76684173
141.859,25480.4625,0.1625223797,137.6389771,1.376389771,86.88401015,86.88401015
141.986,25498.6375,0.1622127115,137.2567757,1.372567757,86.6427472,86.6427472
142.113,25502.325,0.1621499103,137.1792647,1.371792647,86.59381868,86.59381868
142.24,25551.5375,0.1613126485,136.1458922,1.361458922,85.94150675,85.94150675
142.367,25549.3,0.1613506805,136.1928324,1.361928324,85.97113755,85.97113755
142.494,25566.9875,0.1610501272,135.8218809,1.358218809,85.73697603,85.73697603
142.621,25571.4,0.1609751806,135.7293796,1.357293796,85.67858502,85.67858502
142.748,25528.1375,0.1617105559,136.6370009,1.366370009,86.25151705,86.25151705
142.875,25594.5125,0.1605828244,135.2451223,1.352451223,85.37289969,85.37289969
143.002,25597.6375,0.1605298018,135.1796803,1.351796803,85.33158971,85.33158971
143.129,25604.6625,0.1604106307,135.0325959,1.350325959,85.23874327,85.23874327
143.256,25574.0875,0.1609295396,135.6730482,1.356730482,85.64302602,85.64302602
143.383,25638.8125,0.15983178,134.3181618,1.343181618,84.78775987,84.78775987
143.51,25673.6,0.1592429158,133.5913687,1.335913687,84.32897486,84.32897486
143.637,25682.6,0.1590906985,133.4034978,1.334034978,84.21038215,84.21038215
143.764,25696.35,0.1588582473,133.1165999,1.331165999,84.02927907,84.02927907
143.891,25708.6375,0.1586506257,132.8603473,1.328603473,83.86752074,83.86752074
144.018,25737.9125,0.1581563662,132.2503181,1.322503181,83.48244243,83.48244243
144.145,25780.4125,0.1574398243,131.3659415,1.313659415,82.92418353,82.92418353
144.272,25804.3625,0.1570365521,130.8682114,1.308682114,82.60999352,82.60999352
144.399,25861.0125,0.1560841621,129.6927443,1.296927443,81.86798505,81.86798505
144.526,25912.7375,0.1552163907,128.621716,1.28621716,81.19190303,81.19190303
144.653,25891.2625,0.1555764585,129.0661219,1.290661219,81.47243236,81.47243236
144.78,25930.75,0.1549146082,128.2492473,1.282492473,80.9567838,80.9567838
144.907,25854.625,0.1561914433,129.8251538,1.298251538,81.95156794,81.95156794
145.034,25946.6625,0.1546481835,127.9204184,1.279204184,80.74921193,80.74921193
145.161,25812.1625,0.1569052958,130.7062111,1.307062111,82.50773154,82.50773154
145.288,25782.5875,0.157403186,131.3207215,1.313207215,82.89563857,82.89563857
145.415,25821.4125,0.1567496907,130.5141588,1.305141588,82.38649936,82.38649936
145.542,25847.6375,0.156308832,129.9700384,1.299700384,82.04302572,82.04302572
145.669,26036.95,0.1531395772,126.0584532,1.260584532,79.57385447,79.57385447
145.796,26132.55,0.1515478963,124.093955,1.24093955,78.33377343,78.33377343
145.923,26131.45,0.1515661775,124.1165181,1.241165181,78.34801633,78.34801633
146.05,26173.1,0.1508745219,123.2628569,1.232628569,77.80914635,77.80914635
146.177,26217.575,0.1501371673,122.3527927,1.223527927,77.23467228,77.23467228
146.304,26253.3,0.149545785,121.6228918,1.216228918,76.77392545,76.77392545
146.431,26374.8625,0.1475394821,119.1466552,1.191466552,75.21081181,75.21081181
146.558,26420.4375,0.1467896815,118.2212297,1.182212297,74.62664096,74.62664096
146.685,26438.9125,0.1464860988,117.8465393,1.178465393,74.39011925,74.39011925
146.812,26495.5,0.1455575668,116.7005185,1.167005185,73.66669854,73.66669854
146.939,26505.125,0.1453998296,116.5058347,1.165058347,73.54380527,73.54380527
147.066,26581.9625,0.1441426453,114.9541818,1.149541818,72.56433109,72.56433109
147.193,26599.95,0.1438488661,114.591591,1.14591591,72.33544719,72.33544719
147.32,26624.6375,0.1434459829,114.094341,1.14094341,72.02156028,72.02156028
147.447,26665.8125,0.1427748653,113.2660285,1.132660285,71.49869155,71.49869155
147.574,26693.2875,0.1423276223,112.7140283,1.127140283,71.15024385,71.15024385
147.701,26664.2375,0.1428005174,113.297689,1.13297689,71.51867714,71.51867714
147.828,26750.0125,0.141405697,111.5761617,1.115761617,70.43197048,70.43197048
147.955,26807.7625,0.1404691191,110.4202104,1.104202104,69.70228116,69.70228116
148.082,26856.9,0.1396738042,109.43861,1.0943861,69.08265016,69.08265016
148.209,26906.825,0.1388672322,108.4431157,1.084431157,68.45424866,68.45424866
148.336,26974.6,0.137774673,107.0946477,1.070946477,67.6030341,67.6030341
148.463,27014.0375,0.1371401879,106.3115481,1.063115481,67.10870583,67.10870583
148.59,27050.8875,0.1365481681,105.5808602,1.055808602,66.64746227,66.64746227
148.717,27174.6875,0.1345651278,103.133335,1.03133335,65.10247254,65.10247254
148.844,27228.3625,0.1337081625,102.0756438,1.020756438,64.43480955,64.43480955
148.971,27275.175,0.1329621406,101.1548822,1.011548822,63.85358277,63.85358277
149.098,27305.1875,0.1324845232,100.5653932,1.005653932,63.48147035,63.48147035
149.225,27370.825,0.1314417984,99.50190238,0.9950190238,62.81014637,62.81014637
149.352,27429.775,0.1305074411,98.70584204,0.9870584204,62.30763672,62.30763672
149.479,27489.2875,0.1295662029,97.90391922,0.9790391922,61.8014264,61.8014264
149.606,27593.4375,0.1279238795,96.50468087,0.9650468087,60.91816324,60.91816324
149.733,27662.075,0.1268449319,95.58543139,0.9558543139,60.33789097,60.33789097
149.86,27745.0875,0.1255435875,94.47670284,0.9447670284,59.63801086,59.63801086
149.987,27818.575,0.1243948067,93.49795642,0.9349795642,59.02018141,59.02018141
150.114,27842.125,0.1240273074,93.18485171,0.9318485171,58.82253541,58.82253541
150.241,27880.9,0.1234228976,92.66990236,0.9266990236,58.49747586,58.49747586
150.368,27935.0875,0.1225796503,91.95146657,0.9195146657,58.04396636,58.04396636
150.495,28083.8125,0.1202736215,89.98675978,0.8998675978,56.80375368,56.80375368
150.622,28127.575,0.119597395,89.4106235,0.894106235,56.44007014,56.44007014
150.749,28200.025,0.118480193,88.45878184,0.8845878184,55.8392242,55.8392242
150.876,28258.5625,0.1175796206,87.69150579,0.8769150579,55.35488451,55.35488451
151.003,28332.7375,0.1164411484,86.72154215,0.8672154215,54.74259915,54.74259915
151.13,28425.45,0.1150223377,85.51273371,0.8551273371,53.97954404,53.97954404
151.257,28481.1125,0.1141727371,84.78888498,0.8478888498,53.52261765,53.52261765
151.384,28577.975,0.1126982344,83.5326277,0.835326277,52.72961066,52.72961066
151.511,28657.3875,0.1114930902,82.50586039,0.8250586039,52.08146823,52.08146823
151.638,28719.825,0.1105478971,81.70056807,0.8170056807,51.57313093,51.57313093
151.765,28807.1375,0.1092295808,80.5773796,0.805773796,50.86412306,50.86412306
151.892,28842.9375,0.1086901975,80.11783197,0.8011783197,50.5740356,50.5740356
152.019,28966.3375,0.1068360998,78.5381647,0.785381647,49.57687746,49.57687746
152.146,29068.975,0.1052999679,77.22940018,0.7722940018,48.7507255,48.7507255
152.273,29124.725,0.104467853,76.52044895,0.7652044895,48.3032031,48.3032031
152.4,29202.825,0.1033048204,75.52956024,0.7552956024,47.67770887,47.67770887
152.527,29286.3625,0.1020642527,74.47261252,0.7447261252,47.01051519,47.01051519
152.654,29413.6625,0.1001805814,72.86774894,0.7286774894,45.99745198,45.99745198
152.781,29456.05,0.09955517799,72.33491327,0.7233491327,45.66110177,45.66110177
152.908,29587.85,0.09761627803,70.68299553,0.7068299553,44.61833582,44.61833582
153.035,29634.0375,0.09693886022,70.1058443,0.701058443,44.2540116,44.2540116
153.162,29677.4125,0.09630365314,69.56465606,0.6956465606,43.91238886,43.91238886
153.289,29770.175,0.09494829874,68.40991161,0.6840991161,43.18346141,43.18346141
153.416,29847.15,0.09382681816,67.45442462,0.6745442462,42.58031437,42.58031437
153.543,29932.6375,0.09258470016,66.39615612,0.6639615612,41.91228695,41.91228695
153.67,29999.0625,0.09162200354,65.57595102,0.6557595102,41.39453602,41.39453602
153.797,30060.0625,0.09073980712,64.82433105,0.6482433105,40.92007916,40.92007916
153.924,30146.7875,0.08948864666,63.75835849,0.6375835849,40.24718858,40.24718858
154.051,30226.0875,0.08834775111,62.7863302,0.627863302,39.63359992,39.63359992
154.178,30277.85,0.08760465324,62.15322041,0.6215322041,39.2339521,39.2339521
154.305,30376.025,0.08619874478,60.95540454,0.6095540454,38.477836,38.477836
154.432,30453.575,0.08509140377,60.01196429,0.6001196429,37.88229342,37.88229342
154.559,30572.4625,0.08339926537,58.57028422,0.5857028422,36.97223909,36.97223909
154.686,30666.875,0.08206016335,57.42938658,0.5742938658,36.25205238,36.25205238
154.813,30791.05,0.08030518739,55.9341697,0.559341697,35.30820318,35.30820318
154.94,30853.5125,0.07942507316,55.18432373,0.5518432373,34.83486615,34.83486615
155.067,30885.0375,0.07898155335,54.80645059,0.5480645059,34.59633536,34.59633536
155.194,31009.1375,0.07723999957,53.32266924,0.5332266924,33.65970479,33.65970479
155.321,31043.5625,0.07675813209,52.91212436,0.5291212436,33.40055011,33.40055011
155.448,31149.0125,0.07528540333,51.65737846,0.5165737846,32.60849717,32.60849717
155.575,31232.8625,0.07411789708,50.66267821,0.5066267821,31.98059693,31.98059693
155.702,31322.125,0.07287846793,49.68528398,0.4968528398,31.36362105,31.36362105
155.829,31377.2,0.0721155004,49.1651268,0.491651268,31.03527407,31.03527407
155.956,31422.8375,0.07148428683,48.73479358,0.4873479358,30.76362809,30.76362809
156.083,31544.7125,0.06980311276,47.5886442,0.475886442,30.04012624,30.04012624
156.21,31583.0625,0.0692754466,47.22890498,0.4722890498,29.81304241,29.81304241
156.337,31706.3,0.06758412181,46.07583529,0.4607583529,29.08517214,29.08517214
156.464,31763.825,0.06679689169,45.53913696,0.4553913696,28.74638364,28.74638364
156.591,31816.075,0.0660830846,45.05249517,0.4505249517,28.43919311,28.43919311
156.718,31875.3,0.06527540544,44.5018556,0.445018556,28.09160426,28.09160426
156.845,31955.475,0.06418440887,43.75806287,0.4375806287,27.62208831,27.62208831
156.972,32027.2375,0.063210206,43.09389488,0.4309389488,27.20283513,27.20283513
157.099,32128.625,0.06183754677,42.15807713,0.4215807713,26.61210421,26.61210421
157.226,32201.3875,0.06085510127,41.48828967,0.4148828967,26.18930377,26.18930377
157.353,32276.325,0.05984560648,40.80006122,0.4080006122,25.75486253,25.75486253
157.48,32320.375,0.05925329527,40.39624989,0.4039624989,25.49995837,25.49995837
157.607,32390.85,0.05830734143,39.75134082,0.3975134082,25.09286231,25.09286231
157.734,32478.0625,0.05713957312,38.95520855,0.3895520855,24.59030725,24.59030725
157.861,32519.4875,0.05658599375,38.57780286,0.3857780286,24.35207154,24.35207154
157.988,32652.975,0.05480693052,37.36491703,0.3736491703,23.58644259,23.58644259
158.115,32695.6,0.05424037479,36.97866464,0.3697866464,23.34262243,23.34262243
158.242,32707.4125,0.05408349811,36.87171312,0.3687171312,23.27510975,23.27510975
158.369,32780.4625,0.0531146096,36.21116821,0.3621116821,22.85814363,22.85814363
158.496,32785.9375,0.05304207969,36.16172057,0.3616172057,22.82693001,22.82693001
158.623,32872.3125,0.05189942946,35.38271268,0.3538271268,22.33518465,22.33518465
158.75,32990.675,0.0503384849,34.3185304,0.343185304,21.66342418,21.66342418
158.877,33043.45,0.04964430151,33.84526718,0.3384526718,21.36467881,21.36467881
159.004,33112.575,0.04873673136,33.22652639,0.3322652639,20.97410136,20.97410136
159.131,33157.65,0.04814594336,32.82375352,0.3282375352,20.71985273,20.71985273
159.258,33220.625,0.0473218875,32.26194905,0.3226194905,20.36521608,20.36521608
159.385,33238.9,0.04708304343,32.09911583,0.3209911583,20.26242831,20.26242831
159.512,33306.5125,0.04620052592,31.49745481,0.3149745481,19.88263239,19.88263239
159.639,33388.3375,0.0451348915,30.77095287,0.3077095287,19.42403117,19.42403117
159.766,33480.0625,0.04394342629,29.95866511,0.2995866511,18.91127803,18.91127803
159.893,33497.8125,0.04371323901,29.8017337,0.298017337,18.81221576,18.81221576
160.02,33472.725,0.04403861682,30.02356176,0.3002356176,18.95224376,18.95224376
160.147,33611.175,0.04224599127,28.80142974,0.2880142974,18.1807782,18.1807782
160.274,33710.9625,0.04095853387,27.92369879,0.2792369879,17.62671433,17.62671433
160.401,33748.8625,0.04047054675,27.59101097,0.2759101097,17.41670658,17.41670658
160.528,33873.025,0.03887570369,26.50371821,0.2650371821,16.73035772,16.73035772
160.655,33859.1375,0.03905379529,26.62513311,0.2662513311,16.80700035,16.80700035
160.782,33868.85,0.0389292357,26.54021395,0.2654021395,16.75339549,16.75339549
160.909,33946.2375,0.03793804097,25.86446165,0.2586446165,16.32682977,16.32682977
161.036,33985.1125,0.03744097445,25.5255839,0.255255839,16.11291466,16.11291466
161.163,33963.3,0.03771980506,25.71567816,0.2571567816,16.23291084,16.23291084
161.29,34025.0625,0.03693075472,25.17773888,0.2517773888,15.89333899,15.89333899
161.417,34085.5625,0.03615922096,24.65174163,0.2465174163,15.5613055,15.5613055
161.544,34172.1125,0.03505785888,23.90088216,0.2390088216,15.0873287,15.0873287
161.671,34103.7125,0.03592802786,24.4941245,0.244941245,15.46181036,15.46181036
161.798,34191.6125,0.03481010343,23.73197357,0.2373197357,14.98070588,14.98070588
161.925,34189.2875,0.03483963609,23.75210761,0.2375210761,14.9934154,14.9934154
162.052,34271.075,0.03380195894,23.04466568,0.2304466568,14.54684574,14.54684574
162.179,34270.7625,0.03380591906,23.04736552,0.2304736552,14.54855,14.54855
162.306,34293.45,0.033518508,22.8514215,0.228514215,14.42486118,14.42486118
162.433,34312.8625,0.0332727364,22.68386539,0.2268386539,14.31909212,14.31909212
162.56,34372.325,0.03252077682,22.17121295,0.2217121295,13.99548247,13.99548247
162.687,34405.75,0.03209865701,21.88343051,0.2188343051,13.81382105,13.81382105
162.814,34419.025,0.03193112259,21.76921303,0.2176921303,13.74172176,13.74172176
162.941,34471.5625,0.03126871713,21.31761458,0.2131761458,13.45665218,13.45665218
163.068,34516.2625,0.03070592315,20.93392678,0.2093392678,13.21445092,13.21445092
163.195,34517.6125,0.03068893736,20.92234663,0.2092234663,13.207141,13.207141
163.322,34536.4,0.03045262067,20.76123647,0.2076123647,13.1054409,13.1054409
163.449,34568,0.03005543304,20.49045168,0.2049045168,12.93450918,12.93450918
163.576,34583.925,0.02985540564,20.35408194,0.2035408194,12.84842636,12.84842636
163.703,34589.6,0.02978414655,20.30550067,0.2030550067,12.81775965,12.81775965
163.83,34656.875,0.0289402864,19.73019452,0.1973019452,12.45460012,12.45460012
163.957,34672.125,0.02874922664,19.59993851,0.1959993851,12.37237658,12.37237658
164.084,34652.1625,0.028999344,19.77045735,0.1977045735,12.48001586,12.48001586
164.211,34741.7,0.02787862057,19.00639818,0.1900639818,11.99770681,11.99770681
164.338,34770.3375,0.02752078014,18.76243855,0.1876243855,11.84370835,11.84370835
164.465,34749.125,0.02778581302,18.94312614,0.1894312614,11.95776661,11.95776661
164.592,34798.3875,0.02717056642,18.52367849,0.1852367849,11.69299209,11.69299209
164.719,34832.7375,0.0267420794,18.23155518,0.1823155518,11.50859051,11.50859051
164.846,34868.7,0.02629393034,17.92602717,0.1792602717,11.31572727,11.31572727
164.973,34869.2875,0.02628661301,17.92103854,0.1792103854,11.31257822,11.31257822
165.1,34877.25,0.02618745196,17.85343497,0.1785343497,11.26990376,11.26990376
165.227,34902.625,0.02587159519,17.63809793,0.1763809793,11.13397318,11.13397318
165.354,34956.875,0.02519708477,17.17824685,0.1717824685,10.84369418,10.84369418
165.481,34930.6,0.0255236408,17.40087817,0.1740087817,10.98422923,10.98422923
165.608,34960.7375,0.0251491008,17.14553352,0.1714553352,10.82304403,10.82304403
165.735,34917.9375,0.02568110305,17.50822889,0.1750822889,11.05199391,11.05199391
165.862,34982.725,0.02487605026,16.95937986,0.1695937986,10.70553533,10.70553533
165.989,34980.325,0.02490584618,16.97969339,0.1697969339,10.71835816,10.71835816
166.116,34910.7125,0.02577097383,17.56949878,0.1756949878,11.09067026,11.09067026
166.243,34987.1875,0.0248206539,16.9216131,0.169216131,10.68169523,10.68169523
166.37,35050.8,0.02403175158,16.38377474,0.1638377474,10.34218708,10.34218708
166.497,35027.6,0.02431930473,16.57981563,0.1657981563,10.46593705,10.46593705
166.624,35105,0.02336070897,15.92628786,0.1592628786,10.05340047,10.05340047
166.751,35087.925,0.02357200031,16.07033686,0.1607033686,10.14433077,10.14433077
166.878,35124.85,0.02311520807,15.75891631,0.1575891631,9.9477479,9.9477479
167.005,35077.3375,0.02370306496,16.15969088,0.1615969088,10.20073512,10.20073512
167.132,35125.7125,0.02310454398,15.75164602,0.1575164602,9.943158557,9.943158557
167.259,35160.925,0.02266939454,15.45498056,0.1545498056,9.755889769,9.755889769
167.386,35075.925,0.02372055355,16.17161382,0.1617161382,10.20826142,10.20826142
167.513,35112.5,0.02326793413,15.86303812,0.1586303812,10.01347434,10.01347434
167.64,35235.1375,0.02175371573,14.83071166,0.1483071166,9.361822716,9.361822716
167.767,35200.3125,0.02218316728,15.12349254,0.1512349254,9.546639385,9.546639385
167.894,35251.5875,0.0215510068,14.69251376,0.1469251376,9.274585892,9.274585892
168.021,35245.275,0.02162878286,14.745538,0.14745538,9.308057215,9.308057215
168.148,35175.8875,0.02248462269,15.32901137,0.1532901137,9.676372261,9.676372261
168.275,35257.9625,0.02147247482,14.63897417,0.1463897417,9.240789253,9.240789253
168.402,35194.4375,0.02225565792,15.17291342,0.1517291342,9.5778361,9.5778361
168.529,35226.0625,0.02186558503,14.90697915,0.1490697915,9.40996624,9.40996624
168.656,35220.375,0.02193571064,14.95478766,0.1495478766,9.440145156,9.440145156
168.783,35197.575,0.02221694333,15.14651954,0.1514651954,9.561175079,9.561175079
168.91,35185.8625,0.02236148512,15.24506168,0.1524506168,9.623379379,9.623379379
169.037,35258.075,0.02147108909,14.63802944,0.1463802944,9.240192896,9.240192896
169.164,35194.3125,0.0222572004,15.17396501,0.1517396501,9.578499917,9.578499917
169.291,35228.6625,0.02183353138,14.8851264,0.148851264,9.396171786,9.396171786
169.418,35287.875,0.02110417997,14.38788719,0.1438788719,9.08229168,9.08229168
169.545,35220.0125,0.02194018057,14.95783506,0.1495783506,9.442068813,9.442068813
169.672,35292.2625,0.02105018554,14.3510762,0.143510762,9.059054903,9.059054903
169.799,35262.125,0.02142120572,14.60402118,0.1460402118,9.218725333,9.218725333
169.926,35265.725,0.02137686975,14.5737949,0.145737949,9.199645124,9.199645124
170.053,35222.725,0.02190673429,14.93503288,0.1493503288,9.427675035,9.427675035
170.18,35236.525,0.02173661429,14.81905266,0.1481905266,9.354463023,9.354463023
170.307,35273.2125,0.0212846716,14.51093832,0.1451093832,9.159967176,9.159967176
170.434,35162.425,0.0226508675,15.44234966,0.1544234966,9.747916563,9.747916563
170.561,35194.075,0.02226013114,15.17596306,0.1517596306,9.579761175,9.579761175
170.688,35185.5875,0.02236487942,15.24737576,0.1524737576,9.624840134,9.624840134
170.815,35067.2375,0.02382813163,16.24495575,0.1624495575,10.2545582,10.2545582
170.942,35158.6875,0.02269703217,15.47382267,0.1547382267,9.767783766,9.767783766
171.069,35230.8625,0.0218064109,14.86663687,0.1486663687,9.384500352,9.384500352
171.196,35209.3375,0.02207183289,15.04758973,0.1504758973,9.498726061,9.498726061
171.323,35237.2375,0.02172783273,14.81306578,0.1481306578,9.350683833,9.350683833
171.45,35281.6125,0.02118126057,14.44043729,0.1444043729,9.11546371,9.11546371
171.577,35230.15,0.02181519405,14.87262483,0.1487262483,9.388280225,9.388280225
171.704,35238.15,0.02171658643,14.80539855,0.1480539855,9.34584393,9.34584393
171.831,35268.4875,0.02134285113,14.55060252,0.1455060252,9.185005034,9.185005034
171.958,35174.775,0.02249835825,15.33837566,0.1533837566,9.682283427,9.682283427
172.085,35248.5,0.02158904602,14.7184472,0.147184472,9.290956265,9.290956265
172.212,35242.2,0.02166667485,14.77137107,0.1477137107,9.324364228,9.324364228
172.339,35313.5,0.02078892275,14.1729589,0.141729589,8.946619125,8.946619125
172.466,35253.6375,0.02152575183,14.67529605,0.1467529605,9.263717286,9.263717286
172.593,35249.6625,0.02157472317,14.70868252,0.1470868252,9.284792353,9.284792353
