x_mm,intensity,net_od,dose_cgy,dose_gy,normalized_percent,smoothed_percent
0,35733.025,0.01565990313,10.67622243,0.1067622243,7.235368933,7.235368933
0.127,35741.8625,0.0155525066,10.60300427,0.1060300427,7.185748349,7.185748349
0.254,35692.675,0.01615058881,11.01075001,0.1101075001,7.462081187,7.462081187
0.381,35654.5625,0.01661457454,11.32707476,0.1132707476,7.676457222,7.676457222
0.508,35653.4,0.01662873474,11.33672855,0.1133672855,7.682999678,7.682999678
0.635,35583.8625,0.01747659893,11.91476448,0.1191476448,8.074739666,8.074739666
0.762,35482.2375,0.01871868783,12.7615652,0.127615652,8.648623893,8.648623893
0.889,35582.8625,0.01748880392,11.9230853,0.119230853,8.080378755,8.080378755
1.016,35591.7625,0.01738019159,11.84903826,0.1184903826,8.030196435,8.030196435
1.143,35621.6375,0.01701580656,11.60061682,0.1160061682,7.861839064,7.861839064
1.27,35590.2125,0.01739910527,11.86193276,0.1186193276,8.03893515,8.03893515
1.397,35549.05,0.01790168705,12.20457057,0.1220457057,8.271143776,8.271143776
1.524,35576.2,0.0175701284,11.9785287,0.119785287,8.11795323,8.11795323
1.651,35573.6625,0.0176011059,11.99964777,0.1199964777,8.132265809,8.132265809
1.778,35508.875,0.01839277323,12.53937119,0.1253937119,8.498041076,8.498041076
1.905,35572.2625,0.01761819788,12.01130031,0.1201130031,8.140162841,8.140162841
2.032,35553.575,0.01784640969,12.16688494,0.1216688494,8.245603896,8.245603896
2.159,35531.175,0.01812011669,12.35348614,0.1235348614,8.372065157,8.372065157
2.286,35547.4,0.01792184518,12.21831348,0.1221831348,8.28045747,8.28045747
2.413,35486.35,0.01866835468,12.72725032,0.1272725032,8.625368394,8.625368394
2.54,35484.7,0.01868854844,12.74101751,0.1274101751,8.634698544,8.634698544
2.667,35483.5125,0.0187030824,12.75092612,0.1275092612,8.641413693,8.641413693
2.794,35557.0125,0.01780442193,12.13825956,0.1213825956,8.226204225,8.226204225
2.921,35536.225,0.01805839536,12.3114073,0.123114073,8.343547958,8.343547958
3.048,35557.525,0.01779816228,12.13399201,0.1213399201,8.223312071,8.223312071
3.175,35540.4125,0.0180072222,12.27651972,0.1227651972,8.319904344,8.319904344
3.302,35536.3375,0.01805702048,12.31046996,0.1231046996,8.34291272,8.34291272
3.429,35542.1875,0.01798553271,12.26173279,0.1226173279,8.309883115,8.309883115
3.556,35569.4625,0.01765238385,12.03460678,0.1203460678,8.155957839,8.155957839
3.683,35553.625,0.01784579893,12.16646855,0.1216646855,8.245321705,8.245321705
3.81,35580.8125,0.01751382522,11.9401437,0.119401437,8.091939382,8.091939382
3.937,35548.7125,0.01790581023,12.20738157,0.1220738157,8.273048815,8.273048815
4.064,35532.7875,0.01810040769,12.34004942,0.1234004942,8.362958977,8.362958977
4.191,35525.4,0.01819070975,12.40161334,0.1240161334,8.404681377,8.404681377
4.318,35523.8875,0.01820920031,12.41421937,0.1241421937,8.413224597,8.413224597
4.445,35555.025,0.017828698,12.15480989,0.1215480989,8.237420533,8.237420533
4.572,35514.8875,0.01831924304,12.48924159,0.1248924159,8.464067807,8.464067807
4.699,35548.475,0.01790871175,12.20935969,0.1220935969,8.274389408,8.274389408
4.826,35523.225,0.01821729973,12.41974119,0.1241974119,8.416966783,8.416966783
4.953,35551.4375,0.0178725205,12.18468612,0.1218468612,8.257667909,8.257667909
5.08,35527.775,0.01816167659,12.38181982,0.1238181982,8.391267138,8.391267138
5.207,35620.725,0.01702693179,11.60820151,0.1160820151,7.866979269,7.866979269
5.334,35625.6375,0.01696704181,11.56737119,0.1156737119,7.83930821,7.83930821
5.461,35630.875,0.01690319874,11.52384584,0.1152384584,7.809810698,7.809810698
5.588,35663,0.01651181277,11.25701637,0.1125701637,7.628978041,7.628978041
5.715,35607.4375,0.01718896568,11.71866897,0.1171866897,7.941844033,7.941844033
5.842,35670.3,0.01642292441,11.19641626,0.1119641626,7.587908821,7.587908821
5.969,35645.8,0.0167213203,11.39984924,0.1139984924,7.725777125,7.725777125
6.096,35533.775,0.01808833828,12.33182104,0.1233182104,8.357382528,8.357382528
6.223,35677.6625,0.01633329346,11.13530988,0.1113530988,7.546496492,7.546496492
6.35,35615.2375,0.01709384156,11.6538176,0.116538176,7.897893693,7.897893693
6.477,35636.8125,0.01683083429,11.47451099,0.1147451099,7.776376041,7.776376041
6.604,35562.05,0.0177428981,12.09631536,0.1209631536,8.197778277,8.197778277
6.731,35634.425,0.01685993096,11.4943478,0.114943478,7.789819623,7.789819623
6.858,35578.575,0.01754113669,11.95876344,0.1195876344,8.104558145,8.104558145
6.985,35628.3375,0.01693412869,11.5449325,0.115449325,7.824101314,7.824101314
7.112,35712.3625,0.01591110507,10.84748069,0.1084748069,7.351432148,7.351432148
7.239,35685.8875,0.01623318431,11.06705993,0.1106705993,7.500242909,7.500242909
7.366,35634.7375,0.01685612239,11.49175129,0.1149175129,7.78805994,7.78805994
7.493,35719.75,0.01582127571,10.78623905,0.1078623905,7.309928152,7.309928152
7.62,35708.275,0.0159608156,10.88137111,0.1088137111,7.374399978,7.374399978
7.747,35732.9125,0.01566127044,10.6771546,0.106771546,7.236000674,7.236000674
7.874,35678.6375,0.01632142521,11.12721864,0.1112721864,7.541012988,7.541012988
8.001,35721.8,0.01579635174,10.769247,0.10769247,7.29841249,7.29841249
8.128,35771.5625,0.01519177582,10.35707414,0.1035707414,7.019079356,7.019079356
8.255,35757.8125,0.01535874356,10.47090529,0.1047090529,7.096223717,7.096223717
8.382,35811.6875,0.01470490024,10.02514412,0.1002514412,6.794127492,6.794127492
8.509,35827.3125,0.01451545451,9.895988487,0.09895988487,6.706597592,6.706597592
8.636,35826.625,0.01452378839,9.90167015,0.0990167015,6.710448105,6.710448105
8.763,35810.8625,0.01471490528,10.03196511,0.1003196511,6.798750132,6.798750132
8.89,35781.8375,0.01506704727,10.27203979,0.1027203979,6.961450835,6.961450835
9.017,35836.9875,0.01439819113,9.81604355,0.0981604355,6.652418212,6.652418212
9.144,35872.95,0.01396259414,9.519072978,0.09519072978,6.451158668,6.451158668
9.271,35913.25,0.01347497759,9.186637798,0.09186637798,6.225864452,6.225864452
9.398,35912.025,0.01348979161,9.196737339,0.09196737339,6.232708999,6.232708999
9.525,35916.75,0.01343265458,9.157783865,0.09157783865,6.206309889,6.206309889
9.652,35885.1625,0.01381476914,9.418292498,0.09418292498,6.382858859,6.382858859
9.779,35865.05,0.01405824571,9.58428395,0.0958428395,6.495352712,6.495352712
9.906,35923.8375,0.01334696313,9.09936326,0.0909936326,6.166717737,6.166717737
10.033,35918.5875,0.01341043666,9.142636675,0.09142636675,6.196044507,6.196044507
10.16,35973.5375,0.01274653957,8.690021292,0.08690021292,5.88930312,5.88930312
10.287,35919.5375,0.01339895029,9.134805779,0.09134805779,6.190737441,6.190737441
10.414,36000.05,0.01242658239,8.471888781,0.08471888781,5.741472817,5.741472817
10.541,35945.25,0.01308817786,8.922935018,0.08922935018,6.04715078,6.04715078
10.668,35965.5625,0.0128428293,8.755667334,0.08755667334,5.933792014,5.933792014
10.795,36010.8,0.01229691677,8.383488554,0.08383488554,5.681563213,5.681563213
10.922,35941.85,0.01312925897,8.950942289,0.08950942289,6.066131552,6.066131552
11.049,35951.7125,0.01301010423,8.869707911,0.08869707911,6.011078306,6.011078306
11.176,35975.4125,0.01272390401,8.674589383,0.08674589383,5.878844781,5.878844781
11.303,35959.225,0.01291936318,8.80784471,0.0880784471,5.969153076,5.969153076
11.43,36070.6375,0.01157586838,7.891909974,0.07891909974,5.348416128,5.348416128
11.557,36018.2875,0.01220662602,8.321932358,0.08321932358,5.639846043,5.639846043
11.684,36031.475,0.01204764539,8.213546462,0.08213546462,5.566391977,5.566391977
11.811,36073.8375,0.01153734174,7.865644228,0.07865644228,5.330615603,5.330615603
11.938,36132.15,0.01083588183,7.3874202,0.073874202,5.006519014,5.006519014
12.065,36086.275,0.01138763195,7.76357878,0.0776357878,5.26144496,5.26144496
12.192,36086.1625,0.01138898587,7.764501827,0.07764501827,5.262070517,5.262070517
12.319,36124.3625,0.01092949466,7.451241246,0.07451241246,5.049771093,5.049771093
12.446,36037.3125,0.01197729055,8.165581674,0.08165581674,5.533885823,5.533885823
12.573,36137.3125,0.01077383501,7.345119448,0.07345119448,4.977851426,4.977851426
12.7,36144.975,0.01068175764,7.28234521,0.0728234521,4.935308778,4.935308778
12.827,36164.825,0.01044331843,7.11978801,0.0711978801,4.825142348,4.825142348
12.954,36144.4,0.01068866652,7.287055376,0.07287055376,4.938500899,4.938500899
13.081,36186.8875,0.01017845608,6.939216691,0.06939216691,4.702767592,4.702767592
13.208,36166.4375,0.01042395475,7.106586715,0.07106586715,4.816195715,4.816195715
13.335,36210.5625,0.009894415079,6.745570221,0.06745570221,4.571531693,4.571531693
13.462,36146.0625,0.01066869115,7.273437057,0.07273437057,4.929271645,4.929271645
13.589,36534.3875,0.006027855557,4.109522657,0.04109522657,2.785059299,2.785059299
13.716,36590.5375,0.005360897199,3.654820241,0.03654820241,2.476903511,2.476903511
13.843,36205.3875,0.009956486321,6.787887621,0.06787887621,4.600210563,4.600210563
13.97,36174.775,0.01032384777,7.038338246,0.07038338246,4.769943133,4.769943133
14.097,36247.55,0.009451028742,6.443289223,0.06443289223,4.366673227,4.366673227
14.224,36228.925,0.009674238685,6.595463791,0.06595463791,4.469803258,4.469803258
14.351,36240.725,0.009532809136,6.499043442,0.06499043442,4.404458348,4.404458348
14.478,36327.825,0.008490289545,5.788300154,0.05788300154,3.922781431,3.922781431
14.605,36283.3875,0.009021859334,6.150700691,0.06150700691,4.168383431,4.168383431
14.732,36313.6,0.008660380897,5.90426084,0.0590426084,4.001368997,4.001368997
14.859,36297.75,0.008849981218,6.033521869,0.06033521869,4.088970323,4.088970323
14.986,36323.35,0.008543790891,5.824774982,0.05824774982,3.947500739,3.947500739
15.113,36348.575,0.008242296779,5.619229764,0.05619229764,3.808200954,3.808200954
15.24,36299.55,0.008828445154,6.018839543,0.06018839543,4.079019982,4.079019982
15.367,36293.0125,0.008906668049,6.072168418,0.06072168418,4.115161426,4.115161426
15.494,36301.625,0.008803620182,6.001914986,0.06001914986,4.067550063,4.067550063
15.621,36334.8625,0.008406165285,5.730947991,0.05730947991,3.88391337,3.88391337
15.748,36263.8625,0.009255626981,6.31007303,0.0631007303,4.276391454,4.276391454
15.875,36322.2375,0.008557092528,5.833843443,0.05833843443,3.953646514,3.953646514
16.002,36394.8,0.007690349193,5.242936555,0.05242936555,3.553183769,3.553183769
16.129,36309.1,0.008714202228,5.940953819,0.05940953819,4.026236149,4.026236149
16.256,36361.1625,0.008091926773,5.51671421,0.0551671421,3.738725271,3.738725271
16.383,36370.975,0.007974742959,5.436823521,0.05436823521,3.684582655,3.684582655
16.51,36390.6,0.007740470146,5.277106782,0.05277106782,3.57634123,3.57634123
16.637,36381.0125,0.007854904834,5.35512324,0.0535512324,3.629213663,3.629213663
16.764,36339.1125,0.008355369892,5.696317961,0.05696317961,3.860444297,3.860444297
16.891,36356.15,0.008151799752,5.557532933,0.05557532933,3.766388475,3.766388475
17.018,36347.1625,0.008259173723,5.63073571,0.0563073571,3.815998635,3.815998635
17.145,36296.2,0.008868527019,6.046165568,0.06046165568,4.097539067,4.097539067
17.272,36418.8125,0.007403905593,5.047652104,0.05047652104,3.420837796,3.420837796
17.399,36348.7875,0.008239757826,5.617498819,0.05617498819,3.807027878,3.807027878
17.526,36387.45,0.007778064658,5.30273704,0.0530273704,3.593711079,3.593711079
17.653,36413.5125,0.007467112713,5.090743895,0.05090743895,3.450041478,3.450041478
17.78,36451.775,0.007011005431,4.779790324,0.04779790324,3.239305534,3.239305534
17.907,36335.4375,0.008399292619,5.726262515,0.05726262515,3.880737982,3.880737982
18.034,36513.1125,0.006280831097,4.28199008,0.0428199008,2.901941973,2.901941973
18.161,36330.3375,0.008460253969,5.76782324,0.0576782324,3.908904048,3.908904048
18.288,36362.4125,0.008076997141,5.506535854,0.05506535854,3.73182731,3.73182731
18.415,36439.875,0.007152807801,4.876464846,0.04876464846,3.3048227,3.3048227
18.542,36480.45,0.006669499466,4.546966812,0.04546966812,3.081519013,3.081519013
18.669,36451.5625,0.00701353721,4.781516378,0.04781516378,3.240475296,3.240475296
18.796,36486.6875,0.006595249278,4.496346351,0.04496346351,3.047213085,3.047213085
18.923,36497.8,0.006462999327,4.406184241,0.04406184241,2.986109438,2.986109438
19.05,36499.675,0.006440688907,4.390973994,0.04390973994,2.975801321,2.975801321
19.177,36488.6125,0.006572336954,4.480725751,0.04480725751,3.036626869,3.036626869
19.304,36477.725,0.006701941409,4.56908428,0.0456908428,3.096508213,3.096508213
19.431,36481.6375,0.006655362681,4.537328983,0.04537328983,3.074987372,3.074987372
19.558,36511.5375,0.006299564875,4.294761933,0.04294761933,2.910597569,2.910597569
19.685,36545.25,0.005898749174,4.021503692,0.04021503692,2.725408079,2.725408079
19.812,36550.95,0.005831017102,3.975326991,0.03975326991,2.694113727,2.694113727
19.939,36498.125,0.006459132105,4.403547742,0.04403547742,2.98432266,2.98432266
20.066,36552.2875,0.00581512536,3.964492711,0.03964492711,2.686771241,2.686771241
20.193,36544.95,0.005902314313,4.023934244,0.04023934244,2.727055286,2.727055286
20.32,36537.2875,0.005993383814,4.086021362,0.04086021362,2.769132267,2.769132267
20.447,36481.0375,0.00666250542,4.542198584,0.04542198584,3.078287543,3.078287543
20.574,36480.45,0.006669499466,4.546966812,0.04546966812,3.081519013,3.081519013
20.701,36477.5625,0.006703876097,4.570403263,0.04570403263,3.0974021,3.0974021
20.828,36493.675,0.006512086285,4.439649537,0.04439649537,3.00878916,3.00878916
20.955,36485.775,0.006606110738,4.503751209,0.04503751209,3.052231422,3.052231422
21.082,36481.35,0.006658785229,4.539662324,0.04539662324,3.076568697,3.076568697
21.209,36488.8875,0.006569063863,4.478494304,0.04478494304,3.035114598,3.035114598
21.336,36499.4625,0.006443217364,4.392697783,0.04392697783,2.976969548,2.976969548
21.463,36551.8125,0.00582076909,3.968340354,0.03968340354,2.689378822,2.689378822
21.59,36497.7625,0.006463445547,4.406488454,0.04406488454,2.986315606,2.986315606
21.717,36505.9,0.006366626532,4.340481574,0.04340481574,2.941582169,2.941582169
21.844,36523.2,0.006160864865,4.200202461,0.04200202461,2.846513792,2.846513792
21.971,36527.775,0.006106467308,4.163116637,0.04163116637,2.821380406,2.821380406
22.098,36541.0875,0.005948218086,4.055229386,0.04055229386,2.748264276,2.748264276
22.225,36585.0375,0.005426181815,3.699328376,0.03699328376,2.507067062,2.507067062
22.352,36525.2,0.006137083674,4.183989508,0.04183989508,2.835526132,2.835526132
22.479,36555.7375,0.005774136263,3.936548176,0.03936548176,2.667832986,2.667832986
22.606,36605.625,0.005181859997,3.532760674,0.03532760674,2.394182679,2.394182679
22.733,36559.4875,0.005729587284,3.906176672,0.03906176672,2.647249954,2.647249954
22.86,36562.6125,0.005692466626,3.880869465,0.03880869465,2.630099039,2.630099039
22.987,36523.4,0.006158486687,4.198581126,0.04198581126,2.845414999,2.845414999
23.114,36601.675,0.005228725902,3.564711755,0.03564711755,2.415836205,2.415836205
23.241,36572.9875,0.005569248787,3.796865047,0.03796865047,2.573168513,2.573168513
23.368,36556.575,0.005764186595,3.929764937,0.03929764937,2.663235926,2.663235926
23.495,36590.0625,0.005366535029,3.658663862,0.03658663862,2.479508366,2.479508366
23.622,36599.075,0.005259577107,3.585744728,0.03585744728,2.430090434,2.430090434
23.749,36623.3875,0.004971174215,3.389124519,0.03389124519,2.296839206,2.296839206
23.876,36562.2,0.005697366371,3.884209893,0.03884209893,2.632362876,2.632362876
24.003,36593.0375,0.005331225618,3.634591482,0.03634591482,2.463194305,2.463194305
24.13,36547.9125,0.005867109852,3.999933415,0.03999933415,2.710789715,2.710789715
24.257,36570.925,0.005593741116,3.813562822,0.03813562822,2.584484741,2.584484741
24.384,36566.475,0.005646589876,3.849592746,0.03849592746,2.608902534,2.608902534
24.511,36492.425,0.006526962216,4.449791282,0.04449791282,3.01566231,3.01566231
24.638,36444.5875,0.007096647333,4.838177147,0.04838177147,3.278874793,3.278874793
24.765,36568.3,0.005624915168,3.834815899,0.03834815899,2.598888136,2.598888136
24.892,36578.3625,0.005505426784,3.753354056,0.03753354056,2.543680736,2.543680736
25.019,36580.5125,0.005479900609,3.73595145,0.0373595145,2.531886838,2.531886838
25.146,36628.0625,0.00491573977,3.351331791,0.03351331791,2.271226745,2.271226745
25.273,36556.6625,0.005763147091,3.929056249,0.03929056249,2.662755642,2.662755642
25.4,36534.4875,0.006026666831,4.108712236,0.04108712236,2.78451007,2.78451007
25.527,36610.2375,0.00512714007,3.495455073,0.03495455073,2.368900348,2.368900348
25.654,36614.05,0.005081916067,3.464623367,0.03464623367,2.348005433,2.348005433
25.781,36595.725,0.005299330929,3.612847108,0.03612847108,2.448457953,2.448457953
25.908,36648.8625,0.004669186699,3.183242921,0.03183242921,2.157311453,2.157311453
26.035,36639.6625,0.004778221756,3.257578152,0.03257578152,2.207689087,2.207689087
26.162,36598.45,0.005266993588,3.590800954,0.03590800954,2.433517082,2.433517082
26.289,36539.0625,0.00597228608,4.07163787,0.0407163787,2.759384448,2.759384448
26.416,36541.05,0.005948663777,4.055533239,0.04055533239,2.7484702,2.7484702
26.543,36540.5,0.005955200638,4.059989778,0.04059989778,2.751490435,2.751490435
26.67,36522.85,0.006165026707,4.203039819,0.04203039819,2.848436694,2.848436694
26.797,36520.85,0.006188809428,4.219253816,0.04219253816,2.859425061,2.859425061
26.924,36481.8,0.006653428209,4.536010147,0.04536010147,3.074093585,3.074093585
27.051,36425.025,0.007329827824,4.99714919,0.0499714919,3.386611531,3.386611531
27.178,36462.3125,0.006885477476,4.694210971,0.04694210971,3.181307662,3.181307662
27.305,36507.3625,0.006349228167,4.328620147,0.04328620147,2.933543576,2.933543576
27.432,36476.5875,0.006715484405,4.578317289,0.04578317289,3.102765504,3.102765504
27.559,36435.25,0.007207932564,4.914046446,0.04914046446,3.330292078,3.330292078
27.686,36538.7375,0.005976148969,4.074271415,0.04074271415,2.761169225,2.761169225
27.813,36502,0.006413025578,4.372114372,0.04372114372,2.963019991,2.963019991
27.94,36536.475,0.00600304157,4.092605589,0.04092605589,2.773594454,2.773594454
28.067,36512.15,0.006292279421,4.289795036,0.04289795036,2.90723146,2.90723146
28.194,36491.2875,0.006540499757,4.459020572,0.04459020572,3.02191708,3.02191708
28.321,36454.1,0.006983305752,4.76090592,0.0476090592,3.226507409,3.226507409
28.448,36462.65,0.006881457607,4.691470405,0.04691470405,3.179450356,3.179450356
28.575,36466.475,0.006835901695,4.660412419,0.04660412419,3.158402089,3.158402089
28.702,36534.7125,0.006023992209,4.106888798,0.04106888798,2.78327431,2.78327431
28.829,36440.1,0.007150126234,4.874636673,0.04874636673,3.303583732,3.303583732
28.956,36494.4125,0.006503309725,4.43366607,0.0443366607,3.004734113,3.004734113
29.083,36588.5625,0.005384339182,3.670801938,0.03670801938,2.487734446,2.487734446
29.21,36576.0375,0.00553303236,3.772174305,0.03772174305,2.556435382,2.556435382
29.337,36538.375,0.005980457616,4.077208858,0.04077208858,2.763159956,2.763159956
29.464,36624.925,0.00495294232,3.376694828,0.03376694828,2.288415496,2.288415496
29.591,36565.3625,0.005659803071,3.858600912,0.03858600912,2.615007447,2.615007447
29.718,36576.4875,0.005527689208,3.768531582,0.03768531582,2.553966677,2.553966677
29.845,36515.325,0.006254515963,4.264049597,0.04264049597,2.889783552,2.889783552
29.972,36446.6625,0.007071921154,4.821319943,0.04821319943,3.267450519,3.267450519
30.099,36473.4125,0.006753287968,4.60409007,0.0460409007,3.120231942,3.120231942
30.226,36509.45,0.006324395811,4.311690556,0.04311690556,2.922070245,2.922070245
30.353,36504.775,0.006380010363,4.349606073,0.04349606073,2.947765921,2.947765921
30.48,36375.05,0.007926087379,5.40365232,0.0540365232,3.662102243,3.662102243
30.607,36428.4625,0.007288844549,4.969208623,0.04969208623,3.367675966,3.367675966
30.734,36441.9,0.007128674297,4.8600117,0.048600117,3.29367226,3.29367226
30.861,36522.9625,0.006163688967,4.202127808,0.04202127808,2.847818616,2.847818616
30.988,36513.8625,0.006271910534,4.275908438,0.04275908438,2.897820392,2.897820392
31.115,36479.9875,0.006675005497,4.550720578,0.04550720578,3.084062972,3.084062972
31.242,36486.325,0.006599564072,4.499287984,0.04499287984,3.049206656,3.049206656
31.369,36508.1875,0.006339414012,4.321929294,0.04321929294,2.929009127,2.929009127
31.496,36521.4,0.00618226905,4.214794878,0.04214794878,2.8564032,2.8564032
31.623,36510.6625,0.006309972879,4.301857645,0.04301857645,2.915406395,2.915406395
31.75,36572.6125,0.005573701835,3.799900936,0.03799900936,2.575225962,2.575225962
31.877,36529.4125,0.006086998801,4.149843878,0.04149843878,2.812385342,2.812385342
32.004,36487.0875,0.006590488176,4.493100444,0.04493100444,3.045013306,3.045013306
32.131,36532.1,0.006055048561,4.128061632,0.04128061632,2.797623324,2.797623324
32.258,36520.6,0.006191782359,4.221280628,0.04221280628,2.860798649,2.860798649
32.385,36589.8375,0.005369205605,3.660484541,0.03660484541,2.480742257,2.480742257
32.512,36549.8625,0.005843938853,3.984136463,0.03984136463,2.700083983,2.700083983
32.639,36543,0.005925488426,4.03973332,0.0403973332,2.737762457,2.737762457
32.766,36485.75,0.006606408316,4.503954084,0.04503954084,3.052368912,3.052368912
32.893,36597.3,0.005280640246,3.600104635,0.03600104635,2.439822268,2.439822268
33.02,36561.4125,0.005706720583,3.890587177,0.03890587177,2.636684817,2.636684817
33.147,36572.4375,0.00557577994,3.801317695,0.03801317695,2.576186111,2.576186111
33.274,36515.35,0.006254218626,4.263846886,0.04263846886,2.889646173,2.889646173
33.401,36603.15,0.005211224751,3.552780252,0.03552780252,2.407750121,2.407750121
33.528,36540.8875,0.005950595112,4.056849937,0.04056849937,2.749362537,2.749362537
33.655,36571.7875,0.005583498701,3.806580002,0.03806580002,2.579752423,2.579752423
33.782,36585.6,0.005419504529,3.694776101,0.03694776101,2.503981945,2.503981945
33.909,36608.95,0.005142413503,3.505867816,0.03505867816,2.375957155,2.375957155
34.036,36567.1375,0.005638721535,3.844228463,0.03844228463,2.605267113,2.605267113
34.163,36670.175,0.004416703804,3.011111361,0.03011111361,2.040656396,2.040656396
34.29,36621.2,0.004997115222,3.406809939,0.03406809939,2.308824769,2.308824769
34.417,36602.3,0.005221310074,3.559655975,0.03559655975,2.412409859,2.412409859
34.544,36642.6875,0.004742367534,3.233134345,0.03233134345,2.191123306,2.191123306
34.671,36667.325,0.004450458412,3.034123745,0.03034123745,2.056252089,2.056252089
34.798,36644.9625,0.004715404739,3.214752316,0.03214752316,2.178665645,2.178665645
34.925,36655.3,0.004592908064,3.131239554,0.03131239554,2.122068319,2.122068319
35.052,36675.55,0.004353050937,2.96771568,0.0296771568,2.011246765,2.011246765
35.179,36682.35,0.004272536024,2.912824208,0.02912824208,1.974046337,1.974046337
35.306,36695.5,0.004116876721,2.806702649,0.02806702649,1.902126832,1.902126832
35.433,36709.3625,0.003952843791,2.694872325,0.02694872325,1.826338447,1.826338447
35.56,36504.025,0.006388933147,4.355689228,0.04355689228,2.951888528,2.951888528
35.687,36675.325,0.004355715289,2.969532116,0.02969532116,2.01247778,2.01247778
35.814,36635.5125,0.004827415009,3.291115914,0.03291115914,2.230417921,2.230417921
35.941,36638.025,0.004797631681,3.270810972,0.03270810972,2.216657084,2.216657084
36.068,36632.2625,0.004865943736,3.31738308,0.0331738308,2.248219407,2.248219407
36.195,36672.925,0.004384136056,2.988908125,0.02988908125,2.02560907,2.02560907
36.322,36614.175,0.005080433392,3.463612546,0.03463612546,2.347320391,2.347320391
36.449,36663.9,0.004491026631,3.061781345,0.03061781345,2.074995886,2.074995886
36.576,36719.575,0.003832040397,2.612513967,0.02612513967,1.77052347,1.77052347
36.703,36681.3375,0.004284523512,2.920996742,0.02920996742,1.979584934,1.979584934
36.83,36667.475,0.004448681788,3.032912522,0.03032912522,2.055431233,2.055431233
36.957,36634.5125,0.004839269638,3.299197871,0.03299197871,2.235895133,2.235895133
37.084,36674.775,0.004362228217,2.973972339,0.02973972339,2.015486958,2.015486958
37.211,36680.5875,0.004293403346,2.927050617,0.02927050617,1.983687698,1.983687698
37.338,36701.0125,0.004051640696,2.762227642,0.02762227642,1.871985732,1.871985732
37.465,36674.25,0.004368445194,2.978210796,0.02978210796,2.018359397,2.018359397
37.592,36697.65,0.004091432026,2.789355593,0.02789355593,1.890370581,1.890370581
37.719,36665.8125,0.004468373107,3.046337184,0.03046337184,2.064529243,2.064529243
37.846,36584.8375,0.005428555986,3.70094698,0.0370094698,2.508164004,2.508164004
37.973,36621.8625,0.004989258639,3.401453672,0.03401453672,2.30519478,2.30519478
38.1,36660.75,0.004528340894,3.087220542,0.03087220542,2.092236251,2.092236251
38.227,36649.7125,0.004659114189,3.176375933,0.03176375933,2.152657636,2.152657636
38.354,36604.8875,0.005190609893,3.538725962,0.03538725962,2.398225407,2.398225407
38.481,36675.5,0.004353643014,2.968119331,0.02968119331,2.011520323,2.011520323
38.608,36609.225,0.005139151171,3.503643704,0.03503643704,2.374449855,2.374449855
38.735,36652.475,0.004626380145,3.154059324,0.03154059324,2.137533476,2.137533476
38.862,36684.8375,0.004243086687,2.892746966,0.02892746966,1.960439815,1.960439815
38.989,36686.6,0.004222221782,2.878522206,0.02878522206,1.950799571,1.950799571
39.116,36669.775,0.004421441135,3.014341062,0.03014341062,2.042845193,2.042845193
39.243,36640.7,0.004765924313,3.249194305,0.03249194305,2.202007281,2.202007281
39.37,36642.6,0.004743404598,3.233841369,0.03233841369,2.191602463,2.191602463
39.497,36719.5,0.003832927448,2.613118718,0.02613118718,1.770933316,1.770933316
39.624,36711.275,0.003930218321,2.67944729,0.0267944729,1.815884767,1.815884767
39.751,36694.9875,0.004122942246,2.810837853,0.02810837853,1.904929295,1.904929295
39.878,36632.95,0.004857793143,3.311826369,0.03311826369,2.244453577,2.244453577
40.005,36662.225,0.004510867943,3.075308265,0.03075308265,2.084163197,2.084163197
40.132,36652.775,0.004622825466,3.151635903,0.03151635903,2.135891102,2.135891102
40.259,36654.25,0.004605348713,3.139721033,0.03139721033,2.127816291,2.127816291
40.386,36585.2125,0.005424104426,3.697912105,0.03697912105,2.506107243,2.506107243
40.513,36591.8,0.005345912797,3.644604545,0.03644604545,2.469980245,2.469980245
40.64,36604.525,0.005194910753,3.541658097,0.03541658097,2.40021254,2.40021254
40.767,36596.6625,0.005288205425,3.605262237,0.03605262237,2.44331762,2.44331762
40.894,36624.35,0.004959760662,3.381343269,0.03381343269,2.291565785,2.291565785
41.021,36579.7375,0.005489101732,3.742224364,0.03742224364,2.536138047,2.536138047
41.148,36603.125,0.005211521375,3.552982477,0.03552982477,2.407887171,2.407887171
41.275,36638.4,0.004793186584,3.267780503,0.03267780503,2.214603309,2.214603309
41.402,36608.025,0.00515338698,3.513349043,0.03513349043,2.381027248,2.381027248
41.529,36587.1375,0.005401253804,3.682333571,0.03682333571,2.495549535,2.495549535
41.656,36551.3,0.005826858459,3.972491814,0.03972491814,2.692192303,2.692192303
41.783,36601.9125,0.005225907873,3.562790548,0.03562790548,2.414534187,2.414534187
41.91,36543.7875,0.005916129501,4.033352822,0.04033352822,2.733438338,2.733438338
42.037,36581.825,0.005464318507,3.725328269,0.03725328269,2.524687415,2.524687415
42.164,36564.125,0.005674501366,3.868621554,0.03868621554,2.621798523,2.621798523
42.291,36508.2875,0.006338224433,4.321118292,0.04321118292,2.928459504,2.928459504
42.418,36598.2375,0.005269515221,3.592520091,0.03592520091,2.434682156,2.434682156
42.545,36623.85,0.004965689743,3.385385451,0.03385385451,2.294305207,2.294305207
42.672,36546.2625,0.005886717047,4.013300726,0.04013300726,2.719848858,2.719848858
42.799,36573.875,0.005558710089,3.789680233,0.03789680233,2.568299302,2.568299302
42.926,36539.4,0.005968274655,4.068903059,0.04068903059,2.757531044,2.757531044
43.053,36459.225,0.006922253558,4.719283261,0.04719283261,3.198299371,3.198299371
43.18,36476.3875,0.006717865635,4.579940705,0.04579940705,3.103865707,3.103865707
43.307,36580.1875,0.00548375912,3.738582011,0.03738582011,2.533669592,2.533669592
43.434,36643.3625,0.00473436741,3.227680217,0.03227680217,2.187426997,2.187426997
43.561,36554.2875,0.005791363094,3.948292659,0.03948292659,2.675792325,2.675792325
43.688,36536.6125,0.006001407165,4.091491325,0.04091491325,2.772839308,2.772839308
43.815,36550.9375,0.005831165625,3.975428247,0.03975428247,2.694182349,2.694182349
43.942,36613.8375,0.005084436625,3.466341771,0.03466341771,2.34917001,2.34917001
44.069,36562.025,0.005699445067,3.885627055,0.03885627055,2.633323299,2.633323299
44.196,36565.3125,0.005660396931,3.85900578,0.0385900578,2.615281829,2.615281829
44.323,36594.6375,0.005312236869,3.621645802,0.03621645802,2.454420905,2.454420905
44.45,36562.3125,0.005696030071,3.883298863,0.03883298863,2.631745463,2.631745463
44.577,36636.15,0.004819857852,3.285963782,0.03285963782,2.226926276,2.226926276
44.704,36633.675,0.004849198139,3.305966679,0.03305966679,2.240482413,2.240482413
44.831,36629.3,0.004901067131,3.341328641,0.03341328641,2.264447523,2.264447523
44.958,36626.125,0.00493871308,3.366993967,0.03366993967,2.281841138,2.281841138
45.085,36667.75,0.004445424664,3.03069196,0.0303069196,2.053926339,2.053926339
45.212,36658.4,0.004556180606,3.106200415,0.03106200415,2.105099076,2.105099076
45.339,36627.4125,0.00492344681,3.356586106,0.03356586106,2.27478764,2.27478764
45.466,36624.3,0.004960353567,3.381747485,0.03381747485,2.291839725,2.291839725
45.593,36630.6875,0.00488461658,3.33011339,0.0333011339,2.25684685,2.25684685
45.72,36578.375,0.005505278372,3.753252875,0.03753252875,2.543612164,2.543612164
45.847,36644.725,0.004718219458,3.216671266,0.03216671266,2.179966134,2.179966134
45.974,36582.2125,0.005459718183,3.722191974,0.03722191974,2.522561921,2.522561921
46.101,36533.45,0.006039000025,4.117120457,0.04117120457,2.790208394,2.790208394
46.228,36660.9875,0.004525527405,3.085302431,0.03085302431,2.090936331,2.090936331
46.355,36542.5125,0.005931282148,4.043683221,0.04043683221,2.740439339,2.740439339
46.482,36629.9125,0.004893805099,3.336377712,0.03336377712,2.261092236,2.261092236
46.609,36600.5625,0.00524192639,3.573711258,0.03573711258,2.421935246,2.421935246
46.736,36516.9,0.006235784128,4.251279068,0.04251279068,2.881128853,2.881128853
46.863,36560.6625,0.005715629545,3.896660909,0.03896660909,2.640801038,2.640801038
46.99,36507.675,0.006345510658,4.326085715,0.04326085715,2.931825969,2.931825969
47.117,36634.9875,0.004833638649,3.295358914,0.03295358914,2.233293439,2.233293439
47.244,36637.6125,0.004802521341,3.274144524,0.03274144524,2.218916261,2.218916261
47.371,36610.3,0.005126398655,3.494949609,0.03494949609,2.368557791,2.368557791
47.498,36604.7875,0.005191796333,3.539534824,0.03539534824,2.39877358,2.39877358
47.625,36649.225,0.004664891041,3.180314333,0.03180314333,2.155326724,2.155326724
47.752,36596.85,0.005285980359,3.603745286,0.03603745286,2.442289569,2.442289569
47.879,36595.5875,0.005300962693,3.613959572,0.03613959572,2.44921188,2.44921188
48.006,36573.0375,0.005568655051,3.796460264,0.03796460264,2.572894188,2.572894188
48.133,36551.25,0.005827452548,3.972896837,0.03972896837,2.692466791,2.692466791
48.26,36564.525,0.005669750348,3.865382522,0.03865382522,2.619603402,2.619603402
48.387,36553.1125,0.005805323268,3.957810082,0.03957810082,2.682242365,2.682242365
48.514,36499.9375,0.00643756554,4.388844621,0.04388844621,2.974358227,2.974358227
48.641,36529.0375,0.00609145716,4.152883389,0.04152883389,2.814445244,2.814445244
48.768,36573.8625,0.00555885852,3.789781427,0.03789781427,2.568367882,2.568367882
48.895,36540.9875,0.005949406597,4.05603966,0.0405603966,2.748813406,2.748813406
49.022,36462.025,0.006888901838,4.696545548,0.04696545548,3.182889825,3.182889825
49.149,36485.3125,0.006611615965,4.507504426,0.04507504426,3.05477501,3.05477501
49.276,36453.2625,0.006993283389,4.767708228,0.04767708228,3.231117393,3.231117393
49.403,36495.2125,0.006493789588,4.427175666,0.04427175666,3.00033551,3.00033551
49.53,36484.825,0.006617418847,4.511460572,0.04511460572,3.057456125,3.057456125
49.657,36494.8625,0.006497954622,4.4300152,0.044300152,3.002259887,3.002259887
49.784,36523.7625,0.006154176273,4.195642478,0.04195642478,2.843423452,2.843423452
49.911,36491.7,0.00653559049,4.455673654,0.04455673654,3.019648844,3.019648844
50.038,36521,0.006187025678,4.218037736,0.04218037736,2.858600913,2.858600913
50.165,36508.3875,0.006337034857,4.320307292,0.04320307292,2.927909882,2.927909882
50.292,36407.0875,0.007543748777,5.142990939,0.05142990939,3.485449755,3.485449755
50.419,36462,0.00688919961,4.696748556,0.04696748556,3.183027405,3.183027405
50.546,36448.4125,0.007051068845,4.80710377,0.0480710377,3.257816095,3.257816095
50.673,36439.85,0.007153105754,4.876667977,0.04876667977,3.304960364,3.304960364
50.8,36414.0625,0.007460553056,5.086271814,0.05086271814,3.44701071,3.44701071
50.927,36389.175,0.007757476784,5.288701148,0.05288701148,3.584198833,3.584198833
51.054,36432.425,0.007241606807,4.937004041,0.04937004041,3.34585064,3.34585064
51.181,36410.875,0.007498570628,5.112190496,0.05112190496,3.464576026,3.464576026
51.308,36359.525,0.008111485367,5.530048386,0.05530048386,3.747761958,3.747761958
51.435,36385.075,0.007806411878,5.322062909,0.05322062909,3.606808389,3.606808389
51.562,36433.95,0.007223428351,4.924610782,0.04924610782,3.337451621,3.337451621
51.689,36319.2625,0.008592665199,5.858095301,0.05858095301,3.97008221,3.97008221
51.816,36322.8625,0.008549619648,5.828748768,0.05828748768,3.950193808,3.950193808
51.943,36260.5375,0.009295448866,6.337221813,0.06337221813,4.29479042,4.29479042
52.07,36253.5,0.009379745577,6.394691545,0.06394691545,4.333738158,4.333738158
52.197,36277.0375,0.009097872394,6.202523,0.06202523,4.203503861,4.203503861
52.324,36135.0375,0.01080117659,7.363759713,0.07363759713,4.990484096,4.990484096
52.451,36162.175,0.0104751428,7.141484439,0.07141484439,4.839846207,4.839846207
52.578,36093.2125,0.0113041479,7.706663084,0.07706663084,5.222872697,5.222872697
52.705,36094.8875,0.01128399379,7.692922916,0.07692922916,5.213560865,5.213560865
52.832,36100.525,0.01121616856,7.646682705,0.07646682705,5.182223472,5.182223472
52.959,36020.525,0.01217964796,8.303539918,0.08303539918,5.627381327,5.627381327
53.086,35957.55,0.01293959332,8.821636717,0.08821636717,5.978500039,5.978500039
53.213,35891.35,0.01373989236,9.367244853,0.09367244853,6.348263426,6.348263426
53.34,35798.5375,0.01486440184,10.13388519,0.1013388519,6.867822257,6.867822257
53.467,35771,0.01519860506,10.36173001,0.1036173001,7.02223468,7.02223468
53.594,35731.9375,0.01567312066,10.68523356,0.1068523356,7.241475849,7.241475849
53.721,35586.2,0.01744807111,11.89531549,0.1189531549,8.061558914,8.061558914
53.848,35493.1,0.01858575366,12.67093662,0.1267093662,8.587204115,8.587204115
53.975,35290.9375,0.02106649084,14.36219242,0.1436219242,9.7333829,9.7333829
54.102,35051.125,0.02402772471,16.3810294,0.163810294,11.1015663,11.1015663
54.229,34865.4875,0.02633394432,17.95330691,0.1795330691,12.16711247,12.16711247
54.356,34508.3,0.03080612139,21.00223747,0.2100223747,14.23339926,14.23339926
54.483,34099.7125,0.03597896894,24.52885385,0.2452885385,16.6234179,16.6234179
54.61,33609.3,0.04227021908,28.81794717,0.2881794717,19.5301738,19.5301738
54.737,33005.2875,0.05014616622,34.18741612,0.3418741612,23.16910968,23.16910968
54.864,32288.35,0.05968383408,40.68977202,0.4068977202,27.57581291,27.57581291
54.991,31579.9125,0.06931876399,47.25843684,0.4725843684,32.02745427,32.02745427
55.118,30791.3375,0.08030113234,55.93071486,0.5593071486,37.90473262,37.90473262
55.245,29974.2,0.09198208557,65.88273626,0.6588273626,44.6493042,44.6493042
55.372,29204.5,0.1032799111,75.50833782,0.7550833782,51.17265822,51.17265822
55.499,28488.725,0.1140566733,84.69000015,0.8469000015,57.39515076,57.39515076
55.626,27792.9,0.1247958215,93.83961584,0.9383961584,63.595925,63.595925
55.753,27216.475,0.1338978104,102.3097127,1.023097127,69.33618345,69.33618345
55.88,26691.525,0.1423562988,112.7494217,1.127494217,76.4112651,76.4112651
56.007,26357.9375,0.1478182625,119.4907339,1.194907339,80.97991116,80.97991116
56.134,25990.3875,0.1539169317,127.0178864,1.270178864,86.08112796,86.08112796
56.261,25777.525,0.1574884696,131.4259809,1.314259809,89.06853199,89.06853199
56.388,25569.0625,0.1610148816,135.7783797,1.357783797,92.01819057,92.01819057
56.515,25457,0.1629224638,138.1327724,1.381327724,93.61378296,93.61378296
56.642,25347.375,0.1647966963,140.4460039,1.404460039,95.18148014,95.18148014
56.769,25294.9125,0.1656965049,141.5565735,1.415565735,95.9341228,95.9341228
56.896,25212.5125,0.1671135598,143.3055433,1.433055433,97.11941487,97.11941487
57.023,25143.1875,0.1683093523,144.7814247,1.447814247,98.11963254,98.11963254
57.15,25127.075,0.1685877503,145.1250314,1.451250314,98.35249785,98.35249785
57.277,25098.3375,0.1690847313,145.7384197,1.457384197,98.76819642,98.76819642
57.404,25098.3375,0.1690847313,145.7384197,1.457384197,98.76819642,98.76819642
57.531,25060.5875,0.1697384383,146.5452436,1.465452436,99.31498801,99.31498801
57.658,24961.825,0.1714533522,148.6618395,1.486618395,100.7494235,100.7494235
57.785,25013.85,0.1705491451,147.5458412,1.475458412,99.99310173,99.99310173
57.912,25066.875,0.169629491,146.4107777,1.464107777,99.22385928,99.22385928
58.039,24956.5,0.1715460083,148.7761983,1.487761983,100.8269254,100.8269254
58.166,25000.25,0.1707853347,147.8373532,1.478373532,100.1906619,100.1906619
58.293,24933.5375,0.171945787,149.2696166,1.492696166,101.1613193,101.1613193
58.42,24961.775,0.1714542221,148.6629132,1.486629132,100.7501511,100.7501511
58.547,24948.3,0.1716887286,148.9523478,1.489523478,100.9463035,100.9463035
58.674,24915,0.1722687948,149.6682822,1.496682822,101.4314985,101.4314985
58.801,24933.8375,0.1719405616,149.2631673,1.492631673,101.1569486,101.1569486
58.928,24917.5625,0.1722241301,149.6131557,1.496131557,101.3941387,101.3941387
59.055,24925.6,0.1720840651,149.4402834,1.494402834,101.2769817,101.2769817
59.182,24957.8,0.1715233862,148.7482775,1.487482775,100.8080032,100.8080032
59.309,24960.5875,0.1714748832,148.6884137,1.486884137,100.767433,100.767433
59.436,24930.5625,0.1719976089,149.3335767,1.493335767,101.2046656,101.2046656
59.563,24925.675,0.1720827583,149.4386705,1.494386705,101.2758886,101.2758886
59.69,24917.9125,0.1722180299,149.6056266,1.496056266,101.3890362,101.3890362
59.817,24903.1875,0.1724747479,149.9224753,1.499224753,101.6037674,101.6037674
59.944,24908.8625,0.1723757911,149.80034,1.4980034,101.5209952,101.5209952
60.071,24952.425,0.1716169274,148.8637288,1.488637288,100.8862456,100.8862456
60.198,24905.3375,0.172437255,149.8762005,1.498762005,101.5724065,101.5724065
60.325,24930.5375,0.1719980444,149.3341142,1.493341142,101.2050299,101.2050299
60.452,24876.3375,0.172943246,150.5136175,1.505136175,102.0043895,102.0043895
60.579,24943.5625,0.1717712058,149.0541435,1.490541435,101.0152913,101.0152913
60.706,24886.5875,0.172764337,150.2871102,1.502871102,101.8508836,101.8508836
60.833,24886.525,0.1727654277,150.2884911,1.502884911,101.8518194,101.8518194
60.96,24929.025,0.1720243932,149.3666347,1.493666347,101.2270693,101.2270693
61.087,24901.6625,0.1725013436,149.9553006,1.499553006,101.6260133,101.6260133
61.214,24896.775,0.1725865919,150.0620765,1.500620765,101.6983763,101.6983763
61.341,24861.0875,0.1732095643,150.8507889,1.508507889,102.2328935,102.2328935
61.468,24905.5375,0.1724337674,149.8718961,1.498718961,101.5694894,101.5694894
61.595,24847.675,0.1734439284,151.1475048,1.511475048,102.4339805,102.4339805
61.722,24814.8125,0.1740186883,151.875178,1.51875178,102.927131,102.927131
61.849,24859.525,0.1732368602,150.8853468,1.508853468,102.2563137,102.2563137
61.976,24891.075,0.1726860329,150.1879736,1.501879736,101.7836978,101.7836978
62.103,24863.7375,0.1731632743,150.7921836,1.507921836,102.1931762,102.1931762
62.23,24879.2125,0.1728930568,150.4500755,1.504500755,101.9613266,101.9613266
62.357,24836.3625,0.1736416964,151.3978884,1.513978884,102.6036677,102.6036677
62.484,24867.0875,0.1731047638,150.7181066,1.507181066,102.1429736,102.1429736
62.611,24824.775,0.1738443654,151.654477,1.51654477,102.77756,102.77756
62.738,24760.2,0.174975538,153.0865947,1.530865947,103.7481186,103.7481186
62.865,24782.1375,0.1745909241,152.5996554,1.525996554,103.4181156,103.4181156
62.992,24731.2625,0.1754833992,153.7295709,1.537295709,104.1838692,104.1838692
63.119,24760.95,0.1749623832,153.06994,1.5306994,103.7368316,103.7368316
63.246,24816.55,0.1739882807,151.8366805,1.518366805,102.9010408,102.9010408
63.373,24811.6,0.1740749153,151.946364,1.51946364,102.9753743,102.9753743
63.5,24717.675,0.1757220687,154.0317377,1.540317377,104.3886503,104.3886503
63.627,24774.8125,0.17471931,152.762198,1.52762198,103.5282721,103.5282721
63.754,24820.3375,0.1739220037,151.7527707,1.517527707,102.8441745,102.8441745
63.881,24774.925,0.1747173379,152.7597012,1.527597012,103.5265801,103.5265801
64.008,24732.925,0.1754542058,153.6926106,1.536926106,104.1588209,104.1588209
64.135,24740.1375,0.1753275773,153.5322931,1.535322931,104.0501723,104.0501723
64.262,24786.1875,0.1745199557,152.509806,1.52509806,103.3572239,103.3572239
64.389,24796.6375,0.1743368932,152.2780403,1.522780403,103.2001543,103.2001543
64.516,24750.0875,0.1751529477,153.3112037,1.533112037,103.9003381,103.9003381
64.643,24812.85,0.1740530362,151.918664,1.51918664,102.9566018,102.9566018
64.77,24762.7125,0.1749314709,153.0308037,1.530308037,103.7103086,103.7103086
64.897,24815.825,0.1740009685,151.8527438,1.518527438,102.9119271,102.9119271
65.024,24833.35,0.1736943768,151.4645844,1.514645844,102.6488681,102.6488681
65.151,24831.15,0.1737328529,151.5132969,1.515132969,102.681881,102.681881
65.278,24768.5875,0.1748284459,152.9003692,1.529003692,103.621912,103.621912
65.405,24802.3875,0.1742361979,152.1505554,1.521505554,103.1137566,103.1137566
65.532,24779.6375,0.1746347375,152.6551253,1.526551253,103.455708,103.455708
65.659,24788.7125,0.1744757158,152.4537963,1.524537963,103.3192656,103.3192656
65.786,24836.4375,0.1736403849,151.3962281,1.513962281,102.6025424,102.6025424
65.913,24801.8375,0.1742458286,152.1627483,1.521627483,103.1220199,103.1220199
66.04,24829.8125,0.1737562463,151.5429141,1.515429141,102.7019528,102.7019528
66.167,24802.6375,0.1742318204,152.1450132,1.521450132,103.1100007,103.1100007
66.294,24793.5,0.1743918476,152.3476152,1.523476152,103.2473058,103.2473058
66.421,24774.25,0.1747291705,152.7746819,1.527746819,103.5367326,103.5367326
66.548,24796.575,0.1743379878,152.2794262,1.522794262,103.2010935,103.2010935
66.675,24771.0125,0.1747859279,152.8465394,1.528465394,103.585431,103.585431
66.802,24760.2625,0.1749744417,153.0852068,1.530852068,103.747178,103.747178
66.929,24798.7375,0.1743001148,152.2314772,1.522314772,103.168598,103.168598
67.056,24809,0.1741204272,152.0039842,1.520039842,103.0144241,103.0144241
67.183,24801.0625,0.1742593995,152.1799297,1.521799297,103.1336639,103.1336639
67.31,24735.3625,0.175411407,153.6384253,1.536384253,104.122099,104.122099
67.437,24788.075,0.1744868848,152.4679368,1.524679368,103.3288488,103.3288488
67.564,24805.1625,0.1741876099,152.0890406,1.520890406,103.0720675,103.0720675
67.691,24847.3125,0.1734502643,151.1555264,1.511555264,102.4394168,102.4394168
67.818,24860.175,0.1732255049,150.8709704,1.508709704,102.2465707,102.2465707
67.945,24780.625,0.1746174307,152.633214,1.52633214,103.4408586,103.4408586
68.072,24867.4375,0.1730986512,150.7103678,1.507103678,102.1377289,102.1377289
68.199,24820.775,0.1739143486,151.743079,1.51743079,102.8376063,102.8376063
68.326,24807.55,0.174145811,152.0361213,1.520361213,103.0362036,103.0362036
68.453,24825.6875,0.1738284021,151.6342666,1.516342666,102.7638632,102.7638632
68.58,24804.2125,0.174204243,152.110099,1.52110099,103.0863389,103.0863389
68.707,24810.25,0.1740985459,151.9762814,1.519762814,102.9956496,102.9956496
68.834,24795.8125,0.1743513427,152.2963341,1.522963341,103.2125521,103.2125521
68.961,24837.2625,0.173625959,151.3779642,1.513779642,102.5901649,102.5901649
69.088,24836.6125,0.1736373248,151.3923539,1.513923539,102.5999168,102.5999168
69.215,24803.8375,0.1742108089,152.1184117,1.521184117,103.0919725,103.0919725
69.342,24813.4,0.1740434098,151.9064765,1.519064765,102.9483422,102.9483422
69.469,24809.1875,0.174117145,151.9998287,1.519998287,103.0116079,103.0116079
69.596,24798.225,0.1743090902,152.2428404,1.522428404,103.176299,103.176299
69.723,24768.4,0.1748317336,152.9045316,1.529045316,103.6247328,103.6247328
69.85,24782.175,0.1745902669,152.5988234,1.525988234,103.4175517,103.4175517
69.977,24791.375,0.1744290717,152.3947427,1.523947427,103.2792445,103.2792445
70.104,24807.9875,0.1741381519,152.0264246,1.520264246,103.0296321,103.0296321
70.231,24847.9625,0.1734389034,151.141143,1.51141143,102.429669,102.429669
70.358,24867.2625,0.1731017075,150.7142372,1.507142372,102.1403513,102.1403513
70.485,24827.475,0.1737971331,151.5946786,1.515946786,102.7370341,102.7370341
70.612,24844.95,0.1734915593,151.2078078,1.512078078,102.4748484,102.4748484
70.739,24796.975,0.1743309822,152.2705567,1.522705567,103.1950825,103.1950825
70.866,24833.9,0.1736847583,151.4524069,1.514524069,102.6406153,102.6406153
70.993,24822.9125,0.1738769499,151.6957305,1.516957305,102.8055179,102.8055179
71.12,24833.975,0.1736834468,151.4507464,1.514507464,102.63949,102.63949
71.247,24796.1,0.1743463072,152.2899589,1.522899589,103.2082316,103.2082316
71.374,24802.9125,0.1742270052,152.1389169,1.521389169,103.1058691,103.1058691
71.501,24815.825,0.1740009685,151.8527438,1.518527438,102.9119271,102.9119271
71.628,24801.9625,0.1742436398,152.1599772,1.521599772,103.1201418,103.1201418
71.755,24827.1,0.1738036928,151.6029836,1.516029836,102.7426624,102.7426624
71.882,24802.1125,0.1742410133,152.1566518,1.521566518,103.1178882,103.1178882
72.009,24811.9375,0.1740690078,151.9388848,1.519388848,102.9703056,102.9703056
72.136,24838.1625,0.1736102223,151.3580408,1.513580408,102.5766626,102.5766626
72.263,24809.075,0.1741191143,152.002322,1.52002322,103.0132976,103.0132976
72.39,24789.075,0.1744693649,152.4457557,1.524457557,103.3138165,103.3138165
72.517,24812.8625,0.1740528174,151.918387,1.51918387,102.9564141,102.9564141
72.644,24808.6125,0.1741272107,152.0125724,1.520125724,103.0202444,103.0202444
72.771,24778.6125,0.1746527023,152.6778695,1.526778695,103.471122,103.471122
72.898,24812.8375,0.174053255,151.918941,1.51918941,102.9567896,102.9567896
73.025,24800.4875,0.1742694686,152.1926776,1.521926776,103.1423032,103.1423032
73.152,24813.2,0.1740469103,151.9109083,1.519109083,102.9513457,102.9513457
73.279,24794.575,0.1743730178,152.3237758,1.523237758,103.2311496,103.2311496
73.406,24784.4875,0.1745497435,152.5475188,1.525475188,103.3827822,103.3827822
73.533,24791.2625,0.1744310425,152.3972378,1.523972378,103.2809354,103.2809354
73.66,24779.4625,0.1746378046,152.6590084,1.526590084,103.4583396,103.4583396
73.787,24800.75,0.1742648718,152.1868579,1.521868579,103.1383591,103.1383591
73.914,24767.225,0.1748523368,152.9306162,1.529306162,103.6424106,103.6424106
74.041,24802.5625,0.1742331337,152.1466759,1.521466759,103.1111274,103.1111274
74.168,24797.325,0.1743248523,152.262796,1.52262796,103.1898231,103.1898231
74.295,24803.7875,0.1742116844,152.1195201,1.521195201,103.0927237,103.0927237
74.422,24826.2375,0.1738187806,151.6220854,1.516220854,102.7556079,102.7556079
74.549,24840.3,0.1735728498,151.3107254,1.513107254,102.5445965,102.5445965
74.676,24785.075,0.1745394489,152.5344854,1.525344854,103.3739493,103.3739493
74.803,24852.95,0.1733517402,151.0307904,1.510307904,102.3548821,102.3548821
74.93,24834.4125,0.1736757959,151.44106,1.5144106,102.6329254,102.6329254
75.057,24877.65,0.1729203328,150.4846083,1.504846083,101.9847298,101.9847298
75.184,24831.2625,0.1737308853,151.5108059,1.515108059,102.6801928,102.6801928
75.311,24797.0625,0.1743294497,152.2686165,1.522686165,103.1937677,103.1937677
75.438,24815,0.1740154068,151.8710234,1.518710234,102.9243154,102.9243154
75.565,24856.575,0.1732883996,150.9505981,1.509505981,102.3005351,102.3005351
75.692,24855.725,0.173303251,150.9694007,1.509694007,102.3132778,102.3132778
75.819,24859.3,0.1732407909,150.8903233,1.508903233,102.2596864,102.2596864
75.946,24845.0125,0.1734904668,151.2064246,1.512064246,102.473911,102.473911
76.073,24846.4375,0.1734655583,151.1748893,1.511748893,102.4525392,102.4525392
76.2,24821.7375,0.1738975079,151.7217579,1.517217579,102.8231568,102.8231568
76.327,24816.6875,0.1739858744,151.833634,1.51833634,102.8989762,102.8989762
76.454,24840.9625,0.1735612671,151.2960612,1.512960612,102.5346585,102.5346585
76.581,24873.7625,0.1729882031,150.5705352,1.505705352,102.0429632,102.0429632
76.708,24861.975,0.1731940609,150.8311609,1.508311609,102.2195915,102.2195915
76.835,24864.575,0.1731486459,150.7736634,1.507736634,102.1806249,102.1806249
76.962,24840.1125,0.1735761279,151.3148757,1.513148757,102.5474092,102.5474092
77.089,24864.175,0.1731556325,150.7825088,1.507825088,102.1866195,102.1866195
77.216,24875.2,0.1729631051,150.53876,1.5053876,102.0214289,102.0214289
77.343,24828.6125,0.1737772358,151.5694878,1.515694878,102.719962,102.719962
77.47,24843.8625,0.1735105694,151.2318755,1.512318755,102.4911593,102.4911593
77.597,24827.5,0.1737966958,151.594125,1.51594125,102.7366589,102.7366589
77.724,24824.625,0.1738469896,151.6577993,1.516577993,102.7798115,102.7798115
77.851,24813.55,0.1740407844,151.9031527,1.519031527,102.9460897,102.9460897
77.978,24820.625,0.1739169732,151.7464019,1.517464019,102.8398583,102.8398583
78.105,24806.15,0.1741703208,152.0671519,1.520671519,103.0572333,103.0572333
78.232,24793.4125,0.1743933803,152.3495557,1.523495557,103.2486208,103.2486208
78.359,24778.7375,0.1746505114,152.6750958,1.526750958,103.4692422,103.4692422
78.486,24799.1375,0.1742931098,152.2226085,1.522226085,103.1625876,103.1625876
78.613,24742.3375,0.1752889597,153.4834013,1.534834013,104.0170379,104.0170379
78.74,24767.7375,0.1748433502,152.9192387,1.529192387,103.6347,103.6347
78.867,24836.25,0.1736436636,151.400379,1.51400379,102.6053556,102.6053556
78.994,24782.825,0.1745788761,152.5844021,1.525844021,103.4077783,103.4077783
79.121,24797.2625,0.1743259469,152.2641818,1.522641818,103.1907622,103.1907622
79.248,24848.1125,0.1734362817,151.1378238,1.511378238,102.4274196,102.4274196
79.375,24785.825,0.1745263073,152.5178475,1.525178475,103.3626737,103.3626737
79.502,24773.6125,0.1747403461,152.7888307,1.527888307,103.5463214,103.5463214
79.629,24901.3625,0.1725065758,149.9617583,1.499617583,101.6303897,101.6303897
79.756,24886.25,0.1727702267,150.2945669,1.502945669,101.8559371,101.8559371
79.883,24900.7875,0.1725166042,149.9741357,1.499741357,101.638778,101.638778
80.01,24893.4625,0.1726443783,150.1352369,1.501352369,101.7479577,101.7479577
80.137,24887.2,0.1727536484,150.273578,1.50273578,101.8417127,101.8417127
80.264,24942.4625,0.1717903584,149.0777822,1.490777822,101.0313115,101.0313115
80.391,24893.6875,0.172640453,150.1302672,1.501302672,101.7445897,101.7445897
80.518,24946.5,0.1717200637,148.9910225,1.489910225,100.9725137,100.9725137
80.645,24924.2375,0.1721078054,149.4695844,1.494695844,101.2968392,101.2968392
80.772,24916.1625,0.1722485317,149.6432729,1.496432729,101.4145494,101.4145494
80.899,24921.1,0.1721624785,149.5370635,1.495370635,101.3425704,101.3425704
81.026,24936.825,0.1718885288,149.198947,1.49198947,101.1134259,101.1134259
81.153,24900.7125,0.1725179123,149.9757501,1.499757501,101.6398722,101.6398722
81.28,24913.675,0.1722918916,149.6967889,1.496967889,101.4508177,101.4508177
81.407,24913.2375,0.1722995181,149.7062018,1.497062018,101.4571969,101.4571969
81.534,24928.2625,0.1720376771,149.3830301,1.493830301,101.2381806,101.2381806
81.661,24934.9375,0.1719214024,149.2395204,1.492395204,101.1409229,101.1409229
81.788,24893.1125,0.1726504845,150.1429676,1.501429676,101.7531969,101.7531969
81.915,24930.0625,0.1720063191,149.3443271,1.493443271,101.2119512,101.2119512
82.042,24889.2625,0.1727176582,150.2280127,1.502280127,101.8108327,101.8108327
82.169,24895,0.1726175557,150.1012782,1.501012782,101.7249436,101.7249436
82.296,24938.45,0.1718602291,149.1640186,1.491640186,101.0897546,101.0897546
82.423,24904.075,0.1724592708,149.903373,1.49903373,101.5908216,101.5908216
82.55,24906.7625,0.1724124068,149.8455322,1.498455322,101.5516223,101.5516223
82.677,24877.175,0.1729286251,150.4951067,1.504951067,101.9918446,101.9918446
82.804,24910.8125,0.1723417935,149.7583792,1.497583792,101.492558,101.492558
82.931,24934.3375,0.1719318527,149.2524186,1.492524186,101.1496641,101.1496641
83.058,24867.75,0.1730931937,150.7034582,1.507034582,102.1330463,102.1330463
83.185,24872.2,0.1730154851,150.6050755,1.506050755,102.0663714,102.0663714
83.312,24860.825,0.1732141498,150.8565944,1.508565944,102.236828,102.236828
83.439,24876.95,0.1729325531,150.5000797,1.505000797,101.9952148,101.9952148
83.566,24900.7125,0.1725179123,149.9757501,1.499757501,101.6398722,101.6398722
83.693,24880.225,0.1728753828,150.4276995,1.504276995,101.9461622,101.9461622
83.82,24918.3375,0.1722106226,149.5964844,1.495964844,101.3828405,101.3828405
83.947,24894.4125,0.1726278048,150.114254,1.50114254,101.7337375,101.7337375
84.074,24864.175,0.1731556325,150.7825088,1.507825088,102.1866195,102.1866195
84.201,24910.05,0.1723550871,149.7747866,1.497747866,101.5036774,101.5036774
84.328,24909.6875,0.1723614071,149.782587,1.49782587,101.5089638,101.5089638
84.455,24924.4125,0.1721047561,149.4658209,1.494658209,101.2942887,101.2942887
84.582,24896.8875,0.1725846294,150.059592,1.50059592,101.6966925,101.6966925
84.709,24886.1125,0.1727726263,150.2976048,1.502976048,101.8579959,101.8579959
84.836,24862.9,0.1731779031,150.8107044,1.508107044,102.2057279,102.2057279
84.963,24855.575,0.1733058719,150.9727189,1.509727189,102.3155266,102.3155266
85.09,24921.45,0.1721563791,149.5295355,1.495295355,101.3374686,101.3374686
85.217,24910.6625,0.1723444086,149.7616068,1.497616068,101.4947454,101.4947454
85.344,24913.1625,0.1723008256,149.7078154,1.497078154,101.4582905,101.4582905
85.471,24958.3625,0.1715135981,148.7361968,1.487361968,100.7998161,100.7998161
85.598,25015.95,0.1705126861,147.5008425,1.475008425,99.96260568,99.96260568
85.725,24966.8125,0.1713665866,148.5547509,1.485547509,100.6768486,100.6768486
85.852,24899.9625,0.1725309933,149.9918951,1.499918951,101.6508137,101.6508137
85.979,24905.3375,0.172437255,149.8762005,1.498762005,101.5724065,101.5724065
86.106,24874.1875,0.1729807827,150.5611406,1.505611406,102.0365964,102.0365964
86.233,24886.4875,0.1727660821,150.2893196,1.502893196,101.8523809,101.8523809
86.36,24900.175,0.172527287,149.9873206,1.499873206,101.6477136,101.6477136
86.487,24889,0.1727222386,150.2338117,1.502338117,101.8147627,101.8147627
86.614,24902.6,0.1724849936,149.9351209,1.499351209,101.6123374,101.6123374
86.741,24957.8125,0.1715231687,148.748009,1.48748009,100.8078213,100.8078213
86.868,24904.2875,0.1724555651,149.8987994,1.498987994,101.5877219,101.5877219
86.995,24886.8875,0.1727591017,150.2804821,1.502804821,101.8463917,101.8463917
87.122,24909.225,0.1723694708,149.7925393,1.497925393,101.5157086,101.5157086
87.249,24901.2875,0.1725078838,149.9633727,1.499633727,101.6314839,101.6314839
87.376,24879.4125,0.1728895656,150.4456555,1.504456555,101.9583311,101.9583311
87.503,24922.1,0.172145052,149.5155553,1.495155553,101.3279941,101.3279941
87.63,24920.7,0.1721694492,149.545667,1.49545667,101.3484011,101.3484011
87.757,24879.65,0.1728854198,150.4404068,1.504404068,101.954774,101.954774
87.884,24923.475,0.1721210918,149.4859829,1.494859829,101.3079527,101.3079527
88.011,24894.9375,0.172618646,150.1026586,1.501026586,101.7258791,101.7258791
88.138,24871.9375,0.1730200686,150.6108785,1.506108785,102.0703042,102.0703042
88.265,24880.3875,0.1728725463,150.4241083,1.504241083,101.9437284,101.9437284
88.392,24856.975,0.1732814108,150.94175,1.5094175,102.2945387,102.2945387
88.519,24846.275,0.1734683986,151.1784854,1.511784854,102.4549763,102.4549763
88.646,24824.8,0.173843928,151.6539233,1.516539233,102.7771847,102.7771847
88.773,24872.75,0.1730058816,150.5929171,1.505929171,102.0581316,102.0581316
88.9,24846.7125,0.1734607515,151.1688038,1.511688038,102.448415,102.448415
89.027,24856.575,0.1732883996,150.9505981,1.509505981,102.3005351,102.3005351
89.154,24807.875,0.1741401214,152.028918,1.52028918,103.0313219,103.0313219
89.281,24888.4375,0.172732054,150.2462384,1.502462384,101.8231844,101.8231844
89.408,24886.4375,0.1727669547,150.2904243,1.502904243,101.8531296,101.8531296
89.535,24929.65,0.1720135051,149.3531963,1.493531963,101.217962,101.217962
89.662,24904.5,0.1724518594,149.8942257,1.498942257,101.5846223,101.5846223
89.789,24864.1875,0.1731554142,150.7822324,1.507822324,102.1864322,102.1864322
89.916,24872.9875,0.1730017347,150.5876669,1.505876669,102.0545735,102.0545735
90.043,24872,0.1730189773,150.6094968,1.506094968,102.0693678,102.0693678
90.17,24901.15,0.1725102819,149.9663325,1.499663325,101.6334897,101.6334897
90.297,24851.1875,0.1733825403,151.0697846,1.510697846,102.3813089,102.3813089
90.424,24885.4,0.1727850605,150.3133471,1.503133471,101.8686646,101.8686646
90.551,24866.0625,0.1731226654,150.7407709,1.507407709,102.1583334,102.1583334
90.678,24887.275,0.1727523396,150.271921,1.50271921,101.8405897,101.8405897
90.805,24875.4875,0.1729580857,150.5324052,1.505324052,102.0171221,102.0171221
90.932,24888.175,0.1727366345,150.2520376,1.502520376,101.8271146,101.8271146
91.059,24882.9875,0.1728271649,150.3666534,1.503666534,101.9047907,101.9047907
91.186,24867.325,0.173100616,150.7128552,1.507128552,102.1394147,102.1394147
91.313,24830.25,0.1737485941,151.533226,1.51533226,102.6953871,102.6953871
91.44,24880.5125,0.1728703644,150.4213459,1.504213459,101.9418563,101.9418563
91.567,24866.8125,0.1731095666,150.7241872,1.507241872,102.1470945,102.1470945
91.694,24879.3125,0.1728913112,150.4478655,1.504478655,101.9598289,101.9598289
91.821,24909.6125,0.1723627147,149.7842008,1.497842008,101.5100575,101.5100575
91.948,24900.25,0.1725259789,149.9857061,1.499857061,101.6466194,101.6466194
92.075,24877.6625,0.1729201146,150.484332,1.50484332,101.9845425,101.9845425
92.202,24873.05,0.1730006435,150.5862853,1.505862853,102.0536372,102.0536372
92.329,24903.125,0.1724758378,149.9238206,1.499238206,101.6046791,101.6046791
92.456,24875.6125,0.1729559034,150.5296423,1.505296423,102.0152497,102.0152497
92.583,24897.325,0.1725769979,150.0499301,1.500499301,101.6901446,101.6901446
92.71,24841.3875,0.1735538369,151.2866542,1.512866542,102.5282833,102.5282833
92.837,24836.3,0.1736427893,151.3992721,1.513992721,102.6046054,102.6046054
92.964,24848.4125,0.1734310383,151.1311855,1.511311855,102.4229207,102.4229207
93.091,24840.35,0.1735719756,151.3096187,1.513096187,102.5438465,102.5438465
93.218,24894.5625,0.172625188,150.110941,1.50110941,101.7314922,101.7314922
93.345,24871.6,0.1730259618,150.6183396,1.506183396,102.0753606,102.0753606
93.472,24894.575,0.1726249699,150.110665,1.50110665,101.7313051,101.7313051
93.599,24845.1,0.1734889372,151.2044882,1.512044882,102.4725987,102.4725987
93.726,24865.1875,0.1731379479,150.7601192,1.507601192,102.1714459,102.1714459
93.853,24898.9,0.1725495254,150.0151486,1.500151486,101.6665728,101.6665728
93.98,24880.3,0.1728740737,150.426042,1.50426042,101.9450389,101.9450389
94.107,24845.8875,0.1734751719,151.1870606,1.511870606,102.4607878,102.4607878
94.234,24833.575,0.173690442,151.4596027,1.514596027,102.645492,102.645492
94.361,24871.2,0.1730329465,150.6271824,1.506271824,102.0813535,102.0813535
94.488,24905,0.1724431403,149.8834643,1.498834643,101.5773293,101.5773293
94.615,24907.8,0.1723943165,149.8232046,1.498232046,101.5364907,101.5364907
94.742,24909.25,0.1723690349,149.7920014,1.497920014,101.515344,101.515344
94.869,24884.85,0.1727946591,150.3254994,1.503254994,101.8769003,101.8769003
94.996,24896.025,0.1725996749,150.0786403,1.500786403,101.7096017,101.7096017
95.123,24902.9,0.1724797617,149.9286636,1.499286636,101.6079612,101.6079612
95.25,24884.5875,0.1727992403,150.3312994,1.503312994,101.880831,101.880831
95.377,24945.5875,0.1717359498,149.0106295,1.490106295,100.9858015,100.9858015
95.504,24940.975,0.1718162593,149.1097499,1.491097499,101.0529762,101.0529762
95.631,24895.0875,0.1726160293,150.0993457,1.500993457,101.7236339,101.7236339
95.758,24862.575,0.1731835801,150.8178917,1.508178917,102.2105989,102.2105989
95.885,24868.425,0.1730814055,150.6885339,1.506885339,102.1229319,102.1229319
96.012,24863.025,0.1731757197,150.80794,1.5080794,102.2038545,102.2038545
96.139,24921.425,0.1721568148,149.5300732,1.495300732,101.337833,101.337833
96.266,24961.15,0.1714650962,148.6763343,1.486763343,100.7592467,100.7592467
96.393,24969.175,0.1713254932,148.5040322,1.485040322,100.6424761,100.6424761
96.52,24946.325,0.1717231103,148.9947827,1.489947827,100.975062,100.975062
96.647,24996.725,0.170846574,147.9129364,1.479129364,100.2418853,100.2418853
96.774,24957.75,0.1715242562,148.7493513,1.487493513,100.808731,100.808731
96.901,24975.3875,0.1712174512,148.3706837,1.483706837,100.5521047,100.5521047
97.028,24939.4625,0.1718425971,149.1422567,1.491422567,101.0750064,101.0750064
97.155,24993.1875,0.170908039,147.9887984,1.479887984,100.2932976,100.2932976
97.282,24982.65,0.1710911827,148.2148395,1.482148395,100.4464877,100.4464877
97.409,25003.3875,0.1707308348,147.7700878,1.477700878,100.1450756,100.1450756
97.536,24964.15,0.1714129029,148.6119158,1.486119158,100.7155898,100.7155898
97.663,24946.6625,0.1717172348,148.9875309,1.489875309,100.9701474,100.9701474
97.79,24942.6875,0.1717864407,149.0729469,1.490729469,101.0280346,101.0280346
97.917,24900.925,0.1725142061,149.9711758,1.499711758,101.6367721,101.6367721
98.044,24948.425,0.1716865526,148.9496622,1.489496622,100.9444834,100.9444834
98.171,24883.1375,0.1728245469,150.3633388,1.503633388,101.9025444,101.9025444
98.298,24973.5875,0.1712487523,148.4093165,1.484093165,100.5782864,100.5782864
98.425,24924.8,0.1720980042,149.4574875,1.494574875,101.288641,101.288641
98.552,24963.6,0.1714224712,148.6237253,1.486237253,100.7235932,100.7235932
98.679,24966.95,0.1713641948,148.5517989,1.485517989,100.674848,100.674848
98.806,24965.925,0.1713820248,148.5738052,1.485738052,100.6897619,100.6897619
98.933,24942.7125,0.1717860055,149.0724097,1.490724097,101.0276705,101.0276705
99.06,24916.8375,0.1722367665,149.6287519,1.496287519,101.4047084,101.4047084
99.187,24924.2375,0.1721078054,149.4695844,1.494695844,101.2968392,101.2968392
99.314,24893.875,0.1726371819,150.1261258,1.501261258,101.7417831,101.7417831
99.441,24967.1875,0.1713600636,148.5467,1.485467,100.6713924,100.6713924
99.568,24954.8375,0.1715749402,148.8119068,1.488119068,100.8511254,100.8511254
99.695,24942.9375,0.1717820878,149.0675745,1.490675745,101.0243936,101.0243936
99.822,24973.7875,0.1712452743,148.4050238,1.484050238,100.5753773,100.5753773
99.949,24906.1375,0.172423305,149.858983,1.49858983,101.5607381,101.5607381
100.076,24933.775,0.1719416502,149.2645109,1.492645109,101.1578591,101.1578591
100.203,24929.8,0.172010892,149.3499711,1.493499711,101.2157762,101.2157762
100.33,24927.225,0.1720557526,149.4053393,1.494053393,101.2532998,101.2532998
100.457,24966.0375,0.1713800678,148.5713898,1.485713898,100.688125,100.688125
100.584,24918.6875,0.1722045226,149.5889556,1.495889556,101.3777381,101.3777381
100.711,24909.325,0.1723677273,149.7903875,1.497903875,101.5142503,101.5142503
100.838,24901.6,0.1725024337,149.9566459,1.499566459,101.6269251,101.6269251
100.965,24944.225,0.1717596711,149.0399071,1.490399071,101.0056432,101.0056432
101.092,24946.5,0.1717200637,148.9910225,1.489910225,100.9725137,100.9725137
101.219,24935.2,0.1719168304,149.2338776,1.492338776,101.1370987,101.1370987
101.346,24925.325,0.1720888566,149.4461972,1.494461972,101.2809895,101.2809895
101.473,24952.6375,0.1716132289,148.8591639,1.488591639,100.883152,100.883152
101.6,24942.2125,0.1717947114,149.0831548,1.490831548,101.0349525,101.0349525
101.727,24955.3625,0.1715658036,148.8006302,1.488006302,100.8434831,100.8434831
101.854,24927.05,0.1720588015,149.4091024,1.494091024,101.2558501,101.2558501
101.981,24937.0875,0.1718839572,149.1933045,1.491933045,101.109602,101.109602
102.108,24923.15,0.172126755,149.4929726,1.494929726,101.3126896,101.3126896
102.235,24922.65,0.1721354678,149.5037262,1.495037262,101.3199774,101.3199774
102.362,24946.3875,0.1717220222,148.9934398,1.489934398,100.9741519,100.9741519
102.489,24964.3125,0.171410076,148.6084267,1.486084267,100.7132252,100.7132252
102.616,24888.4875,0.1727311815,150.2451338,1.502451338,101.8224358,101.8224358
102.743,24877.2125,0.1729279704,150.4942778,1.504942778,101.9912829,101.9912829
102.87,24973.5125,0.1712500566,148.4109263,1.484109263,100.5793774,100.5793774
102.997,24911.3,0.1723332945,149.7478895,1.497478895,101.485449,101.485449
103.124,24947.025,0.1717109241,148.9797421,1.489797421,100.9648688,100.9648688
103.251,24925.625,0.1720836295,149.4397458,1.494397458,101.2766173,101.2766173
103.378,24966.825,0.1713663692,148.5544826,1.485544826,100.6766667,100.6766667
103.505,24968.6,0.1713354944,148.516376,1.48516376,100.6508416,100.6508416
103.632,25005.625,0.1706919724,147.7221227,1.477221227,100.1125692,100.1125692
103.759,24965.3125,0.1713926797,148.5869558,1.485869558,100.6986741,100.6986741
103.886,24983.975,0.1710681497,148.1864115,1.481864115,100.4272218,100.4272218
104.013,24965.475,0.1713898529,148.5834668,1.485834668,100.6963096,100.6963096
104.14,25022.325,0.1704020258,147.3642623,1.473642623,99.87004408,99.87004408
104.267,24953.825,0.1715925613,148.8336553,1.488336553,100.8658646,100.8658646
104.394,24883.2125,0.1728232379,150.3616816,1.503616816,101.9014213,101.9014213
104.521,24952.4875,0.1716158396,148.8623862,1.488623862,100.8853357,100.8853357
104.648,24947.725,0.1716987382,148.9647019,1.489647019,100.954676,100.954676
104.775,24931.8625,0.1719749633,149.3056268,1.493056268,101.1857238,101.1857238
104.902,24903.6875,0.1724660283,149.9117134,1.499117134,101.5964739,101.5964739
105.029,24932.4875,0.1719640764,149.2921899,1.492921899,101.1766174,101.1766174
105.156,24905.875,0.1724278823,149.8646324,1.498646324,101.5645667,101.5645667
105.283,24979.525,0.1711455106,148.2818926,1.482818926,100.4919301,100.4919301
105.41,24994.975,0.1708769796,147.950464,1.47950464,100.2673181,100.2673181
105.537,24955.45,0.1715642808,148.7987508,1.487987508,100.8422094,100.8422094
105.664,24961.2625,0.1714631389,148.6739185,1.486739185,100.7576095,100.7576095
105.791,24984.9125,0.1710518535,148.1662983,1.481662983,100.4135909,100.4135909
105.918,25026.975,0.1703213266,147.264661,1.47264661,99.80254343,99.80254343
106.045,24967.1125,0.1713613682,148.5483102,1.485483102,100.6724837,100.6724837
106.172,24946.75,0.1717157115,148.9856509,1.489856509,100.9688733,100.9688733
106.299,24968.2625,0.1713413648,148.5236214,1.485236214,100.6557519,100.6557519
106.426,25001.9625,0.1707555869,147.8006376,1.478006376,100.1657794,100.1657794
106.553,25000.9375,0.1707733919,147.822613,1.47822613,100.1806724,100.1806724
106.68,25020.3875,0.1704356549,147.4057683,1.474057683,99.89817305,99.89817305
106.807,24994.1375,0.1708915317,147.9684245,1.479684245,100.2794901,100.2794901
106.934,24933.1875,0.1719518834,149.277141,1.49277141,101.1664186,101.1664186
107.061,24985.325,0.1710446834,148.1574487,1.481574487,100.4075935,100.4075935
107.188,24957.225,0.171533392,148.7606269,1.487606269,100.8163725,100.8163725
107.315,25008.3125,0.1706452988,147.6645168,1.476645168,100.0735292,100.0735292
107.442,25020.2375,0.1704382585,147.4089818,1.474089818,99.90035087,99.90035087
107.569,24978.3375,0.171166157,148.3073749,1.483073749,100.5091997,100.5091997
107.696,25013.375,0.1705573923,147.55602,1.4755602,100,100
107.823,24988.175,0.1709951476,148.0963102,1.480963102,100.3661593,100.3661593
107.95,25029.325,0.1702805488,147.2143319,1.472143319,99.76843497,99.76843497
108.077,24990.6,0.1709530031,148.0442943,1.480442943,100.3309077,100.3309077
108.204,25023.2875,0.1703853207,147.3436443,1.473436443,99.85607114,99.85607114
108.331,25038,0.1701300512,147.0285835,1.470285835,99.64255167,99.64255167
108.458,25042.8375,0.1700461509,146.9250313,1.469250313,99.57237344,99.57237344
108.585,25035.7625,0.1701688633,147.0764865,1.470764865,99.67501596,99.67501596
108.712,25014.775,0.1705330854,147.5260199,1.475260199,99.97966863,99.97966863
108.839,25038.275,0.1701252813,147.0226963,1.470226963,99.63856185,99.63856185
108.966,25057.75,0.1697876144,146.6059381,1.466059381,99.35612118,99.35612118
109.093,25063.525,0.1696875351,146.4824174,1.464824174,99.27241011,99.27241011
109.22,25065.6125,0.1696513649,146.4377751,1.464377751,99.24215566,99.24215566
109.347,25082.175,0.1693644927,146.0837092,1.460837092,99.00220213,99.00220213
109.474,25101.75,0.1690256864,145.6655448,1.456655448,98.71880845,98.71880845
109.601,25075.1125,0.1694867962,146.2346597,1.462346597,99.10450256,99.10450256
109.728,25074.4875,0.1694976211,146.2480202,1.462480202,99.11355708,99.11355708
109.855,25094.35,0.1691537354,145.8235865,1.458235865,98.82591468,98.82591468
109.982,25047.1125,0.1699720199,146.8335367,1.468335367,99.51036676,99.51036676
110.109,25066.6875,0.1696327395,146.4147871,1.464147871,99.22657651,99.22657651
110.236,25048.75,0.1699436281,146.7984947,1.467984947,99.48661846,99.48661846
110.363,25027.725,0.170308312,147.248598,1.47248598,99.7916574,99.7916574
110.49,25012.125,0.1705790959,147.5828073,1.475828073,100.018154,100.018154
110.617,24960.8,0.1714711859,148.6838503,1.486838503,100.7643404,100.7643404
110.744,24908.525,0.1723816755,149.8076028,1.498076028,101.5259172,101.5259172
110.871,24990.925,0.1709473552,148.0373235,1.480373235,100.3261835,100.3261835
110.998,24990.8125,0.1709493102,148.0397364,1.480397364,100.3278188,100.3278188
111.125,25004.55,0.1707106433,147.7451668,1.477451668,100.1281864,100.1281864
111.252,25000.95,0.1707731748,147.822345,1.47822345,100.1804908,100.1804908
111.379,25033.575,0.1702068115,147.1233232,1.471233232,99.70675759,99.70675759
111.506,25084.9375,0.169316663,146.0246765,1.460246765,98.96219512,98.96219512
111.633,25037.1375,0.1701450119,147.0470484,1.470470484,99.65506549,99.65506549
111.76,25059.125,0.1697637839,146.5765258,1.465765258,99.33618822,99.33618822
111.887,25021.4875,0.1704165619,147.3822032,1.473822032,99.88220279,99.88220279
112.014,25009.2625,0.1706288014,147.6441552,1.476441552,100.05973,100.05973
112.141,25014.3375,0.1705406812,147.5353948,1.475353948,99.98602206,99.98602206
112.268,25056.1,0.1698162127,146.6412349,1.466412349,99.38004217,99.38004217
112.395,25031.725,0.1702389074,147.1629369,1.471629369,99.7336041,99.7336041
112.522,25017.875,0.1704792681,147.4595969,1.474595969,99.93465322,99.93465322
112.649,24994.075,0.1708926177,147.9697649,1.479697649,100.2803985,100.2803985
112.776,24989.175,0.1709777679,148.0748597,1.480748597,100.3516222,100.3516222
112.903,25047.825,0.169959666,146.8182891,1.468182891,99.50003334,99.50003334
113.03,24953.75,0.1715938666,148.8352664,1.488352664,100.8669564,100.8669564
113.157,25019.6625,0.1704482393,147.4213004,1.474213004,99.90869929,99.90869929
113.284,24990.1125,0.1709614751,148.0547507,1.480547507,100.3379941,100.3379941
113.411,24993.6,0.1709008713,147.9799517,1.479799517,100.2873022,100.2873022
113.538,25014.1125,0.1705445876,147.5402162,1.475402162,99.98928958,99.98928958
113.665,24961.3625,0.171461399,148.6717711,1.486717711,100.7561542,100.7561542
113.792,25023.8875,0.1703749074,147.330792,1.47330792,99.84736101,99.84736101
113.919,25007.6,0.1706576722,147.6797884,1.476797884,100.0838789,100.0838789
114.046,24962.075,0.1714490026,148.6564711,1.486564711,100.7457853,100.7457853
114.173,24957.375,0.1715307817,148.7574053,1.487574053,100.8141892,100.8141892
114.3,24965.175,0.1713950716,148.589908,1.48589908,100.7006748,100.7006748
114.427,24933.825,0.1719407793,149.263436,1.49263436,101.1571307,101.1571307
114.554,24931.6375,0.1719788826,149.3104642,1.493104642,101.1890021,101.1890021
114.681,24973.4,0.171252013,148.4133409,1.484133409,100.5810138,100.5810138
114.808,24982.05,0.1711016131,148.227713,1.48227713,100.4552122,100.4552122
114.935,25034.8125,0.1701853433,147.0968265,1.470968265,99.68880055,99.68880055
115.062,24989.3125,0.1709753783,148.0719104,1.480719104,100.3496234,100.3496234
115.189,24996.7625,0.1708459224,147.9121323,1.479121323,100.2413404,100.2413404
115.316,25030.7,0.1702566912,147.1848862,1.471848862,99.74847938,99.74847938
115.443,25015.45,0.1705213666,147.5115561,1.475115561,99.96986641,99.96986641
115.57,25073.6875,0.1695114775,146.2651221,1.462651221,99.1251472,99.1251472
115.697,25014.2375,0.1705424174,147.5375376,1.475375376,99.98747429,99.98747429
115.824,25023.8625,0.1703753413,147.3313275,1.473313275,99.84772393,99.84772393
115.951,25059.725,0.1697533855,146.5636919,1.465636919,99.32749055,99.32749055
116.078,25066.8875,0.1696292744,146.4105104,1.464105104,99.22367814,99.22367814
116.205,24998,0.1708244226,147.8855966,1.478855966,100.2233569,100.2233569
116.332,25004.05,0.1707193277,147.7558854,1.477558854,100.1354505,100.1354505
116.459,25018.525,0.1704679846,147.4456706,1.474456706,99.92521522,99.92521522
116.586,25015.65,0.1705178944,147.5072706,1.475072706,99.9669621,99.9669621
116.713,25054.8625,0.1698376626,146.6677091,1.466677091,99.39798395,99.39798395
116.84,25058.75,0.169770283,146.5845472,1.465845472,99.34162438,99.34162438
116.967,25109.475,0.168892054,145.5006118,1.455006118,98.6070319,98.6070319
117.094,25034.8,0.1701855601,147.0970942,1.470970942,99.68898193,99.68898193
117.221,25070.1625,0.1695725374,146.3404839,1.463404839,99.17622056,99.17622056
117.348,24957.0875,0.1715357847,148.76358,1.4876358,100.8183739,100.8183739
117.475,24961.0125,0.1714674886,148.679287,1.48679287,100.7612478,100.7612478
117.602,24932.4625,0.1719645118,149.2927274,1.492927274,101.1769817,101.1769817
117.729,24989.85,0.170966037,148.0603812,1.480603812,100.3418099,100.3418099
117.856,24963.55,0.1714233411,148.6247989,1.486247989,100.7243208,100.7243208
117.983,24976.4375,0.1711991932,148.3481492,1.483481492,100.5368328,100.5368328
118.11,24942.1,0.1717966702,149.0855725,1.490855725,101.036591,101.036591
118.237,24971.425,0.1712863602,148.4557332,1.484557332,100.6097434,100.6097434
118.364,24936.975,0.1718859164,149.1957227,1.491957227,101.1112408,101.1112408
118.491,24954.35,0.1715834243,148.8223782,1.488223782,100.858222,100.858222
118.618,24941.8,0.1718018939,149.0920197,1.490920197,101.0409603,101.0409603
118.745,24970.2625,0.1713065784,148.4806871,1.484806871,100.6266549,100.6266549
118.872,24964.75,0.171402465,148.5990331,1.485990331,100.706859,100.706859
118.999,24913.6,0.172293199,149.6984025,1.496984025,101.4519112,101.4519112
119.126,24931.3875,0.1719832375,149.3158391,1.493158391,101.1926447,101.1926447
119.253,24939.6375,0.1718395497,149.1384955,1.491384955,101.0724574,101.0724574
119.38,24952.9625,0.1716075724,148.8521825,1.488521825,100.8784206,100.8784206
119.507,24929.325,0.1720191669,149.3601842,1.493601842,101.2226978,101.2226978
119.634,24933.4625,0.1719470933,149.271229,1.49271229,101.162412,101.162412
119.761,24948.7125,0.1716815479,148.9434852,1.489434852,100.9402973,100.9402973
119.888,24964.8125,0.1714013777,148.5976911,1.485976911,100.7059496,100.7059496
120.015,24968.275,0.1713411473,148.5233531,1.485233531,100.65557,100.65557
120.142,24956.0625,0.1715536217,148.785595,1.48785595,100.8332937,100.8332937
120.269,24985.0125,0.1710501153,148.1641529,1.481641529,100.412137,100.412137
120.396,24994.2875,0.1708889253,147.9652076,1.479652076,100.27731,100.27731
120.523,25003.2,0.1707340915,147.7741074,1.477741074,100.1477997,100.1477997
120.65,25019.5,0.17045106,147.4247818,1.474247818,99.91105866,99.91105866
120.777,24994.775,0.1708804547,147.954753,1.47954753,100.2702248,100.2702248
120.904,25036.4875,0.170156287,147.0609644,1.470609644,99.66449648,99.66449648
121.031,24979.975,0.1711376869,148.2722364,1.482722364,100.4853861,100.4853861
121.158,25012.1375,0.1705788789,147.5825394,1.475825394,100.0179724,100.0179724
121.285,25013.375,0.1705573923,147.55602,1.4755602,100,100
121.412,25008.3375,0.1706448646,147.6639809,1.476639809,100.073166,100.073166
121.539,24977.8875,0.1711739811,148.3170317,1.483170317,100.5157442,100.5157442
121.666,25027.2375,0.1703167714,147.2590389,1.472590389,99.79873328,99.79873328
121.793,25001.8125,0.1707581925,147.8038534,1.478038534,100.1679588,100.1679588
121.92,25021,0.1704250234,147.3926467,1.473926467,99.88928043,99.88928043
122.047,25022.8875,0.170392263,147.3522127,1.473522127,99.86187801,99.86187801
122.174,24934.675,0.1719259744,149.2451633,1.492451633,101.1447471,101.1447471
122.301,25003.3375,0.1707317032,147.7711596,1.477711596,100.145802,100.145802
122.428,25012.625,0.1705704143,147.5720922,1.475720922,100.0108923,100.0108923
122.555,25059.6125,0.1697553352,146.5660982,1.465660982,99.32912135,99.32912135
122.682,25010.475,0.1706077464,147.6181686,1.476181686,100.0421186,100.0421186
122.809,25046.475,0.1699830737,146.8471797,1.468471797,99.5196127,99.5196127
122.936,25018.3375,0.1704712394,147.4496878,1.474496878,99.92793769,99.92793769
123.063,25040.9875,0.1700782349,146.9646303,1.469646303,99.59921003,99.59921003
123.19,24994.6375,0.1708828438,147.9577017,1.479577017,100.2722232,100.2722232
123.317,24939.0125,0.1718504334,149.1519286,1.491519286,101.0815611,101.0815611
123.444,24991.45,0.1709382318,148.0260631,1.480260631,100.3185523,100.3185523
123.571,24997.8875,0.1708263771,147.8880089,1.478880089,100.2249917,100.2249917
123.698,25005.475,0.1706945776,147.7253381,1.477253381,100.1147483,100.1147483
123.825,25022.75,0.1703946494,147.3551582,1.473551582,99.86387414,99.86387414
123.952,25017.925,0.1704784001,147.4585257,1.474585257,99.93392721,99.93392721
124.079,24970.275,0.171306361,148.4804188,1.484804188,100.6264731,100.6264731
124.206,24964.5375,0.1714061617,148.6035957,1.486035957,100.7099511,100.7099511
124.333,24981.5625,0.171110088,148.238173,1.48238173,100.462301,100.462301
124.46,24938.2,0.1718645828,149.1693921,1.491693921,101.0933963,101.0933963
124.587,24988.3625,0.1709918888,148.0922882,1.480922882,100.3634336,100.3634336
124.714,25022.275,0.1704028936,147.3653333,1.473653333,99.87076996,99.87076996
124.841,25049.95,0.169922823,146.7728165,1.467728165,99.46921611,99.46921611
124.968,25022.4125,0.1704005071,147.3623879,1.473623879,99.86877379,99.86877379
125.095,25040.325,0.170089725,146.9788117,1.469788117,99.60882091,99.60882091
125.222,25028.175,0.1703005034,147.2389604,1.472389604,99.78512594,99.78512594
125.349,24994.4375,0.1708863189,147.9619908,1.479619908,100.2751299,100.2751299
125.476,24974.225,0.1712376663,148.3956337,1.483956337,100.5690135,100.5690135
125.603,25005.225,0.1706989196,147.7306972,1.477306972,100.1183802,100.1183802
125.73,25004.3125,0.1707147683,147.7502581,1.477502581,100.1316368,100.1316368
125.857,25001.4375,0.1707647065,147.8118932,1.478118932,100.1734075,100.1734075
125.984,25014.6375,0.1705354727,147.5289663,1.475289663,99.98166541,99.98166541
126.111,24949.4375,0.1716689277,148.927909,1.48927909,100.9297411,100.9297411
126.238,25006.9875,0.1706683093,147.6929171,1.476929171,100.0927763,100.0927763
126.365,24994.9,0.1708782828,147.9520723,1.479520723,100.2684081,100.2684081
126.492,24988.9,0.1709825472,148.0807585,1.480807585,100.3556198,100.3556198
126.619,25028.45,0.1702957316,147.2330709,1.472330709,99.78113455,99.78113455
126.746,25010.5,0.1706073123,147.6176328,1.476176328,100.0417555,100.0417555
126.873,25004.3625,0.1707138999,147.7491863,1.477491863,100.1309104,100.1309104
127,25021.775,0.1704115718,147.3760443,1.473760443,99.87802886,99.87802886
127.127,25047.925,0.1699579321,146.8161492,1.468161492,99.49858306,99.49858306
127.254,25051.9625,0.1698879334,146.7297547,1.467297547,99.4400328,99.4400328
127.381,25066.7,0.1696325229,146.4145198,1.464145198,99.22639536,99.22639536
127.508,25028.175,0.1703005034,147.2389604,1.472389604,99.78512594,99.78512594
127.635,25067.3875,0.1696206118,146.3998187,1.463998187,99.2164323,99.2164323
127.762,25068.8625,0.1695950581,146.3682796,1.463682796,99.19505794,99.19505794
127.889,25060.85,0.1697338893,146.5396291,1.465396291,99.31118297,99.31118297
128.016,25060.325,0.1697429874,146.5508582,1.465508582,99.31879308,99.31879308
128.143,25112.2875,0.1688434116,145.4405759,1.454405759,98.56634509,98.56634509
128.27,25176.9875,0.1677259221,144.0613383,1.440613383,97.63162376,97.63162376
128.397,25133.1,0.1684836271,144.9965196,1.449965196,98.26540429,98.26540429
128.524,25166.0625,0.1679144155,144.2939823,1.442939823,97.78928863,97.78928863
128.651,25160.0125,0.1680188338,144.4228584,1.444228584,97.87662906,97.87662906
128.778,25139.55,0.1683721868,144.8589768,1.448589768,98.17219033,98.17219033
128.905,25143.125,0.1683104318,144.7827571,1.447827571,98.12053553,98.12053553
129.032,25154.85,0.1681079544,144.5328536,1.445328536,97.95117377,97.95117377
129.159,25130.35,0.1685311491,145.0551727,1.450551727,98.30515394,98.30515394
129.286,25125.775,0.16861022,145.1527642,1.451527642,98.37129256,98.37129256
129.413,25162.125,0.1679823708,144.3778548,1.443778548,97.84612971,97.84612971
129.54,25131.2125,0.1685162439,145.0367763,1.450367763,98.29268654,98.29268654
129.667,25118.5375,0.1687353369,145.307187,1.45307187,98.47594628,98.47594628
129.794,25114.125,0.1688116348,145.4013561,1.454013561,98.53976551,98.53976551
129.921,25125.15,0.1686210231,145.1660977,1.451660977,98.38032883,98.38032883
130.048,25109.3375,0.1688944322,145.503547,1.45503547,98.60902115,98.60902115
130.175,25110.0375,0.168882325,145.4886041,1.454886041,98.59889417,98.59889417
130.302,25118.325,0.168739011,145.3117217,1.453117217,98.47901947,98.47901947
130.429,25149.7375,0.1681962299,144.6418057,1.446418057,98.02501156,98.02501156
130.556,25073.075,0.1695220866,146.2782161,1.462782161,99.13402113,99.13402113
130.683,25106.1625,0.1689493509,145.5713292,1.455713292,98.65495776,98.65495776
130.81,25109.15,0.1688976752,145.5075497,1.455075497,98.61173378,98.61173378
130.937,25098.725,0.1690780262,145.730144,1.45730144,98.76258792,98.76258792
131.064,25100.1875,0.1690527206,145.6989112,1.456989112,98.74142115,98.74142115
131.191,25129.675,0.1685428144,145.0695703,1.450695703,98.31491134,98.31491134
131.318,25146.6625,0.1682493333,144.7073475,1.447073475,98.06942979,98.06942979
131.445,25116.9625,0.1687625692,145.3407979,1.453407979,98.49872466,98.49872466
131.572,25103.325,0.1689984376,145.6319135,1.456319135,98.69601626,98.69601626
131.699,25152.775,0.1681437804,144.5770711,1.445770711,97.98114035,97.98114035
131.826,25108.6625,0.1689061072,145.5179567,1.455179567,98.61878671,98.61878671
131.953,24818.775,0.1739493445,151.7873854,1.517873854,102.8676332,102.8676332
132.08,25194.5,0.1674239424,143.6886264,1.436886264,97.37903362,97.37903362
132.207,25131.5125,0.1685110596,145.0303776,1.450303776,98.28835015,98.28835015
132.334,25156.625,0.1680773104,144.4950319,1.444950319,97.92554166,97.92554166
132.461,25165.3125,0.1679273586,144.309957,1.44309957,97.80011482,97.80011482
132.588,25163.975,0.1679504413,144.3384464,1.443384464,97.81942232,97.81942232
132.715,25188.575,0.1675260876,143.8146969,1.438146969,97.46447273,97.46447273
132.842,25243.8375,0.1665743105,142.6399863,1.426399863,96.6683611,96.6683611
132.969,25239.65,0.1666463581,142.7289095,1.427289095,96.72862517,96.72862517
133.096,25229.1625,0.1668268523,142.9516806,1.429516806,96.87959908,96.87959908
133.223,25227.5375,0.1668548259,142.9862065,1.429862065,96.90299756,96.90299756
133.35,25238.5625,0.166665071,142.7520055,1.427520055,96.74427748,96.74427748
133.477,25245.4375,0.166546785,142.6060135,1.426060135,96.64533747,96.64533747
133.604,25164.9,0.1679344774,144.3187433,1.443187433,97.80606936,97.80606936
133.731,25241.0625,0.1666220541,142.6989129,1.426989129,96.70829617,96.70829617
133.858,25226.3625,0.1668750541,143.0111727,1.430111727,96.91991739,96.91991739
133.985,25183.4375,0.167614676,143.9240353,1.439240353,97.53857227,97.53857227
134.112,25217.5,0.1670276568,143.1995194,1.431995194,97.04756155,97.04756155
134.239,25197.7125,0.1673685699,143.6202841,1.436202841,97.33271744,97.33271744
134.366,25215.825,0.1670565046,143.2351241,1.432351241,97.07169115,97.07169115
134.493,25204.6,0.1672498768,143.4737896,1.434737896,97.2334369,97.2334369
134.62,25203.5125,0.1672686157,143.4969177,1.434969177,97.24911097,97.24911097
134.747,25212.5625,0.1671126985,143.3044803,1.433044803,97.11869446,97.11869446
134.874,25256.3875,0.1663584542,142.3735702,1.423735702,96.48780863,96.48780863
135.001,25236.85,0.1666945399,142.7883769,1.427883769,96.76892673,96.76892673
135.128,25266.9125,0.16617751,142.1502437,1.421502437,96.33645829,96.33645829
135.255,25268.9,0.1661433496,142.108082,1.42108082,96.30788496,96.30788496
135.382,25225.5875,0.1668883967,143.0276405,1.430276405,96.93107772,96.93107772
135.509,25261.0625,0.166278073,142.2743615,1.422743615,96.42057397,96.42057397
135.636,25259.375,0.1663070859,142.31017,1.4231017,96.44484173,96.44484173
135.763,25242.3125,0.1666005473,142.6723686,1.426723686,96.69030686,96.69030686
135.89,25202.375,0.167288217,143.5211101,1.435211101,97.26550641,97.26550641
136.017,25221.5625,0.1669576983,143.1131745,1.431131745,96.98904491,96.98904491
136.144,25224.2625,0.166911209,143.0557961,1.430557961,96.95015906,96.95015906
136.271,25245.1875,0.1665510857,142.6113216,1.426113216,96.64893481,96.64893481
136.398,25294.3875,0.1657055188,141.5676987,1.415676987,95.94166249,95.94166249
136.525,25274.0625,0.1660546312,141.9985832,1.419985832,96.23367667,96.23367667
136.652,25275.5625,0.1660288569,141.9667718,1.419667718,96.21211779,96.21211779
136.779,25350.3625,0.1647455124,140.3828312,1.403828312,95.13866747,95.13866747
136.906,25284.15,0.1658813282,141.7846877,1.417846877,96.08871779,96.08871779
137.033,25299.45,0.1656186065,141.460429,1.41460429,95.86896483,95.86896483
137.16,25304.425,0.1655332132,141.3550341,1.413550341,95.79753785,95.79753785
137.287,25341.2,0.1649025098,140.576602,1.40576602,95.2699876,95.2699876
137.414,25296.2375,0.1656737563,141.5284964,1.415284964,95.91509475,95.91509475
137.541,25369.675,0.1644147826,139.9746351,1.399746351,94.86202939,94.86202939
137.668,25283.975,0.1658843341,141.7883977,1.417883977,96.09123207,96.09123207
137.795,25330.825,0.1650803518,140.7960996,1.407960996,95.41874304,95.41874304
137.922,25311.1,0.1654186667,141.2136576,1.412136576,95.70172571,95.70172571
138.049,25331,0.1650773514,140.7923965,1.407923965,95.41623341,95.41623341
138.176,25324,0.1651973815,140.940541,1.40940541,95.51663226,95.51663226
138.303,25349.5625,0.164759218,140.399747,1.40399747,95.15013145,95.15013145
138.43,25346.7,0.1648082617,140.4602783,1.404602783,95.19115399,95.19115399
138.557,25328.5,0.1651202155,140.8453006,1.408453006,95.45208696,95.45208696
138.684,25316.2875,0.1653296673,141.103812,1.41103812,95.62728241,95.62728241
138.811,25324.65,0.1651862344,140.926783,1.40926783,95.50730834,95.50730834
138.938,25391.45,0.164042184,139.5147632,1.395147632,94.55037018,94.55037018
139.065,25154.0625,0.1681215507,144.5496345,1.445496345,97.96254634,97.96254634
139.192,25146.95,0.1682443681,144.7012193,1.447012193,98.06527664,98.06527664
139.319,25170.8125,0.1678324518,144.1928204,1.441928204,97.72073028,97.72073028
139.446,25080.3875,0.1693954441,146.1219104,1.461219104,99.02809138,99.02809138
139.573,25292.2875,0.1657415765,141.6122021,1.416122021,95.97182283,95.97182283
139.7,25318.4125,0.165293215,141.0588215,1.410588215,95.59679197,95.59679197
139.827,25299.025,0.1656259021,141.4694335,1.414694335,95.87506729,95.87506729
139.954,25333.95,0.1650267773,140.7299764,1.407299764,95.37393078,95.37393078
140.081,25309.15,0.1654521266,141.2549547,1.412549547,95.72971316,95.72971316
140.208,25325.4875,0.1651718723,140.9090569,1.409090569,95.49529518,95.49529518
140.335,25305.9375,0.1655072552,141.3229961,1.413229961,95.77582539,95.77582539
140.462,25359.5625,0.1645879295,140.1883379,1.401883379,95.00685761,95.00685761
140.589,25356.425,0.164641664,140.2546585,1.402546585,95.0518037,95.0518037
140.716,25351.025,0.1647341628,140.3688232,1.403688232,95.12917413,95.12917413
140.843,25340.625,0.1649123642,140.5887646,1.405887646,95.27823028,95.27823028
140.97,25329.2625,0.1651071415,140.8291643,1.408291643,95.44115125,95.44115125
141.097,25322.275,0.1652269654,140.9770544,1.409770544,95.54137766,95.54137766
141.224,25331.1,0.165075637,140.7902804,1.407902804,95.41479934,95.41479934
141.351,25365.2875,0.1644898972,140.0673436,1.400673436,94.92485877,94.92485877
141.478,25399.5625,0.1639034503,139.343534,1.39343534,94.43432667,94.43432667
141.605,25374.375,0.1643343325,139.8753412,1.398753412,94.79473703,94.79473703
141.732,25419.525,0.1635622555,138.9224216,1.389224216,94.14893513,94.14893513
141.859,25436.5875,0.1632708392,138.5627472,1.385627472,93.90518069,93.90518069
141.986,25446.175,0.1631071767,138.3607504,1.383607504,93.76828566,93.76828566
142.113,25448.275,0.1630713371,138.3165161,1.383165161,93.73830771,93.73830771
142.24,25466.2375,0.1627649013,137.9383042,1.379383042,93.48199023,93.48199023
142.367,25455.7,0.1629446422,138.1601457,1.381601457,93.63233409,93.63233409
142.494,25476.5875,0.162588431,137.7204995,1.377204995,93.33438208,93.33438208
142.621,25489.2875,0.1623719905,137.4533624,1.374533624,93.15334095,93.15334095
142.748,25462,0.1628371725,138.0275035,1.380275035,93.54244131,93.54244131
142.875,25447.95,0.1630768835,138.3233617,1.383233617,93.74294699,93.74294699
143.002,25511.45,0.1619945429,136.9875058,1.369875058,92.83762587,92.83762587
143.129,25482.275,0.1624914881,137.6008498,1.376008498,93.25329444,93.25329444
143.256,25493.65,0.1622976672,137.3616305,1.373616305,93.09117342,93.09117342
143.383,25574.7,0.1609191383,135.6602107,1.356602107,91.93810636,91.93810636
143.51,25569.625,0.1610053276,135.7665879,1.357665879,92.01019912,92.01019912
143.637,25564.1125,0.1610989663,135.8821594,1.358821594,92.08852297,92.08852297
143.764,25640.4125,0.1598046786,134.2847124,1.342847124,91.00591923,91.00591923
143.891,25595.9625,0.1605582211,135.2147563,1.352147563,91.63621804,91.63621804
144.018,25581.9375,0.1607962528,135.5085418,1.355085418,91.83531903,91.83531903
144.145,25537.625,0.1615491809,136.4378273,1.364378273,92.46510393,92.46510393
144.272,25566.05,0.1610660524,135.8415362,1.358415362,92.06099226,92.06099226
144.399,25574.0125,0.1609308132,135.6746201,1.356746201,91.94787179,91.94787179
144.526,25629.0375,0.1599973898,134.5225622,1.345225622,91.16711207,91.16711207
144.653,25625.225,0.160061999,134.6023047,1.346023047,91.22115425,91.22115425
144.78,25663.7875,0.1594089357,133.7962753,1.337962753,90.67490113,90.67490113
144.907,25676.275,0.1591976679,133.5355224,1.335355224,90.49818666,90.49818666
145.034,25791.6625,0.1572503492,131.1320859,1.311320859,88.86935675,88.86935675
145.161,25740.3375,0.1581154494,132.1998173,1.321998173,89.59296767,89.59296767
145.288,25719.875,0.1584608328,132.6260994,1.326260994,89.88186275,89.88186275
145.415,25756.175,0.1578483191,131.8701175,1.318701175,89.3695272,89.3695272
145.542,25758.325,0.1578120678,131.8253751,1.318253751,89.33920491,89.33920491
145.669,25784.1875,0.1573762357,131.2874586,1.312874586,88.97465419,88.97465419
145.796,25814.8375,0.1568602908,130.6506646,1.306506646,88.54309334,88.54309334
145.923,25858.8875,0.1561198496,129.7367908,1.297367908,87.92375315,87.92375315
146.05,25887.7,0.1556362192,129.1398803,1.291398803,87.51922171,87.51922171
146.177,25886.4125,0.155657819,129.1665394,1.291665394,87.53728878,87.53728878
146.304,25953.75,0.1545295694,127.7740214,1.277740214,86.5935672,86.5935672
146.431,25966.0125,0.1543244245,127.5208257,1.275208257,86.42197429,86.42197429
146.558,26013.125,0.1535371585,126.5491594,1.265491594,85.76346757,85.76346757
146.685,26071.3125,0.1525667911,125.3515041,1.253515041,84.95180614,84.95180614
146.812,26113.3125,0.1518677203,124.4886909,1.244886909,84.36707015,84.36707015
146.939,26161.55,0.1510662152,123.4994503,1.234994503,83.69665314,83.69665314
147.066,26217.5625,0.1501373743,122.3530483,1.223530483,82.91972653,82.91972653
147.193,26215.6125,0.1501696773,122.3929176,1.223929176,82.94674629,82.94674629
147.32,26194.75,0.1505154284,122.8196535,1.228196535,83.23594891,83.23594891
147.447,26289.4125,0.1489488055,120.8860825,1.208860825,81.92555104,81.92555104
147.574,26299.425,0.148783433,120.681975,1.20681975,81.78722563,81.78722563
147.701,26275.475,0.1491791105,121.1703316,1.211703316,82.11818913,82.11818913
147.828,26232.1875,0.1498951785,122.0541232,1.220541232,82.71714238,82.71714238
147.955,26350.8125,0.1479356756,119.6356485,1.196356485,81.07812103,81.07812103
148.082,26440.475,0.1464604334,117.8148623,1.178148623,79.84415838,79.84415838
148.209,26416.775,0.1468498892,118.2955398,1.182955398,80.16991768,80.16991768
148.336,26528.7625,0.1450126946,116.0280216,1.160280216,78.63320086,78.63320086
148.463,26595,0.1439296917,114.6913483,1.146913483,77.72732572,77.72732572
148.59,26613.7125,0.1436242253,114.314333,1.14314333,77.47181914,77.47181914
148.717,26674.725,0.1426297355,113.0869052,1.130869052,76.63998061,76.63998061
148.844,26638.1875,0.1432250148,113.821616,1.13821616,77.13790053,77.13790053
148.971,26792.2375,0.140720702,110.7307212,1.107307212,75.04317423,75.04317423
149.098,26778.175,0.1409487109,111.0121364,1.110121364,75.23389173,75.23389173
149.225,26815.8,0.1403389285,110.2595254,1.102595254,74.72384072,74.72384072
149.352,26845.4875,0.1398583914,109.6664328,1.096664328,74.32189668,74.32189668
149.479,26881.0375,0.1392836596,108.9570823,1.089570823,73.84116369,73.84116369
149.606,26980.325,0.1376825095,106.980897,1.06980897,72.50188567,72.50188567
149.733,27026.1625,0.1369453026,106.071015,1.06071015,71.88525077,71.88525077
149.86,27066.825,0.1362923713,105.2651485,1.052651485,71.33910799,71.33910799
149.987,27138.4875,0.1351440467,103.8478533,1.038478533,70.37859473,70.37859473
150.114,27181.725,0.134452672,102.9945388,1.029945388,69.80029603,69.80029603
150.241,27245.525,0.1334345055,101.7378885,1.017378885,68.9486532,68.9486532
150.368,27350.4375,0.1317654086,99.77761408,0.9977761408,67.62015813,67.62015813
150.495,27407.075,0.1308669981,99.01217992,0.9901217992,67.10141673,67.10141673
150.622,27413.8,0.1307604463,98.92139919,0.9892139919,67.03989384,67.03989384
150.749,27508.2875,0.1292661317,97.64826238,0.9764826238,66.17707794,66.17707794
150.876,27572.2,0.1282582663,96.78957408,0.9678957408,65.59513739,65.59513739
151.003,27648.275,0.1270616459,95.77006893,0.9577006893,64.90420988,64.90420988
151.13,27690.8125,0.1263939874,95.20123254,0.9520123254,64.51870449,64.51870449
151.257,27769.8625,0.125155957,94.14644657,0.9414644657,63.80386686,63.80386686
151.384,27812.425,0.1244908291,93.57976627,0.9357976627,63.41982268,63.41982268
151.511,27902.0875,0.12309299,92.38882537,0.9238882537,62.61271166,62.61271166
151.638,27973.025,0.1219902529,91.44930755,0.9144930755,61.97599225,61.97599225
151.765,28072.3875,0.1204503363,90.13731847,0.9013731847,61.08684583,61.08684583
151.892,28113.8875,0.1198087837,89.59072397,0.8959072397,60.71641397,60.71641397
152.019,28256.225,0.1176155462,87.72211393,0.8772211393,59.45004067,59.45004067
152.146,28274.925,0.1173282247,87.47731973,0.8747731973,59.28414151,59.28414151
152.273,28352.5375,0.1161377528,86.46305303,0.8646305303,58.59676413,58.59676413
152.4,28428.55,0.1149749773,85.4723833,0.854723833,57.92537863,57.92537863
152.527,28494.85,0.1139633112,84.61045683,0.8461045683,57.34124355,57.34124355
152.654,28599.425,0.1123723847,83.25500802,0.8325500802,56.42264409,56.42264409
152.781,28616.975,0.1121059622,83.02801948,0.8302801948,56.26881198,56.26881198
152.908,28641.8,0.1117293785,82.70717502,0.8270717502,56.05137289,56.05137289
153.035,28761.55,0.1099173993,81.16339208,0.8116339208,55.00513774,55.00513774
153.162,28854.5375,0.1085155688,79.96905061,0.7996905061,54.19572213,54.19572213
153.289,28904.825,0.107759342,79.32475513,0.7932475513,53.75907747,53.75907747
153.416,28996.9,0.1063781155,78.14796799,0.7814796799,52.96155858,52.96155858
153.543,29059.45,0.1054422961,77.3506619,0.773506619,52.4212173,52.4212173
153.67,29188.0375,0.1035247908,75.71697215,0.7571697215,51.31405152,51.31405152
153.797,29241.5875,0.10272874,75.03874711,0.7503874711,50.8544125,50.8544125
153.924,29330.5125,0.1014100347,73.9152273,0.739152273,50.09299334,50.09299334
154.051,29375.4625,0.1007449733,73.34860351,0.7334860351,49.70898747,49.70898747
154.178,29441.775,0.09976569693,72.51427269,0.7251427269,49.14355421,49.14355421
154.305,29515.1,0.09868542735,71.59389695,0.7159389695,48.51980755,48.51980755
154.432,29609.5375,0.09729806256,70.41188006,0.7041188006,47.7187444,47.7187444
154.559,29688.475,0.09614179646,69.42675626,0.6942675626,47.05111743,47.05111743
154.686,29793.65,0.09460597474,68.11825598,0.6811825598,46.16433539,46.16433539
154.813,29862.0375,0.09361024984,67.26991121,0.6726991121,45.58940475,45.58940475
154.94,29947.2,0.09237346333,66.21618507,0.6621618507,44.87528536,44.87528536
155.067,30044.8,0.09096036896,65.0122469,0.650122469,44.05936598,44.05936598
155.194,30171.1375,0.08913800226,63.45961399,0.6345961399,43.00713313,43.00713313
155.321,30167.3375,0.08919270431,63.50621943,0.6350621943,43.03871804,43.03871804
155.448,30291.6875,0.0874062185,61.98415657,0.6198415657,42.00720279,42.00720279
155.575,30357.85,0.08645867558,61.17686223,0.6117686223,41.46009239,41.46009239
155.702,30453.55,0.08509176029,60.01226804,0.6001226804,40.67083676,40.67083676
155.829,30511.4125,0.08426737294,59.30990066,0.5930990066,40.19483627,40.19483627
155.956,30607.4625,0.08290236027,58.14692748,0.5814692748,39.40667921,39.40667921
156.083,30672.9375,0.08197431665,57.35624629,0.5735624629,38.87082769,38.87082769
156.21,30752.1,0.08085490811,56.40252466,0.5640252466,38.22448223,38.22448223
156.337,30890.2625,0.07890808747,54.7438586,0.547438586,37.10038979,37.10038979
156.464,30958.975,0.07794311286,53.92171268,0.5392171268,36.54321435,36.54321435
156.591,31025.45,0.07701159702,53.12807321,0.5312807321,36.00535796,36.00535796
156.718,31104.275,0.07590960338,52.18918885,0.5218918885,35.36906785,35.36906785
156.845,31160.45,0.07512596548,51.52153948,0.5152153948,34.91659606,34.91659606
156.972,31336.375,0.0726809306,49.55061185,0.4955061185,33.58088124,33.58088124
157.099,31360.875,0.07234151491,49.3192134,0.493192134,33.42406049,33.42406049
157.226,31478.5125,0.07071548452,48.21065851,0.4821065851,32.67278319,32.67278319
157.353,31495.9625,0.07047480164,48.04657168,0.4804657168,32.56158011,32.56158011
157.48,31647.6625,0.06838804784,46.62391615,0.4662391615,31.59743407,31.59743407
157.607,31701.975,0.06764336719,46.11622614,0.4611622614,31.25336813,31.25336813
157.734,31800.3375,0.06629795712,45.19898566,0.4519898566,30.63174627,30.63174627
157.861,31870.2125,0.06534472713,44.54911603,0.4454911603,30.19132396,30.19132396
157.988,31872.6875,0.06531100168,44.52612353,0.4452612353,30.17574174,30.17574174
158.115,31958.8125,0.06413905257,43.72714097,0.4372714097,29.6342643,29.6342643
158.242,32006.5125,0.0634913313,43.28555355,0.4328555355,29.33499666,29.33499666
158.369,32121.9625,0.06192761558,42.21948202,0.4221948202,28.6125107,28.6125107
158.496,32190.65,0.06099994021,41.58703439,0.4158703439,28.18389543,28.18389543
158.623,32219.225,0.06061459663,41.32432435,0.4132432435,28.00585455,28.00585455
158.75,32365.8,0.0586433402,39.98040977,0.3998040977,27.09507193,27.09507193
158.877,32424.05,0.0578624259,39.44801728,0.3944801728,26.73426491,26.73426491
159.004,32459.2375,0.05739137274,39.12687429,0.3912687429,26.5166235,26.5166235
159.131,32559.1625,0.05605646108,38.21679114,0.3821679114,25.89985223,25.89985223
159.258,32586.7125,0.05568913732,37.96636622,0.3796636622,25.73013707,25.73013707
159.385,32674.975,0.05451442237,37.16549803,0.3716549803,25.18738173,25.18738173
159.512,32738.025,0.05367721033,36.59472426,0.3659472426,24.80056337,24.80056337
159.639,32748.4875,0.05353843959,36.50011657,0.3650011657,24.73644692,24.73644692
159.766,32859.5625,0.0520679095,35.49757485,0.3549757485,24.05701566,24.05701566
159.893,32916.3875,0.05131752003,34.98599283,0.3498599283,23.71031207,23.71031207
160.02,32963.2125,0.05070015616,34.56510171,0.3456510171,23.42507049,23.42507049
160.147,33052.0875,0.04953079253,33.76788183,0.3376788183,22.88478763,22.88478763
160.274,33126.35,0.04855610021,33.10338014,0.3310338014,22.43444905,22.43444905
160.401,33223.875,0.04727940221,32.23298447,0.3223298447,21.84457433,21.84457433
160.528,33325.175,0.04595724764,31.33159855,0.3133159855,21.23369724,21.23369724
160.655,33330.8875,0.04588280859,31.28084933,0.3128084933,21.19930405,21.19930405
160.782,33405.025,0.04491788523,30.62300768,0.3062300768,20.75347903,20.75347903
160.909,33469.8375,0.04407608253,30.04910421,0.3004910421,20.36453965,20.36453965
161.036,33538.2375,0.0431894505,29.44463809,0.2944463809,19.9548877,19.9548877
161.163,33553.6,0.04299056344,29.30904578,0.2930904578,19.86299561,19.86299561
161.29,33579.075,0.04266095785,29.08433541,0.2908433541,19.71070743,19.71070743
161.417,33664.3375,0.04155961419,28.3334885,0.283334885,19.20185194,19.20185194
161.544,33697.5,0.04113200436,28.04196322,0.2804196322,19.00428272,19.00428272
161.671,33766.8125,0.04023962005,27.43357546,0.2743357546,18.59197304,18.59197304
161.798,33739.6,0.04058975684,27.67228308,0.2767228308,18.75374727,18.75374727
161.925,33867.875,0.03894173814,26.54873755,0.2654873755,17.99231068,17.99231068
162.052,33960.625,0.03775401208,25.73899898,0.2573899898,17.4435438,17.4435438
162.179,33954.3,0.03783490484,25.79414805,0.2579414805,17.4809188,17.4809188
162.306,34034.0625,0.03681589428,25.09943217,0.2509943217,17.0101038,17.0101038
162.433,34066.675,0.03639993903,24.81585246,0.2481585246,16.81791936,16.81791936
162.56,34072.075,0.0363311033,24.76892333,0.2476892333,16.78611508,16.78611508
162.687,34147.45,0.03537140855,24.11464632,0.2411464632,16.34270585,16.34270585
162.814,34225.45,0.03438051935,23.43910233,0.2343910233,15.8848838,15.8848838
162.941,34202.825,0.03466770803,23.63489474,0.2363489474,16.01757403,16.01757403
163.068,34243.6,0.03415027093,23.28212924,0.2328212924,15.77850178,15.77850178
163.195,34323.5625,0.03313732867,22.59155046,0.2259155046,15.31049052,15.31049052
163.322,34393.3375,0.03225536491,21.99026696,0.2199026696,14.90299545,14.90299545
163.449,34406.4875,0.03208934784,21.87708394,0.2187708394,14.82629034,14.82629034
163.576,34420.9375,0.0319069916,21.7527616,0.217527616,14.742036,14.742036
163.703,34488.4375,0.03105616726,21.17270757,0.2117270757,14.34892833,14.34892833
163.83,34498.55,0.03092884461,21.08590467,0.2108590467,14.29010126,14.29010126
163.957,34508.5375,0.03080313241,21.00019972,0.2100019972,14.23201826,14.23201826
164.084,34533,0.0304953777,20.7903863,0.207903863,14.08982588,14.08982588
164.211,34588.05,0.02980360823,20.31876877,0.2031876877,13.77020657,13.77020657
164.338,34642.7,0.02911795342,19.85131995,0.1985131995,13.45341244,13.45341244
164.465,34614.3625,0.02947334881,20.09361266,0.2009361266,13.61761631,13.61761631
164.592,34637.7875,0.02917954281,19.89330885,0.1989330885,13.48186868,13.48186868
164.719,34680.4875,0.02864449266,19.52853556,0.1952853556,13.23465864,13.23465864
164.846,34695.375,0.02845810048,19.40146169,0.1940146169,13.14853958,13.14853958
164.973,34691.4875,0.02850676444,19.43463861,0.1943463861,13.17102386,13.17102386
165.1,34752.5625,0.02774285328,18.91383811,0.1891383811,12.81807282,12.81807282
165.227,34761.9625,0.02762539961,18.83376344,0.1883376344,12.76380552,12.76380552
165.354,34786.5,0.02731895139,18.62484073,0.1862484073,12.62221679,12.62221679
165.481,34803.2375,0.02711004116,18.48241507,0.1848241507,12.52569367,12.52569367
165.608,34803.0625,0.02711222491,18.48390385,0.1848390385,12.52670264,12.52670264
165.735,34882.8875,0.02611725901,17.80558054,0.1780558054,12.06699702,12.06699702
165.862,34962.3,0.02512969131,17.132301,0.17132301,11.61070961,11.61070961
165.989,34944.225,0.02535427329,17.28541097,0.1728541097,11.71447357,11.71447357
166.116,34993.7125,0.0247396669,16.86639978,0.1686639978,11.43050604,11.43050604
166.243,35010.6,0.02453013272,16.72354874,0.1672354874,11.33369464,11.33369464
166.37,35000.8375,0.02465125007,16.80612113,0.1680612113,11.38965467,11.38965467
166.497,35034.7875,0.02423019867,16.5190671,0.165190671,11.19511566,11.19511566
166.624,35051.7875,0.0240195162,16.37543321,0.1637543321,11.09777371,11.09777371
166.751,35072.7,0.0237604859,16.19883792,0.1619883792,10.97809355,10.97809355
166.878,35178.0375,0.02245807881,15.31091494,0.1531091494,10.37634041,10.37634041
167.005,35147.575,0.02283432001,15.56741938,0.1556741938,10.55017571,10.55017571
167.132,35043.325,0.02412437992,16.4469246,0.164469246,11.14622406,11.14622406
167.259,35216.15,0.02198781129,14.99030755,0.1499030755,10.15906199,10.15906199
167.386,35215.8875,0.02199104852,14.99251455,0.1499251455,10.16055769,10.16055769
167.513,35185.975,0.02236009655,15.24411501,0.1524411501,10.33106952,10.33106952
167.64,35141.9375,0.02290398432,15.6149134,0.156149134,10.58236282,10.58236282
167.767,35254.0375,0.0215208242,14.67193661,0.1467193661,9.943299237,9.943299237
167.894,35231.775,0.02179516257,14.85896826,0.1485896826,10.07005221,10.07005221
168.021,35285.3625,0.02113510287,14.40896904,0.1440896904,9.765083823,9.765083823
168.148,35281.6375,0.02118095283,14.4402275,0.144402275,9.786267948,9.786267948
168.275,35296.85,0.02099373701,14.31259211,0.1431259211,9.699768335,9.699768335
168.402,35269.8875,0.02132561194,14.53884961,0.1453884961,9.853105015,9.853105015
168.529,35323.0875,0.02067102922,14.09258435,0.1409258435,9.550667162,9.550667162
168.656,35296.425,0.02099896626,14.31615718,0.1431615718,9.702184416,9.702184416
168.783,35407.45,0.0196350358,13.38629032,0.1338629032,9.072005543,9.072005543
168.91,35411.3875,0.01958674259,13.35336616,0.1335336616,9.049692557,9.049692557
169.037,35469.425,0.01887553822,12.8684988,0.128684988,8.72109372,8.72109372
169.164,35392.5,0.01981844561,13.51133093,0.1351133093,9.156746657,9.156746657
169.291,35410.925,0.01959241485,13.35723326,0.1335723326,9.052313319,9.052313319
169.418,35493.0125,0.01858682431,12.67166655,0.1267166655,8.587698791,8.587698791
169.545,35481.55,0.01872710275,12.76730212,0.1276730212,8.652511853,8.652511853
169.672,35429.55,0.01936405006,13.20154435,0.1320154435,8.946801589,8.946801589
169.799,35539.7125,0.0180157761,12.28235139,0.1228235139,8.323856515,8.323856515
169.926,35501.675,0.01848084241,12.59941282,0.1259941282,8.538731811,8.538731811
170.053,35494.7,0.01856617646,12.65758976,0.1265758976,8.578158831,8.578158831
170.18,35506.6375,0.01842014004,12.55802866,0.1255802866,8.510685403,8.510685403
170.307,35485.0625,0.01868411185,12.73799285,0.1273799285,8.632648701,8.632648701
170.434,35537.875,0.01803823089,12.29766006,0.1229766006,8.334231335,8.334231335
170.561,35561.325,0.01775175211,12.10235163,0.1210235163,8.201869108,8.201869108
170.688,35378.9375,0.0199849003,13.62481231,0.1362481231,9.233653973,9.233653973
170.815,35388.1875,0.01987136668,13.54741016,0.1354741016,9.18119786,9.18119786
170.942,35604.45,0.01722540495,11.74351164,0.1174351164,7.958680127,7.958680127
171.069,35477.6625,0.01877468839,12.79974389,0.1279974389,8.67449792,8.67449792
171.196,35514.05,0.01832948454,12.49622379,0.1249622379,8.468799706,8.468799706
171.323,35532.85,0.01809964379,12.33952863,0.1233952863,8.362606033,8.362606033
171.45,35591.275,0.01738614016,11.85309373,0.1185309373,8.03294486,8.03294486
171.577,35496.3375,0.01854614133,12.64393071,0.1264393071,8.568901971,8.568901971
171.704,35600.1125,0.01727831595,11.779584,0.11779584,7.983126677,7.983126677
171.831,35508.35,0.01839919434,12.54374882,0.1254374882,8.50100783,8.50100783
171.958,35593.225,0.01736234638,11.83687219,0.1183687219,8.021951383,8.021951383
172.085,35536.225,0.01805839536,12.3114073,0.123114073,8.343547958,8.343547958
172.212,35533.1,0.01809658822,12.33744548,0.1233744548,8.361194261,8.361194261
172.339,35595.4125,0.01733565619,11.81867601,0.1181867601,8.009619673,8.009619673
172.466,35509.65,0.01838329463,12.5329091,0.125329091,8.493661662,8.493661662
172.593,35571.9375,0.01762216575,12.01400544,0.1201400544,8.141996126,8.141996126
