x_mm,intensity,net_od,dose_cgy,dose_gy,normalized_percent,smoothed_percent
0,35122.5875,0.02314318322,15.77798852,0.1577798852,10.33407477,10.33407477
0.127,35171.6,0.02253756098,15.36510233,0.1536510233,10.0636476,10.0636476
0.254,35227.4125,0.02184894149,14.89563233,0.1489563233,9.756159858,9.756159858
0.381,35155.525,0.02273609842,15.50045629,0.1550045629,10.15230009,10.15230009
0.508,35177.35,0.0224665665,15.31670147,0.1531670147,10.0319466,10.0319466
0.635,35143.275,0.02288745542,15.60364473,0.1560364473,10.2198852,10.2198852
0.762,35008.6875,0.02455385727,16.73972308,0.1673972308,10.96397996,10.96397996
0.889,35072.8625,0.02375847372,16.1974661,0.161974661,10.60881909,10.60881909
1.016,35086.5,0.02358963834,16.08236168,0.1608236168,10.5334294,10.5334294
1.143,35041.3125,0.0241493217,16.46392879,0.1646392879,10.78334358,10.78334358
1.27,35013.7125,0.02449152494,16.69722768,0.1669722768,10.93614684,10.93614684
1.397,34989.1,0.02479691477,16.90542882,0.1690542882,11.07251189,11.07251189
1.524,34935.775,0.02545930444,17.35701651,0.1735701651,11.3682873,11.3682873
1.651,34952.2125,0.02525501424,17.21774058,0.1721774058,11.27706604,11.27706604
1.778,34977.2125,0.02494449081,17.00603957,0.1700603957,11.13840869,11.13840869
1.905,34897.225,0.02593879277,17.68391023,0.1768391023,11.58239216,11.58239216
2.032,34920.8375,0.02564503558,17.4836397,0.174836397,11.45122141,11.45122141
2.159,34849.4625,0.02653360219,18.08942473,0.1808942473,11.84799111,11.84799111
2.286,34906.3875,0.02582478081,17.60618197,0.1760618197,11.53148266,11.53148266
2.413,34849.6125,0.02653173289,18.08815032,0.1808815032,11.84715642,11.84715642
2.54,34840.175,0.02664935857,18.16834225,0.1816834225,11.89967955,11.89967955
2.667,34844.225,0.02659887689,18.1339261,0.181339261,11.87713808,11.87713808
2.794,34841.1,0.02663782828,18.16048142,0.1816048142,11.89453096,11.89453096
2.921,34788.1625,0.02729819629,18.61069083,0.1861069083,12.18940363,12.18940363
3.048,34801.9375,0.0271262636,18.4934748,0.184934748,12.11263091,12.11263091
3.175,34845.4375,0.02658376469,18.12362328,0.1812362328,11.87039006,11.87039006
3.302,34819.4875,0.02690731179,18.34420324,0.1834420324,12.01486284,12.01486284
3.429,34800.175,0.02714825845,18.50846991,0.1850846991,12.12245222,12.12245222
3.556,34795.8375,0.02720239236,18.54537599,0.1854537599,12.14662452,12.14662452
3.683,34796.225,0.02719755592,18.54207872,0.1854207872,12.14446491,12.14446491
3.81,34750.45,0.02776925349,18.93183659,0.1893183659,12.39974377,12.39974377
3.937,34770.3625,0.02752046788,18.76222567,0.1876222567,12.28865408,12.28865408
4.064,34830.7875,0.02676639267,18.24813088,0.1824813088,11.95193853,11.95193853
4.191,34787.6,0.02730521858,18.61547831,0.1861547831,12.19253928,12.19253928
4.318,34828.5,0.02679491575,18.26757664,0.1826757664,11.96467488,11.96467488
4.445,34835.1125,0.02671246891,18.21136807,0.1821136807,11.92786008,11.92786008
4.572,34819.7375,0.02690419362,18.34207741,0.1834207741,12.01347049,12.01347049
4.699,34794.575,0.02721815019,18.55611897,0.1855611897,12.15366082,12.15366082
4.826,34835.625,0.02670607955,18.20701209,0.1820701209,11.92500705,11.92500705
4.953,34839.5125,0.02665761693,18.17397244,0.1817397244,11.90336714,11.90336714
5.08,34806.8875,0.02706449678,18.45136495,0.1845136495,12.08505031,12.08505031
5.207,34837.675,0.02668052302,18.18958879,0.1818958879,11.91359535,11.91359535
5.334,34786.7125,0.02731629843,18.62303206,0.1862303206,12.19748674,12.19748674
5.461,34842.7125,0.02661772893,18.14677858,0.1814677858,11.88555604,11.88555604
5.588,34949.9375,0.0252832829,17.23701288,0.1723701288,11.28968878,11.28968878
5.715,34869.0875,0.026289104,17.92273679,0.1792273679,11.73881587,11.73881587
5.842,34901.6875,0.02588326069,17.64605095,0.1764605095,11.55759555,11.55759555
5.969,34854.35,0.02647269837,18.04790322,0.1804790322,11.82079586,11.82079586
6.096,34887.95,0.02605423509,17.76261365,0.1776261365,11.63394037,11.63394037
6.223,34917.4,0.0256877883,17.5127866,0.175127866,11.47031169,11.47031169
6.35,34893.2,0.02598888661,17.71806198,0.1771806198,11.60476046,11.60476046
6.477,34921.1125,0.02564161554,17.48130808,0.1748130808,11.44969427,11.44969427
6.604,34954.9375,0.0252211564,17.19465781,0.1719465781,11.26194757,11.26194757
6.731,34915.6625,0.02570939945,17.52752012,0.1752752012,11.47996167,11.47996167
6.858,34949.8625,0.02528421486,17.23764826,0.1723764826,11.29010493,11.29010493
6.985,34954.8875,0.02522177762,17.19508134,0.1719508134,11.26222497,11.26222497
7.112,34994.275,0.02473268597,16.86164049,0.1686164049,11.04383195,11.04383195
7.239,34988.4,0.02480560345,16.91135237,0.1691135237,11.07639163,11.07639163
7.366,34960.5875,0.02515096416,17.14680388,0.1714680388,11.23060479,11.23060479
7.493,35041.3375,0.02414901185,16.46371755,0.1646371755,10.78320522,10.78320522
7.62,34939.8875,0.02540818404,17.3221649,0.173221649,11.34546062,11.34546062
7.747,34970.7125,0.02502520554,17.06106727,0.1706106727,11.17445007,11.17445007
7.874,35003.05,0.02462379798,16.78740553,0.1678740553,10.99521043,10.99521043
8.001,34946.6125,0.02532460193,17.26518236,0.1726518236,11.30813888,11.30813888
8.128,34941.9125,0.0253830145,17.30500544,0.1730500544,11.33422172,11.33422172
8.255,35032.125,0.02426320452,16.54156902,0.1654156902,10.83419543,10.83419543
8.382,34994.125,0.02473454754,16.86290963,0.1686290963,11.04466319,11.04466319
8.509,35080.9625,0.02365818595,16.12909438,0.1612909438,10.56403781,10.56403781
8.636,35006.775,0.02457758312,16.7558983,0.167558983,10.97457421,10.97457421
8.763,35104.4375,0.02336766788,15.93103214,0.1593103214,10.43431342,10.43431342
8.89,35053.9875,0.02399225888,16.35685038,0.1635685038,10.71321066,10.71321066
9.017,35124.2875,0.02312216305,15.76365791,0.1576365791,10.32468868,10.32468868
9.144,35201.5625,0.0221677453,15.11297852,0.1511297852,9.898514624,9.898514624
9.271,35113.725,0.02325278279,15.85270861,0.1585270861,10.38301403,10.38301403
9.398,35213.7,0.02201802636,15.01090684,0.1501090684,9.831660953,9.831660953
9.525,35143.8125,0.02288081313,15.59911632,0.1559911632,10.21691924,10.21691924
9.652,35171.2875,0.0225414197,15.36773304,0.1536773304,10.06537063,10.06537063
9.779,35144.025,0.02287818714,15.59732604,0.1559732604,10.21574666,10.21574666
9.906,35220.025,0.02194002644,14.95772997,0.1495772997,9.796831818,9.796831818
10.033,35140.3,0.0229242215,15.62871021,0.1562871021,10.23630228,10.23630228
10.16,35213.1,0.02202542629,15.01595178,0.1501595178,9.834965228,9.834965228
10.287,35195.625,0.02224100458,15.16292343,0.1516292343,9.931226927,9.931226927
10.414,35187.5125,0.02234111987,15.23117756,0.1523117756,9.975931187,9.975931187
10.541,35265.05,0.0213851824,14.57946209,0.1457946209,9.54907853,9.54907853
10.668,35146.3375,0.02284961122,15.57784425,0.1557784425,10.20298671,10.20298671
10.795,35251.95,0.02154654088,14.68946909,0.1468946909,9.621129575,9.621129575
10.922,35378.725,0.01998750885,13.6265907,0.136265907,8.92497843,8.92497843
11.049,35355.5375,0.02027224226,13.82070922,0.1382070922,9.052119811,9.052119811
11.176,35221.5,0.02192183875,14.94533042,0.1494533042,9.788710508,9.788710508
11.303,35215.7625,0.02199259006,14.99356551,0.1499356551,9.820302939,9.820302939
11.43,35354.6875,0.02028268347,13.82782757,0.1382782757,9.056782104,9.056782104
11.557,35343.525,0.02041982448,13.92132419,0.1392132419,9.118019379,9.118019379
11.684,35304,0.0209057719,14.25262143,0.1425262143,9.335008412,9.335008412
11.811,35359.1875,0.02022740931,13.79014412,0.1379014412,9.032100653,9.032100653
11.938,35401.8875,0.01970326869,13.43280846,0.1343280846,8.798057296,8.798057296
12.065,35378.2375,0.01999349324,13.63067059,0.1363067059,8.927650626,8.927650626
12.192,35372.75,0.02006086166,13.67659937,0.1367659937,8.957732497,8.957732497
12.319,35426.075,0.01940664861,13.23058613,0.1323058613,8.66560818,8.66560818
12.446,35450.5375,0.01910686201,13.02620502,0.1302620502,8.53174513,8.53174513
12.573,35379.9625,0.01997231809,13.61623431,0.1361623431,8.91819533,8.91819533
12.7,35431.4,0.0193413734,13.18608441,0.1318608441,8.636460986,8.636460986
12.827,35441.95,0.01921207778,13.09793644,0.1309793644,8.578726897,8.578726897
12.954,35455.6375,0.01904438785,12.98361293,0.1298361293,8.50384868,8.50384868
13.081,35452.4,0.01908404565,13.01064985,0.1301064985,8.521556991,8.521556991
13.208,35390.0625,0.01984835672,13.531723,0.13531723,8.862843135,8.862843135
13.335,35364.1,0.02016707638,13.74901182,0.1374901182,9.005160321,9.005160321
13.462,35451.35,0.01909690842,13.01941911,0.1301941911,8.527300574,8.527300574
13.589,35735.0375,0.01563544416,10.6595474,0.106595474,6.98166054,6.98166054
13.716,35871.6625,0.01397818148,9.529699736,0.09529699736,6.241646678,6.241646678
13.843,35560.8125,0.01775801109,12.10661872,0.1210661872,7.92944569,7.92944569
13.97,35580.9875,0.0175116892,11.93868745,0.1193868745,7.819456116,7.819456116
14.097,35576.0625,0.01757180693,11.97967304,0.1197967304,7.846300356,7.846300356
14.224,35552.05,0.01786503829,12.17958508,0.1217958508,7.977236312,7.977236312
14.351,35653.6625,0.01662553723,11.33454863,0.1133454863,7.423764627,7.423764627
14.478,35500.5875,0.01849414608,12.60848267,0.1260848267,8.258150429,8.258150429
14.605,35527.375,0.01816656625,12.38515337,0.1238515337,8.111876927,8.111876927
14.732,35542.125,0.01798629641,12.26225345,0.1226225345,8.031381431,8.031381431
14.859,35536.725,0.01805228482,12.3072414,0.123072414,8.060847092,8.060847092
14.986,35658.125,0.01657118327,11.29749253,0.1129749253,7.399494071,7.399494071
15.113,35607.425,0.01718911813,11.71877291,0.1171877291,7.675419168,7.675419168
15.24,35685.125,0.01624246397,11.07338639,0.1107338639,7.252711764,7.252711764
15.367,35631.625,0.0168940573,11.51761361,0.1151761361,7.543666301,7.543666301
15.494,35762.875,0.01529726161,10.42898964,0.1042898964,6.830652628,6.830652628
15.621,35648.5,0.0166884258,11.37742324,0.1137742324,7.451846119,7.451846119
15.748,35702.375,0.01603257905,10.93029623,0.1093029623,7.158992311,7.158992311
15.875,35605.9625,0.01720695623,11.73093413,0.1173093413,7.683384375,7.683384375
16.002,35794.9375,0.01490807789,10.16366157,0.1016366157,6.656871277,6.656871277
16.129,35700.9625,0.01604976147,10.94201043,0.1094201043,7.166664738,7.166664738
16.256,35643.6625,0.01674736354,11.41760436,0.1141760436,7.478163459,7.478163459
16.383,35709.7125,0.01594333265,10.86945202,0.1086945202,7.119141313,7.119141313
16.51,35610.675,0.01714948054,11.69174977,0.1169174977,7.657719881,7.657719881
16.637,35778.45,0.01510816428,10.30007153,0.1030007153,6.746215414,6.746215414
16.764,35777.0625,0.01512500669,10.31155393,0.1031155393,6.753736018,6.753736018
16.891,35759.825,0.01533430154,10.45424182,0.1045424182,6.84719199,6.84719199
17.018,35791.575,0.0149488765,10.19147624,0.1019147624,6.675088992,6.675088992
17.145,35776.25,0.01513486966,10.31827807,0.1031827807,6.75814011,6.75814011
17.272,35829.0875,0.0144939387,9.88131997,0.0988131997,6.471946617,6.471946617
17.399,35801.775,0.01482512747,10.10710968,0.1010710968,6.619831611,6.619831611
17.526,35822.75,0.01457076412,9.93369611,0.0993369611,6.506251303,6.506251303
17.653,35782.2875,0.01506158552,10.26831621,0.1026831621,6.725416704,6.725416704
17.78,35784.725,0.01503200226,10.24814767,0.1024814767,6.712206956,6.712206956
17.907,35790.2625,0.01496480265,10.20233398,0.1020233398,6.682200461,6.682200461
18.034,35786.575,0.01500955067,10.23284118,0.1023284118,6.702181696,6.702181696
18.161,35826.2625,0.01452818268,9.90466598,0.0990466598,6.487237502,6.487237502
18.288,35832.2,0.01445621285,9.855600169,0.09855600169,6.455100975,6.455100975
18.415,35826.6,0.01452409144,9.901876758,0.09901876758,6.485410652,6.485410652
18.542,35724.8375,0.01575942433,10.74407154,0.1074407154,7.037021134,7.037021134
18.669,35740.6875,0.0155667841,10.61273804,0.1061273804,6.951001914,6.951001914
18.796,35657.775,0.01657544608,11.30039872,0.1130039872,7.401397534,7.401397534
18.923,35808.2125,0.01474704421,10.053876,0.10053876,6.584965263,6.584965263
19.05,35848.075,0.01426384682,9.724453601,0.09724453601,6.369204193,6.369204193
19.177,35821.2125,0.01458940429,9.946404144,0.09946404144,6.514574657,6.514574657
19.304,35756.1125,0.01537939131,10.484982,0.10484982,6.867325822,6.867325822
19.431,35812.025,0.01470080734,10.02235377,0.1002235377,6.564319216,6.564319216
19.558,35909.1,0.01352516592,9.220853963,0.09220853963,6.039362635,6.039362635
19.685,35876.45,0.01392022359,9.490186631,0.09490186631,6.215766866,6.215766866
19.812,35852.3375,0.01421221029,9.689250122,0.09689250122,6.346147047,6.346147047
19.939,35898.95,0.01364794015,9.304555949,0.09304555949,6.094184742,6.094184742
20.066,35888.5125,0.01377422819,9.390653488,0.09390653488,6.15057586,6.15057586
20.193,35910.975,0.01350248975,9.205394363,0.09205394363,6.029237094,6.029237094
20.32,35979.675,0.01267245024,8.639510502,0.08639510502,5.658601374,5.658601374
20.447,35960.0875,0.01290894653,8.800743106,0.08800743106,5.764203542,5.764203542
20.574,35933.9,0.01322533146,9.016440222,0.09016440222,5.905478212,5.905478212
20.701,35949.3375,0.01303879504,8.889268018,0.08889268018,5.822184511,5.822184511
20.828,35901.7375,0.01361421914,9.28156647,0.0928156647,6.079127374,6.079127374
20.955,35920.95,0.01338187242,9.123162856,0.09123162856,5.975378103,5.975378103
21.082,35995.5625,0.0124807217,8.508798546,0.08508798546,5.572989249,5.572989249
21.209,35953.125,0.01299304166,8.858075407,0.08858075407,5.801754354,5.801754354
21.336,35896.7,0.01367516082,9.323113781,0.09323113781,6.106339525,6.106339525
21.463,35937.95,0.01317638622,8.98307154,0.0898307154,5.883622799,5.883622799
21.59,35887.425,0.01378738845,9.39962557,0.0939962557,6.156452285,6.156452285
21.717,35932.6,0.01324104345,9.027151954,0.09027151954,5.912494052,5.912494052
21.844,35960.4,0.01290517244,8.798170104,0.08798170104,5.762518308,5.762518308
21.971,35914.7375,0.01345698981,9.174374533,0.09174374533,6.008920104,6.008920104
22.098,36027.8,0.01209194315,8.243746696,0.08243746696,5.399388816,5.399388816
22.225,36039.7,0.01194851915,8.145966623,0.08145966623,5.335346015,5.335346015
22.352,36056.9125,0.01174115036,8.00459184,0.0800459184,5.242750081,5.242750081
22.479,35996.7125,0.01246684692,8.499339338,0.08499339338,5.566793772,5.566793772
22.606,36000.35,0.01242296329,8.46942144,0.0846942144,5.547198512,5.547198512
22.733,35989.5,0.01255387327,8.558670021,0.08558670021,5.605653461,5.605653461
22.86,36032.7125,0.01203272981,8.203377689,0.08203377689,5.372948416,5.372948416
22.987,36035.3125,0.01200139371,8.182014131,0.08182014131,5.358955973,5.358955973
23.114,36070.425,0.01157842691,7.893654267,0.07893654267,5.170089541,5.170089541
23.241,36015.0375,0.01224581503,8.348649669,0.08348649669,5.468096889,5.468096889
23.368,36032.2875,0.01203785228,8.206869955,0.08206869955,5.375235738,5.375235738
23.495,36020.3125,0.01218221005,8.305286637,0.08305286637,5.439695498,5.439695498
23.622,36063.35,0.01166361956,7.951734805,0.07951734805,5.208130425,5.208130425
23.749,36006.5125,0.0123486276,8.41874269,0.0841874269,5.514005561,5.514005561
23.876,36050.425,0.01181929734,8.057868962,0.08057868962,5.277644882,5.277644882
24.003,36030.0125,0.01206527355,8.225564553,0.08225564553,5.387480098,5.387480098
24.13,36072.625,0.01155193932,7.875596209,0.07875596209,5.158262094,5.158262094
24.257,36045.65,0.01187682491,8.097088693,0.08097088693,5.303332544,5.303332544
24.384,36065.7375,0.01163486894,7.932133915,0.07932133915,5.195292472,5.195292472
24.511,36025.6625,0.01211771025,8.261313555,0.08261313555,5.410894544,5.410894544
24.638,36062.9375,0.01166858714,7.955121478,0.07955121478,5.210348586,5.210348586
24.765,36028.8625,0.01207913551,8.235015019,0.08235015019,5.393669849,5.393669849
24.892,36037.925,0.01196990922,8.160549416,0.08160549416,5.344897276,5.344897276
25.019,36045.6,0.01187742734,8.097499398,0.08097499398,5.303601542,5.303601542
25.146,36059.45,0.01171058802,7.983755804,0.07983755804,5.229103149,5.229103149
25.273,36058.1,0.01172684752,7.994840803,0.07994840803,5.236363466,5.236363466
25.4,36003.9125,0.01237998877,8.440123336,0.08440123336,5.528009197,5.528009197
25.527,36012.1875,0.01228018368,8.37208068,0.0837208068,5.483443447,5.483443447
25.654,36063.65,0.01166000681,7.949271795,0.07949271795,5.206517232,5.206517232
25.781,35977.65,0.01269689379,8.656175024,0.08656175024,5.6695161,5.6695161
25.908,36020.9,0.01217512666,8.300457498,0.08300457498,5.436532567,5.436532567
26.035,35974.9,0.01273009095,8.678807359,0.08678807359,5.684339551,5.684339551
26.162,35987.1625,0.0125820814,8.577901061,0.08577901061,5.618249173,5.618249173
26.289,36055.5875,0.01175710987,8.015472323,0.08015472323,5.249876448,5.249876448
26.416,36114.3625,0.01104973335,7.533214614,0.07533214614,4.934013166,4.934013166
26.543,36046.7625,0.01186342121,8.087950647,0.08087950647,5.297347418,5.297347418
26.67,36079.4875,0.01146932647,7.819274457,0.07819274457,5.121373159,5.121373159
26.797,36090.725,0.01133407997,7.727069436,0.07727069436,5.060981837,5.060981837
26.924,36017.1125,0.01222079395,8.331591415,0.08331591415,5.456924281,5.456924281
27.051,36052.625,0.01179279505,8.039800887,0.08039800887,5.265810874,5.265810874
27.178,36010.0625,0.0123058112,8.389552378,0.08389552378,5.494886846,5.494886846
27.305,35975.65,0.01272103693,8.672634732,0.08672634732,5.680296679,5.680296679
27.432,35997.0625,0.01246262424,8.496460508,0.08496460508,5.564908232,5.564908232
27.559,35989.625,0.01255236487,8.557641659,0.08557641659,5.604979916,5.604979916
27.686,35981.2,0.01265404304,8.626961296,0.08626961296,5.650382048,5.650382048
27.813,35992.125,0.01252219788,8.537075155,0.08537075155,5.591509519,5.591509519
27.94,35958.325,0.01293023298,8.81525526,0.0881525526,5.773708536,5.773708536
28.067,35965.575,0.01284267836,8.755564429,0.08755564429,5.734612962,5.734612962
28.194,35912.5625,0.01348329152,9.192305865,0.09192305865,6.02066455,6.02066455
28.321,36010.875,0.01229601226,8.382871901,0.08382871901,5.490511349,5.490511349
28.448,35999.725,0.01243050311,8.474561757,0.08474561757,5.550565254,5.550565254
28.575,35958.3125,0.01293038396,8.815358186,0.08815358186,5.773775949,5.773775949
28.702,36008.1625,0.01232872649,8.405175004,0.08405175004,5.505119164,5.505119164
28.829,36017.175,0.01222004032,8.331077628,0.08331077628,5.456587767,5.456587767
28.956,36025.9,0.01211484716,8.25936163,0.0825936163,5.409616096,5.409616096
29.083,36063.95,0.01165639409,7.946808805,0.07946808805,5.204904053,5.204904053
29.21,36033.2,0.01202685412,8.199371904,0.08199371904,5.370324756,5.370324756
29.337,35993.6,0.01250440035,8.524941589,0.08524941589,5.583562423,5.583562423
29.464,36025.4375,0.01212042267,8.263162758,0.08263162758,5.412105713,5.412105713
29.591,36021.85,0.01216367291,8.292648844,0.08292648844,5.43141815,5.43141815
29.718,36070.5875,0.01157647039,7.892320395,0.07892320395,5.169215898,5.169215898
29.845,35982.525,0.01263805054,8.616058319,0.08616058319,5.643240949,5.643240949
29.972,36006.975,0.01234304917,8.414939564,0.08414939564,5.511514636,5.511514636
30.099,36011.8625,0.01228410308,8.374752755,0.08374752755,5.48519357,5.48519357
30.226,36026.775,0.01210429911,8.25217044,0.0825217044,5.404906098,5.404906098
30.353,35934.3875,0.01321943961,9.012423422,0.09012423422,5.902847337,5.902847337
30.48,35958.6,0.01292691163,8.812990906,0.08812990906,5.772225457,5.772225457
30.607,36007.85,0.01233249557,8.407744593,0.08407744593,5.506802162,5.506802162
30.734,35959.75,0.01291302258,8.803521974,0.08803521974,5.766023611,5.766023611
30.861,36018.3,0.0122064753,8.321829604,0.08321829604,5.450530609,5.450530609
30.988,36060.175,0.01170185632,7.977802921,0.07977802921,5.225204201,5.225204201
31.115,35997.7625,0.01245417902,8.490702933,0.08490702933,5.561137205,5.561137205
31.242,36037.9125,0.01197005986,8.160652115,0.08160652115,5.34496454,5.34496454
31.369,36064.8625,0.01164540559,7.939317337,0.07939317337,5.199997382,5.199997382
31.496,36071.5875,0.01156443043,7.884112088,0.07884112088,5.163839721,5.163839721
31.623,36009.075,0.01231772097,8.397671929,0.08397671929,5.500204891,5.500204891
31.75,36004.9875,0.01236702186,8.431283074,0.08431283074,5.522219109,5.522219109
31.877,36059.3125,0.01171224405,7.984884813,0.07984884813,5.229842613,5.229842613
32.004,36033.4375,0.01202399163,8.197420388,0.08197420388,5.369046575,5.369046575
32.131,35965.7125,0.01284101801,8.754432478,0.08754432478,5.733871571,5.733871571
32.258,36017.4,0.01221732729,8.329228,0.08329228,5.45537632,5.45537632
32.385,36053.9625,0.01177668366,8.028816857,0.08028816857,5.258616688,5.258616688
32.512,36056.15,0.01175033453,8.010853201,0.08010853201,5.246851071,5.246851071
32.639,36090.025,0.01134250344,7.73281218,0.0773281218,5.06474315,5.06474315
32.766,36155.3875,0.01055666584,7.197063207,0.07197063207,4.713844812,4.713844812
32.893,36080.375,0.01145864362,7.81199137,0.0781199137,5.116602971,5.116602971
33.02,36115.075,0.01104116525,7.52737326,0.0752737326,4.930187268,4.930187268
33.147,36110.375,0.01109768782,7.565907824,0.07565907824,4.955426167,4.955426167
33.274,36119.25,0.01099096254,7.493147295,0.07493147295,4.907770362,4.907770362
33.401,36084.7375,0.01140613599,7.77619401,0.0777619401,5.093156852,5.093156852
33.528,36075.0625,0.01152259416,7.855589988,0.07855589988,5.145158663,5.145158663
33.655,36091.35,0.01132655916,7.721942079,0.07721942079,5.057623583,5.057623583
33.782,36094.175,0.01129256669,7.698767536,0.07698767536,5.042445003,5.042445003
33.909,36101.0125,0.01121030391,7.642684445,0.07642684445,5.005712383,5.005712383
34.036,36128.25,0.01088276086,7.419380224,0.07419380224,4.859455304,4.859455304
34.163,36106.3,0.01114670004,7.599322171,0.07599322171,4.977311489,4.977311489
34.29,36172.6,0.01034996041,7.056140678,0.07056140678,4.62154509,4.62154509
34.417,36080.6,0.01145593534,7.810144982,0.07810144982,5.115393646,5.115393646
34.544,36116.3875,0.01102538233,7.516613174,0.07516613174,4.923139758,4.923139758
34.671,36157.9,0.01052648702,7.176488635,0.07176488635,4.700369129,4.700369129
34.798,36124.3625,0.01092949466,7.451241246,0.07451241246,4.880323248,4.880323248
34.925,36031.2625,0.0120502067,8.21529265,0.0821529265,5.380752332,5.380752332
35.052,36052.4625,0.01179475255,8.041135423,0.08041135423,5.266684952,5.266684952
35.179,36135.4625,0.01079606869,7.360277376,0.07360277376,4.820744841,4.820744841
35.306,36061.4125,0.01168695261,7.96764224,0.0796764224,5.218549283,5.218549283
35.433,36154.475,0.01056762683,7.204535918,0.07204535918,4.718739197,4.718739197
35.56,36237.475,0.009571757595,6.525596761,0.06525596761,4.274055896,4.274055896
35.687,36140.825,0.0107316242,7.316342003,0.07316342003,4.791968585,4.791968585
35.814,36183.55,0.01021851271,6.96652551,0.0696652551,4.562850039,4.562850039
35.941,36177.6875,0.0102888833,7.014501033,0.07014501033,4.594272462,4.594272462
36.068,36143.5,0.01069948064,7.29442796,0.0729442796,4.777615592,4.777615592
36.195,36138.0625,0.01076482168,7.338974563,0.07338974563,4.806792183,4.806792183
36.322,36147.0375,0.01065697669,7.265450665,0.07265450665,4.758636396,4.758636396
36.449,36159.875,0.01050276583,7.160316591,0.07160316591,4.689776961,4.689776961
36.576,36115.6625,0.01103410044,7.522556792,0.07522556792,4.927032636,4.927032636
36.703,36184.0625,0.01021236145,6.962331857,0.06962331857,4.560103331,4.560103331
36.83,36211.4375,0.009883920819,6.738415703,0.06738415703,4.413445455,4.413445455
36.957,36189.0875,0.01015205374,6.921216749,0.06921216749,4.533174258,4.533174258
37.084,36162.325,0.01047334136,7.140256297,0.07140256297,4.676638114,4.676638114
37.211,36137.45,0.01077218255,7.343992876,0.07343992876,4.810079017,4.810079017
37.338,36148.65,0.01063760348,7.252242874,0.07252242874,4.749985718,4.749985718
37.465,36157.7375,0.01052843882,7.177819285,0.07177819285,4.701240662,4.701240662
37.592,36110.8625,0.01109182476,7.561910655,0.07561910655,4.95280815,4.95280815
37.719,36226.5625,0.009702560093,6.614772062,0.06614772062,4.332462849,4.332462849
37.846,36231.3375,0.009645319788,6.575748178,0.06575748178,4.306903461,4.306903461
37.973,36191.1625,0.01012715299,6.904240534,0.06904240534,4.522055383,4.522055383
38.1,36212.6125,0.009869828925,6.728808479,0.06728808479,4.407153033,4.407153033
38.227,36216.875,0.009818712169,6.693959358,0.06693959358,4.38432798,4.38432798
38.354,36135.2625,0.0107984724,7.361916118,0.07361916118,4.821818164,4.821818164
38.481,36181.2,0.0102467196,6.985755703,0.06985755703,4.575445196,4.575445196
38.608,36143.4,0.01070068223,7.295247148,0.07295247148,4.778152134,4.778152134
38.735,36133.7625,0.01081650064,7.374206968,0.07374206968,4.829868275,4.829868275
38.862,36183.9375,0.01021386175,6.963354694,0.06963354694,4.560773256,4.560773256
38.989,36140.825,0.0107316242,7.316342003,0.07316342003,4.791968585,4.791968585
39.116,36170.2125,0.01037862609,7.07568366,0.0707568366,4.634345114,4.634345114
39.243,36158.2,0.01052288372,7.174032065,0.07174032065,4.698760155,4.698760155
39.37,36165.1625,0.0104392655,7.117024899,0.07117024899,4.661422296,4.661422296
39.497,36197.1,0.01005590875,6.855669391,0.06855669391,4.490242848,4.490242848
39.624,36197.5125,0.01005095958,6.852295271,0.06852295271,4.488032907,4.488032907
39.751,36206.0625,0.009948389569,6.782367617,0.06782367617,4.442232545,4.442232545
39.878,36209.9875,0.009901311446,6.750271856,0.06750271856,4.421210854,4.421210854
40.005,36178.25,0.01028213083,7.009897501,0.07009897501,4.591257297,4.591257297
40.132,36224.9875,0.009721442058,6.627644942,0.06627644942,4.340894171,4.340894171
40.259,36151,0.0106093712,7.232995366,0.07232995366,4.73737922,4.73737922
40.386,36195.2375,0.01007825568,6.870904534,0.06870904534,4.500221376,4.500221376
40.513,36128.975,0.01087404578,7.413438676,0.07413438676,4.855563782,4.855563782
40.64,36144.6875,0.01068521207,7.284700284,0.07284700284,4.771244277,4.771244277
40.767,36138.4,0.01076076575,7.336209406,0.07336209406,4.804981095,4.804981095
40.894,36140.025,0.01074123769,7.322896051,0.07322896051,4.796261275,4.796261275
41.021,36183.525,0.01021881278,6.96673008,0.0696673008,4.562984025,4.562984025
41.148,36203.1,0.009983926436,6.806595066,0.06806595066,4.458100744,4.458100744
41.275,36172.75,0.01034815949,7.054912889,0.07054912889,4.620740928,4.620740928
41.402,36171.2625,0.01036601896,7.067088682,0.07067088682,4.62871568,4.62871568
41.529,36200.1625,0.01001916629,6.830620021,0.06830620021,4.473836317,4.473836317
41.656,36282.775,0.009029190723,6.155698904,0.06155698904,4.031784703,4.031784703
41.783,36262.5375,0.009271495415,6.32089142,0.0632089142,4.139980485,4.139980485
41.91,36254.0125,0.009373606188,6.390505983,0.06390505983,4.185575784,4.185575784
42.037,36232.7375,0.00962853872,6.564307596,0.06564307596,4.299410248,4.299410248
42.164,36255.3875,0.009357135084,6.379276721,0.06379276721,4.178220978,4.178220978
42.291,36213.575,0.009858285906,6.720938965,0.06720938965,4.401998754,4.401998754
42.418,36165,0.01044121691,7.118355282,0.07118355282,4.662293654,4.662293654
42.545,36260.625,0.009294400875,6.336507339,0.06336507339,4.15020841,4.15020841
42.672,36177.9875,0.01028528197,7.012045807,0.07012045807,4.592664368,4.592664368
42.799,36170.6875,0.01037292282,7.071795425,0.07071795425,4.631798445,4.631798445
42.926,36159.3375,0.01050922147,7.164717756,0.07164717756,4.692659582,4.692659582
43.053,36184.625,0.01020561017,6.957729136,0.06957729136,4.557088696,4.557088696
43.18,36154.275,0.01057002927,7.206173798,0.07206173798,4.719811955,4.719811955
43.307,36143.075,0.0107045874,7.297909522,0.07297909522,4.779895903,4.779895903
43.434,36179.8125,0.01026337452,6.997110287,0.06997110287,4.582882083,4.582882083
43.561,36117.15,0.01101621347,7.510362256,0.07510362256,4.919045607,4.919045607
43.688,36116.1625,0.01102808793,7.518457732,0.07518457732,4.924347884,4.924347884
43.815,36125.825,0.01091191255,7.439254543,0.07439254543,4.872472343,4.872472343
43.942,36146.65,0.0106616324,7.268624718,0.07268624718,4.760715299,4.760715299
44.069,36161.3,0.01048565135,7.148648704,0.07148648704,4.68213487,4.68213487
44.196,36182.3,0.01023351615,6.976754181,0.06976754181,4.569549489,4.569549489
44.323,36151.5,0.01060336457,7.228900313,0.07228900313,4.734697092,4.734697092
44.45,36150.5375,0.01061492741,7.236783341,0.07236783341,4.739860221,4.739860221
44.577,36157.5,0.01053129147,7.179764093,0.07179764093,4.702514449,4.702514449
44.704,36200.7125,0.01001256797,6.826121583,0.06826121583,4.470889985,4.470889985
44.831,36071.7625,0.01156232347,7.882675657,0.07882675657,5.162898905,5.162898905
44.958,36107.2375,0.01113542374,7.591634487,0.07591634487,4.972276304,4.972276304
45.085,36090.2625,0.01133964546,7.730863737,0.07730863737,5.063466982,5.063466982
45.212,36099.8625,0.01122413861,7.652116324,0.07652116324,5.011889961,5.011889961
45.339,36116.5125,0.01102387923,7.515588424,0.07515588424,4.922468579,4.922468579
45.466,36061.175,0.01168981288,7.969592243,0.07969592243,5.219826472,5.219826472
45.593,36099.925,0.01122338671,7.651603714,0.07651603714,5.011554218,5.011554218
45.72,36121.175,0.01096781713,7.477367793,0.07477367793,4.897435296,4.897435296
45.847,36143,0.0107054886,7.29852392,0.0729852392,4.780298314,4.780298314
45.974,36201.9125,0.009998171988,6.816307047,0.06816307047,4.464461779,4.464461779
46.101,36193.425,0.01010000381,6.885731432,0.06885731432,4.509932517,4.509932517
46.228,36219.6125,0.009785886691,6.671580414,0.06671580414,4.369670492,4.369670492
46.355,36182.9125,0.0102261644,6.971742088,0.06971742088,4.566266729,4.566266729
46.482,36147.425,0.01065232103,7.262276646,0.07262276646,4.756557516,4.756557516
46.609,36159.675,0.01050516792,7.161954227,0.07161954227,4.690849559,4.690849559
46.736,36008.2875,0.01232721887,8.404147174,0.08404147174,5.504445968,5.504445968
46.863,36168.6625,0.01039723729,7.088371941,0.07088371941,4.64265553,4.64265553
46.99,36078.1625,0.011485276,7.830148132,0.07830148132,5.128495066,5.128495066
47.117,36170.1875,0.01037892627,7.075888305,0.07075888305,4.63447915,4.63447915
47.244,36092.0375,0.01131828641,7.71630209,0.0771630209,5.053929572,5.053929572
47.371,36181.4375,0.01024386882,6.983812169,0.06983812169,4.574172244,4.574172244
47.498,36212.85,0.009866980619,6.726866632,0.06726866632,4.405881185,4.405881185
47.625,36202.2,0.009994723022,6.813955696,0.06813955696,4.46292172,4.46292172
47.752,36231.35,0.009645169954,6.575646028,0.06575646028,4.306836556,4.306836556
47.879,36139.25,0.01075055096,7.329245423,0.07329245423,4.80041991,4.80041991
48.006,36148.5,0.0106394056,7.253471481,0.07253471481,4.750790416,4.750790416
48.133,36050.175,0.01182230906,8.059922222,0.08059922222,5.278989702,5.278989702
48.26,36127.7125,0.01088922215,7.423785241,0.07423785241,4.862340449,4.862340449
48.387,36088.825,0.01135694405,7.742657144,0.07742657144,5.071191284,5.071191284
48.514,36099.55,0.01122789811,7.654679387,0.07654679387,5.013568684,5.013568684
48.641,36099.925,0.01122338671,7.651603714,0.07651603714,5.011554218,5.011554218
48.768,36139.925,0.01074243939,7.323715317,0.07323715317,4.796797868,4.796797868
48.895,36108.225,0.01112354634,7.58353701,0.0758353701,4.966972717,4.966972717
49.022,36057.2375,0.01173723585,8.001923103,0.08001923103,5.241002145,5.241002145
49.149,36118.8875,0.01099532122,7.496118853,0.07496118853,4.909716637,4.909716637
49.276,36076.15,0.01150950234,7.846664572,0.07846664572,5.139312803,5.139312803
49.403,36075.8,0.01151371576,7.849537091,0.07849537091,5.14119421,5.14119421
49.53,36123.3125,0.01094211816,7.459847383,0.07459847383,4.885959991,4.885959991
49.657,36075.425,0.01151823018,7.85261482,0.0785261482,5.143210024,5.143210024
49.784,36046.225,0.01186989711,8.092365623,0.08092365623,5.300239085,5.300239085
49.911,36013.075,0.01226948087,8.364783982,0.08364783982,5.478664344,5.478664344
50.038,36024,0.01213775239,8.274977388,0.08274977388,5.419843915,5.419843915
50.165,36027.8375,0.01209149111,8.243438514,0.08243438514,5.399186968,5.399186968
50.292,36044.5125,0.01189053025,8.106432379,0.08106432379,5.309452357,5.309452357
50.419,35983.725,0.01262356726,8.606184271,0.08606184271,5.636773766,5.636773766
50.546,36018.925,0.01219893937,8.316691938,0.08316691938,5.447165603,5.447165603
50.673,36027.4875,0.01209571017,8.246314885,0.08246314885,5.401070898,5.401070898
50.8,35960.5,0.01290396474,8.797346747,0.08797346747,5.761979036,5.761979036
50.927,36015.2375,0.01224340329,8.347005457,0.08347005457,5.467019983,5.467019983
51.054,35976.45,0.01271137951,8.666050739,0.08666050739,5.675984376,5.675984376
51.181,35976.3375,0.01271273757,8.666976604,0.08666976604,5.676590788,5.676590788
51.308,35982.9125,0.01263337359,8.612869788,0.08612869788,5.641152564,5.641152564
51.435,35924.65,0.01333714068,9.092666749,0.09092666749,5.955404134,5.955404134
51.562,35933.35,0.01323197877,9.020972061,0.09020972061,5.908446421,5.908446421
51.689,35927.1875,0.01330646583,9.071754005,0.09071754005,5.94170696,5.94170696
51.816,35996.7125,0.01246684692,8.499339338,0.08499339338,5.566793772,5.566793772
51.943,35965.85,0.01283935767,8.753300531,0.08753300531,5.733130182,5.733130182
52.07,35983.2125,0.01262975277,8.610401272,0.08610401272,5.639535765,5.639535765
52.197,35934,0.01322412287,9.015616258,0.09015616258,5.904938542,5.904938542
52.324,35820.9125,0.01459304149,9.948883824,0.09948883824,6.516198767,6.516198767
52.451,35902.125,0.01360953168,9.278370765,0.09278370765,6.077034289,6.077034289
52.578,35865.075,0.01405794298,9.584077564,0.09584077564,6.277262406,6.277262406
52.705,35877.05,0.01391296048,9.485234969,0.09485234969,6.212523686,6.212523686
52.832,35885.5375,0.01381023078,9.41519845,0.0941519845,6.16665202,6.16665202
52.959,35783.0125,0.01505278619,10.26231722,0.1026231722,6.721487557,6.721487557
53.086,35790.075,0.01496707786,10.20388511,0.1020388511,6.683216406,6.683216406
53.213,35792.6,0.01493643934,10.18299714,0.1018299714,6.669535456,6.669535456
53.34,35728.6,0.01571368733,10.7128901,0.107128901,7.016598291,7.016598291
53.467,35708.9,0.01595321423,10.87618884,0.1087618884,7.123553712,7.123553712
53.594,35701.1375,0.01604763263,10.94055909,0.1094055909,7.165714155,7.165714155
53.721,35669.9,0.01642779454,11.19973649,0.1119973649,7.335467015,7.335467015
53.848,35662.4,0.01651911947,11.26199775,0.1126199775,7.376246135,7.376246135
53.975,35673.6125,0.0163825958,11.16892201,0.1116892201,7.315284523,7.315284523
54.102,35612.3375,0.01712920579,11.67792735,0.1167792735,7.648666639,7.648666639
54.229,35592.6,0.01736997245,11.8420713,0.118420713,7.756175647,7.756175647
54.356,35552.8875,0.01785480773,12.17261035,0.1217261035,7.972668083,7.972668083
54.483,35536.8,0.01805136824,12.30661652,0.1230661652,8.060437816,8.060437816
54.61,35474.9875,0.01880743524,12.82206923,0.1282206923,8.398042751,8.398042751
54.737,35452.0875,0.01908787382,13.01325972,0.1301325972,8.523266373,8.523266373
54.864,35331.7625,0.02056438389,14.01987833,0.1401987833,9.182569174,9.182569174
54.991,35283.3875,0.02115941198,14.42554191,0.1442554191,9.448265759,9.448265759
55.118,35206.6,0.02210560028,15.07061082,0.1507061082,9.870765143,9.870765143
55.245,35111.15,0.02328463214,15.87442208,0.1587442208,10.39723565,10.39723565
55.372,35083.125,0.02363141551,16.11084349,0.1611084349,10.55208406,10.55208406
55.499,34847.475,0.02655837115,18.1063111,0.181063111,11.85905114,11.85905114
55.626,34731.175,0.02801021004,19.09611,0.1909611,12.50733757,12.50733757
55.753,34523.3375,0.0306169124,20.87324323,0.2087324323,13.67130265,13.67130265
55.88,34191.5375,0.03481105607,23.73262303,0.2373262303,15.54410441,15.54410441
56.007,33850.9625,0.03915866465,26.69662836,0.2669662836,17.48543252,17.48543252
56.134,33345.075,0.04569798777,31.15484675,0.3115484675,20.40542211,20.40542211
56.261,32462.6125,0.05734621864,39.09609024,0.3909609024,25.60668106,25.60668106
56.388,31454.5,0.0710469003,48.43660299,0.4843660299,31.72441635,31.72441635
56.515,30178.1875,0.08903653382,63.37316418,0.6337316418,41.5073833,41.5073833
56.642,28883.7625,0.108075921,79.59447639,0.7959447639,52.13182083,52.13182083
56.769,27690.45,0.1263996728,95.20607641,0.9520607641,62.35691648,62.35691648
56.896,26670.2,0.1427034139,113.1778411,1.131778411,74.12784403,74.12784403
57.023,25922.4125,0.1550542691,128.4216209,1.284216209,84.11202928,84.11202928
57.15,25302.3375,0.165569042,141.3992551,1.413992551,92.6119621,92.6119621
57.277,24944.2125,0.1717598887,149.0401757,1.490401757,97.61651922,97.61651922
57.404,24656.6375,0.1767958361,155.3911777,1.553911777,101.7762212,101.7762212
57.531,24491.3,0.1797178482,159.0905825,1.590905825,104.1992123,104.1992123
57.658,24317.5875,0.1828091991,163.0043781,1.630043781,106.7626225,106.7626225
57.785,24284.4125,0.1834020851,163.7549997,1.637549997,107.2542554,107.2542554
57.912,24198.2375,0.1849459514,165.7096071,1.657096071,108.5344604,108.5344604
58.039,24199.45,0.1849241908,165.6820571,1.656820571,108.5164161,108.5164161
58.166,24188.775,0.1851158115,165.924658,1.65924658,108.6753118,108.6753118
58.293,24150.5625,0.1858024358,166.7939566,1.667939566,109.2446745,109.2446745
58.42,24138.575,0.186018058,167.0669445,1.670669445,109.4234727,109.4234727
58.547,24164.7625,0.1855471552,166.4707594,1.664707594,109.0329907,109.0329907
58.674,24180.8875,0.1852574498,166.1039787,1.661039787,108.7927611,108.7927611
58.801,24206.575,0.1847963411,165.5201934,1.655201934,108.4104005,108.4104005
58.928,24194.95,0.1850049574,165.7843114,1.657843114,108.5833893,108.5833893
59.055,24190.0625,0.1850926959,165.8953925,1.658953925,108.6561439,108.6561439
59.182,24248.9875,0.1840360767,164.5576629,1.645576629,107.779974,107.779974
59.309,24231.2375,0.184354092,164.9602853,1.649602853,108.0436787,108.0436787
59.436,24230.8375,0.1843612613,164.9693618,1.649693618,108.0496236,108.0496236
59.563,24268.2875,0.1836905551,164.1202163,1.641202163,107.4934605,107.4934605
59.69,24297.4375,0.1831692127,163.4601723,1.634601723,107.061153,107.061153
59.817,24308.0875,0.1829788954,163.2192216,1.632192216,106.903338,106.903338
59.944,24276.275,0.1835476378,163.9392763,1.639392763,107.3749507,107.3749507
60.071,24347.825,0.1822695147,162.3211124,1.623211124,106.3151054,106.3151054
60.198,24439.75,0.1806329272,160.2491156,1.602491156,104.9580142,104.9580142
60.325,24366.8625,0.1819300737,161.8913641,1.618913641,106.0336341,106.0336341
60.452,24375.4875,0.1817763762,161.6967757,1.616967757,105.906185,105.906185
60.579,24384.2625,0.1816200614,161.4988739,1.614988739,105.7765657,105.7765657
60.706,24369.925,0.1818754937,161.8222632,1.618222632,105.9883752,105.9883752
60.833,24384.85,0.1816095979,161.4856266,1.614856266,105.7678891,105.7678891
60.96,24419.8,0.1809875836,160.6981273,1.606981273,105.2521024,105.2521024
61.087,24398.8875,0.1813596618,161.1691957,1.611691957,105.5606371,105.5606371
61.214,24408.1375,0.1811950452,160.9607833,1.609607833,105.4241336,105.4241336
61.341,24407.625,0.1812041642,160.9723284,1.609723284,105.4316953,105.4316953
61.468,24405.0875,0.1812493173,161.0294944,1.610294944,105.4691372,105.4691372
61.595,24434.425,0.1807275628,160.3689287,1.603689287,105.0364879,105.0364879
61.722,24430.675,0.18079422,160.4533198,1.604533198,105.0917614,105.0917614
61.849,24425.35,0.1808888907,160.5731774,1.605731774,105.1702642,105.1702642
61.976,24482.35,0.179876584,159.2915495,1.592915495,104.3308392,104.3308392
62.103,24452.675,0.1804033106,159.9584102,1.599584102,104.7676115,104.7676115
62.23,24474.8,0.1800105348,159.4611374,1.594611374,104.4419138,104.4419138
62.357,24462.9375,0.1802210806,159.7276984,1.597276984,104.6165027,104.6165027
62.484,24480.8375,0.1799034152,159.325519,1.59325519,104.3530882,104.3530882
62.611,24494.9625,0.1796529074,159.0083644,1.590083644,104.1453621,104.1453621
62.738,24469.6,0.1801028163,159.5779702,1.595779702,104.5184355,104.5184355
62.865,24465.4375,0.1801767,159.6715104,1.596715104,104.5797014,104.5797014
62.992,24442.975,0.1805756228,160.1765654,1.601765654,104.9104962,104.9104962
63.119,24444.6125,0.1805465292,160.1397316,1.601397316,104.8863712,104.8863712
63.246,24487.075,0.1797927749,159.1854432,1.591854432,104.261343,104.261343
63.373,24512.225,0.1793469519,158.6210104,1.586210104,103.8916576,103.8916576
63.5,24484.3125,0.1798417725,159.2474764,1.592474764,104.3019728,104.3019728
63.627,24546.825,0.1787343599,157.84544,1.5784544,103.383684,103.383684
63.754,24489.125,0.1797564183,159.1394141,1.591394141,104.2311954,104.2311954
63.881,24497.3,0.1796114656,158.9558972,1.589558972,104.1109977,104.1109977
64.008,24462.875,0.1802221902,159.7291031,1.597291031,104.6174228,104.6174228
64.135,24478.6875,0.1799415583,159.37381,1.5937381,104.3847172,104.3847172
64.262,24501.575,0.1795356839,158.859954,1.58859954,104.048158,104.048158
64.389,24511.4,0.1793615691,158.6395164,1.586395164,103.9037785,103.9037785
64.516,24564.9125,0.1784144648,157.4404378,1.574404378,103.1184206,103.1184206
64.643,24511.4625,0.1793604617,158.6381144,1.586381144,103.9028602,103.9028602
64.77,24479.95,0.1799191599,159.3454526,1.593454526,104.366144,104.366144
64.897,24539.375,0.178866189,158.0123418,1.580123418,103.4929993,103.4929993
65.024,24567.6,0.1783669539,157.3802867,1.573802867,103.0790236,103.0790236
65.151,24509.9375,0.1793874825,158.672324,1.58672324,103.9252664,103.9252664
65.278,24541.375,0.1788307947,157.967531,1.57967531,103.4636497,103.4636497
65.405,24531.8125,0.1790000497,158.1818158,1.581818158,103.6039993,103.6039993
65.532,24581.4375,0.1781224099,157.0706826,1.570706826,102.8762428,102.8762428
65.659,24581.0625,0.1781290353,157.0790706,1.570790706,102.8817367,102.8817367
65.786,24555.4125,0.1785824522,157.6531178,1.576531178,103.2577191,103.2577191
65.913,24580.5125,0.1781387527,157.0913733,1.570913733,102.8897946,102.8897946
66.04,24566.8375,0.1783804332,157.3973522,1.573973522,103.0902009,103.0902009
66.167,24603.7125,0.1777290428,156.5726613,1.565726613,102.5500549,102.5500549
66.294,24602.7625,0.1777458121,156.593892,1.56593892,102.5639604,102.5639604
66.421,24596.1125,0.1778632155,156.7425303,1.567425303,102.6613137,102.6613137
66.548,24616.575,0.1775020586,156.2852887,1.562852887,102.3618351,102.3618351
66.675,24556.05,0.1785711773,157.6388432,1.576388432,103.2483698,103.2483698
66.802,24609.3375,0.177629764,156.4469696,1.564469696,102.4677309,102.4677309
66.929,24573.825,0.1782569252,157.2409852,1.572409852,102.9877856,102.9877856
67.056,24622.325,0.1774006269,156.1568713,1.561568713,102.2777259,102.2777259
67.183,24594.5,0.1778916885,156.7785783,1.567785783,102.684924,102.684924
67.31,24611.2125,0.1775966761,156.4050788,1.564050788,102.4402938,102.4402938
67.437,24585.8625,0.1780442379,156.9717131,1.569717131,102.811421,102.811421
67.564,24522.475,0.1791653859,158.3911392,1.583911392,103.7410994,103.7410994
67.691,24569.4375,0.1783344726,157.3391639,1.573391639,103.0520895,103.0520895
67.818,24557.8,0.1785402282,157.5996602,1.575996602,103.2227061,103.2227061
67.945,24557.7875,0.1785404493,157.5999401,1.575999401,103.2228894,103.2228894
68.072,24547.475,0.1787228599,157.8308805,1.578308805,103.374148,103.374148
68.199,24597.575,0.1778373929,156.7098376,1.567098376,102.639901,102.639901
68.326,24569.9,0.1783262974,157.3288138,1.573288138,103.0453105,103.0453105
68.453,24579.125,0.1781632681,157.122411,1.57122411,102.9101233,102.9101233
68.58,24590.2625,0.1779665215,156.8733205,1.568733205,102.746977,102.746977
68.707,24581.35,0.1781239558,157.0726398,1.570726398,102.8775247,102.8775247
68.834,24563.6,0.1784376697,157.4698163,1.574698163,103.1376626,103.1376626
68.961,24569.1,0.1783404384,157.3467169,1.573467169,103.0570364,103.0570364
69.088,24609.225,0.1776317493,156.4494832,1.564494832,102.4693772,102.4693772
69.215,24585.5125,0.1780504205,156.9795406,1.569795406,102.8165477,102.8165477
69.342,24581.6625,0.1781184347,157.0656498,1.570656498,102.8729465,102.8729465
69.469,24590.425,0.1779636516,156.869687,1.56869687,102.7445972,102.7445972
69.596,24684.9625,0.1762972145,154.7598994,1.547598994,101.3627542,101.3627542
69.723,24675.85,0.1764575648,154.9629103,1.549629103,101.4957198,101.4957198
69.85,24696.825,0.176088562,154.4957354,1.544957354,101.1897353,101.1897353
69.977,24727.15,0.175555623,153.8210096,1.538210096,100.7478116,100.7478116
70.104,24704.7125,0.1759498822,154.3201602,1.543201602,101.0747392,101.0747392
70.231,24735.1125,0.1754157964,153.6439825,1.536439825,100.6318646,100.6318646
70.358,24695.8875,0.1761050483,154.5166078,1.545166078,101.203406,101.203406
70.485,24639.6625,0.1770949315,155.7698466,1.557698466,102.0242371,102.0242371
70.612,24619.425,0.1774517808,156.2216346,1.562216346,102.3201437,102.3201437
70.739,24575.925,0.1782198134,157.1939999,1.571939999,102.9570117,102.9570117
70.866,24568.425,0.1783523701,157.361823,1.57361823,103.0669305,103.0669305
70.993,24510.0375,0.1793857106,158.6700807,1.586700807,103.9237971,103.9237971
71.12,24545.4,0.1787595724,157.8773603,1.578773603,103.4045908,103.4045908
71.247,24518.925,0.1792282611,158.4707422,1.584707422,103.7932369,103.7932369
71.374,24551.9,0.1786445798,157.7317742,1.577317742,103.3092366,103.3092366
71.501,24546.1875,0.178745639,157.8597199,1.578597199,103.3930369,103.3930369
71.628,24538.1875,0.1788872057,158.03895,1.5803895,103.5104268,103.5104268
71.755,24603.225,0.177737648,156.5835559,1.565835559,102.5571905,102.5571905
71.882,24600.325,0.1777888416,156.6483694,1.566483694,102.5996413,102.5996413
72.009,24601.0375,0.1777762633,156.6324447,1.566324447,102.5892111,102.5892111
72.136,24612.7,0.1775704282,156.3718477,1.563718477,102.4185285,102.4185285
72.263,24578.5,0.1781743115,157.1363924,1.571363924,102.9192807,102.9192807
72.39,24566.5875,0.1783848527,157.4029475,1.574029475,103.0938657,103.0938657
72.517,24648.975,0.176930822,155.5620762,1.555620762,101.8881542,101.8881542
72.644,24644.0125,0.1770182659,155.6727844,1.556727844,101.9606645,101.9606645
72.771,24617.475,0.1774861808,156.2651866,1.562651866,102.3486689,102.3486689
72.898,24656.9625,0.1767901117,155.3839303,1.553839303,101.7714744,101.7714744
73.025,24652.375,0.176870921,155.4862387,1.554862387,101.8384831,101.8384831
73.152,24645.425,0.1769933746,155.6412707,1.556412707,101.940024,101.940024
73.279,24640.1625,0.1770861187,155.7586891,1.557586891,102.0169293,102.0169293
73.406,24588.7,0.1779941181,156.908259,1.56908259,102.7698606,102.7698606
73.533,24598.175,0.1778267994,156.6964258,1.566964258,102.6311167,102.6311167
73.66,24641.6125,0.1770605625,155.7263338,1.557263338,101.9957376,101.9957376
73.787,24618.175,0.1774738318,156.2495521,1.562495521,102.3384288,102.3384288
73.914,24624.0625,0.1773699815,156.1180729,1.561180729,102.2523141,102.2523141
74.041,24609.5875,0.1776253521,156.441384,1.56441384,102.4640725,102.4640725
74.168,24640.35,0.1770828139,155.7545052,1.557545052,102.014189,102.014189
74.295,24620.7625,0.1774281875,156.1917644,1.561917644,102.3005797,102.3005797
74.422,24599.9125,0.177796124,156.6575892,1.566575892,102.60568,102.60568
74.549,24551.35,0.1786543088,157.7440915,1.577440915,103.317304,103.317304
74.676,24529.4,0.179042761,158.2358904,1.582358904,103.6394164,103.6394164
74.803,24538.375,0.1788838872,158.0347486,1.580347486,103.5076751,103.5076751
74.93,24557.3875,0.1785475232,157.6088959,1.576088959,103.2287553,103.2287553
75.057,24571.5375,0.1782973542,157.2921702,1.572921702,103.0213101,103.0213101
75.184,24529.6875,0.1790376709,158.229446,1.58229446,103.6351956,103.6351956
75.311,24560.1875,0.1784980083,157.5462078,1.575462078,103.1876966,103.1876966
75.438,24585.0375,0.1780588113,156.9901637,1.569901637,102.8235056,102.8235056
75.565,24590.8875,0.1779554834,156.8593457,1.568593457,102.737824,102.737824
75.692,24570.0875,0.1783229832,157.3246178,1.573246178,103.0425622,103.0425622
75.819,24585.4625,0.1780513037,156.9806588,1.569806588,102.8172801,102.8172801
75.946,24582.125,0.1781102636,157.0553048,1.570553048,102.8661709,102.8661709
76.073,24584.125,0.1780749309,157.0105719,1.570105719,102.8368723,102.8368723
76.2,24560.85,0.1784862936,157.5313764,1.575313764,103.1779825,103.1779825
76.327,24542.8,0.178805578,157.9356055,1.579356055,103.4427395,103.4427395
76.454,24570.9125,0.178308401,157.306156,1.57306156,103.0304704,103.0304704
76.581,24567.325,0.1783718152,157.3864414,1.573864414,103.0830547,103.0830547
76.708,24595.4375,0.1778751342,156.7576199,1.567576199,102.6711968,102.6711968
76.835,24608.975,0.1776361613,156.4550689,1.564550689,102.4730357,102.4730357
76.962,24572.3875,0.1782823309,157.2731501,1.572731501,103.0088525,103.0088525
77.089,24581.4875,0.1781215265,157.0695642,1.570695642,102.8755103,102.8755103
77.216,24518.75,0.1792313609,158.4746666,1.584746666,103.7958072,103.7958072
77.343,24561.9875,0.1784661803,157.5059121,1.575059121,103.1613042,103.1613042
77.47,24551,0.1786605,157.75193,1.5775193,103.322438,103.322438
77.597,24525.5875,0.1791102668,158.3213559,1.583213559,103.6953936,103.6953936
77.724,24549.9625,0.1786788533,157.775166,1.57775166,103.3376568,103.3376568
77.851,24584.125,0.1780749309,157.0105719,1.570105719,102.8368723,102.8368723
77.978,24571.1375,0.1783044241,157.3011211,1.573011211,103.0271726,103.0271726
78.105,24612.6875,0.1775706487,156.3721269,1.563721269,102.4187114,102.4187114
78.232,24616.0125,0.1775119826,156.2978528,1.562978528,102.3700642,102.3700642
78.359,24576.175,0.1782153955,157.1884067,1.571884067,102.9533483,102.9533483
78.486,24613.9,0.1775492545,156.3450409,1.563450409,102.4009709,102.4009709
78.613,24520.3625,0.1792028,158.4385072,1.584385072,103.772124,103.772124
78.74,24512.925,0.1793345499,158.6053088,1.586053088,103.8813736,103.8813736
78.867,24591.725,0.1779406927,156.84062,1.5684062,102.7255593,102.7255593
78.994,24527.0375,0.1790845913,158.2888494,1.582888494,103.6741029,103.6741029
79.121,24507.9375,0.1794229222,158.7171923,1.587171923,103.9546537,103.9546537
79.248,24535.5625,0.1789336673,158.0977726,1.580977726,103.5489537,103.5489537
79.375,24531.2125,0.1790106718,158.1952639,1.581952639,103.6128074,103.6128074
79.502,24497.2,0.1796132385,158.9581416,1.589581416,104.1124678,104.1124678
79.629,24556.025,0.1785716195,157.639403,1.57639403,103.2487364,103.2487364
79.756,24550.9125,0.1786620479,157.7538896,1.577538896,103.3237214,103.3237214
79.883,24554.675,0.1785954961,157.6696319,1.576696319,103.2685353,103.2685353
80.01,24503.6125,0.1794995704,158.8142325,1.588142325,104.018212,104.018212
80.137,24524.6625,0.1791266469,158.3420938,1.583420938,103.7089763,103.7089763
80.264,24532.025,0.1789962877,158.177053,1.58177053,103.6008799,103.6008799
80.391,24527.9375,0.1790686555,158.2686739,1.582686739,103.6608886,103.6608886
80.518,24489.3875,0.1797517631,159.1335204,1.591335204,104.2273352,104.2273352
80.645,24526.325,0.1790972075,158.3048222,1.583048222,103.6845646,103.6845646
80.772,24554.3,0.1786021287,157.6780291,1.576780291,103.2740352,103.2740352
80.899,24532.35,0.1789905343,158.1697688,1.581697688,103.596109,103.596109
81.026,24557.225,0.178550397,157.6125343,1.576125343,103.2311383,103.2311383
81.153,24526.375,0.1790963221,158.3037013,1.583037013,103.6838304,103.6838304
81.28,24506.9375,0.1794406431,158.7396278,1.587396278,103.9693483,103.9693483
81.407,24469.05,0.180112578,159.5903289,1.595903289,104.5265301,104.5265301
81.534,24529.7375,0.1790367856,158.2283252,1.582283252,103.6344615,103.6344615
81.661,24517.4125,0.1792550523,158.5046611,1.585046611,103.8154526,103.8154526
81.788,24465.575,0.1801742592,159.6684202,1.596684202,104.5776774,104.5776774
81.915,24482.25,0.1798783579,159.2937954,1.592937954,104.3323102,104.3323102
82.042,24503.0375,0.1795097617,158.8271351,1.588271351,104.0266627,104.0266627
82.169,24474.65,0.1800131965,159.4645073,1.594645073,104.444121,104.444121
82.296,24513.1,0.1793314494,158.6013835,1.586013835,103.8788027,103.8788027
82.423,24509.0125,0.179403873,158.6930751,1.586930751,103.9388578,103.9388578
82.55,24505.1625,0.1794720996,158.7794532,1.587794532,103.9954326,103.9954326
82.677,24510.15,0.1793837172,158.667557,1.58667557,103.9221442,103.9221442
82.804,24509.3875,0.1793972282,158.6846624,1.586846624,103.9333477,103.9333477
82.931,24521.7,0.1791791114,158.4085164,1.584085164,103.7524809,103.7524809
83.058,24529.375,0.1790432037,158.2364508,1.582364508,103.6397835,103.6397835
83.185,24564.1125,0.1784286086,157.4583445,1.574583445,103.1301489,103.1301489
83.312,24486.125,0.1798096241,159.2067751,1.592067751,104.2753147,104.2753147
83.439,24509.3875,0.1793972282,158.6846624,1.586846624,103.9333477,103.9333477
83.566,24534.7,0.1789489344,158.1171014,1.581171014,103.5616135,103.5616135
83.693,24578.875,0.1781676854,157.1280035,1.571280035,102.9137862,102.9137862
83.82,24573.0875,0.1782699592,157.257487,1.57257487,102.9985937,102.9985937
83.947,24593.6125,0.1779073604,156.7984197,1.567984197,102.6979194,102.6979194
84.074,24553.1875,0.178621806,157.7029415,1.577029415,103.2903521,103.2903521
84.201,24542.8375,0.1788049144,157.9347654,1.579347654,103.4421893,103.4421893
84.328,24575.15,0.178233509,157.2113393,1.572113393,102.9683684,102.9683684
84.455,24553.675,0.1786131833,157.6920247,1.576920247,103.2832019,103.2832019
84.582,24563.9125,0.1784321446,157.4628213,1.574628213,103.1330811,103.1330811
84.709,24597.1625,0.1778446761,156.7190584,1.567190584,102.6459403,102.6459403
84.836,24557.0125,0.178554155,157.6172922,1.576172922,103.2342546,103.2342546
84.963,24613.725,0.1775523423,156.3489501,1.563489501,102.4035313,102.4035313
85.09,24647.4,0.1769585731,155.5972104,1.555972104,101.911166,101.911166
85.217,24622.075,0.1774050365,156.1624541,1.561624541,102.2813824,102.2813824
85.344,24624.125,0.1773688792,156.1166773,1.561166773,102.2514001,102.2514001
85.471,24650.825,0.1768982278,155.5208104,1.555208104,101.8611264,101.8611264
85.598,24672.9375,0.1765088277,155.0278116,1.550278116,101.5382281,101.5382281
85.725,24618.2125,0.1774731702,156.2487146,1.562487146,102.3378802,102.3378802
85.852,24577.6875,0.1781886684,157.1545689,1.571545689,102.9311857,102.9311857
85.979,24568.85,0.1783448575,157.3523117,1.573523117,103.0607008,103.0607008
86.106,24581.4875,0.1781215265,157.0695642,1.570695642,102.8755103,102.8755103
86.233,24595.85,0.1778678505,156.7483984,1.567483984,102.6651571,102.6651571
86.36,24621.4125,0.1774167221,156.1772486,1.561772486,102.2910723,102.2910723
86.487,24571.075,0.1783055288,157.3025197,1.573025197,103.0280887,103.0280887
86.614,24636.075,0.1771581688,155.8499079,1.558499079,102.0766747,102.0766747
86.741,24633.2375,0.1772081922,155.91324,1.5591324,102.1181552,102.1181552
86.868,24619.2125,0.1774555294,156.2263805,1.562263805,102.3232521,102.3232521
86.995,24589.325,0.1779830792,156.8942834,1.568942834,102.760707,102.760707
87.122,24580.975,0.1781305812,157.0810278,1.570810278,102.8830186,102.8830186
87.249,24588.3375,0.1780005207,156.9163651,1.569163651,102.7751699,102.7751699
87.376,24577.975,0.1781835882,157.1481372,1.571481372,102.9269731,102.9269731
87.503,24563.775,0.1784345757,157.4658991,1.574658991,103.1350969,103.1350969
87.63,24542.075,0.1788184074,157.9518481,1.579518481,103.4533779,103.4533779
87.757,24568.925,0.1783435318,157.3506332,1.573506332,103.0596015,103.0596015
87.884,24593.575,0.1779080226,156.7992581,1.567992581,102.6984686,102.6984686
88.011,24544.3875,0.1787774875,157.9000416,1.579000416,103.4194463,103.4194463
88.138,24559.025,0.1785185651,157.5722337,1.575722337,103.2047427,103.2047427
88.265,24532.925,0.1789803552,158.1568816,1.581568816,103.5876683,103.5876683
88.392,24505.5875,0.1794645675,158.7699173,1.587699173,103.9891869,103.9891869
88.519,24530.6375,0.1790208516,158.208152,1.58208152,103.6212487,103.6212487
88.646,24560.45,0.1784933666,157.5403312,1.575403312,103.1838475,103.1838475
88.773,24563.525,0.1784389958,157.4714952,1.574714952,103.1387622,103.1387622
88.9,24537.225,0.178904241,158.0605176,1.580605176,103.5245529,103.5245529
89.027,24572.475,0.1782807845,157.2711922,1.572711922,103.0075702,103.0075702
89.154,24565.575,0.1784027523,157.4256093,1.574256093,103.1087084,103.1087084
89.281,24569.0125,0.1783419851,157.348675,1.57348675,103.0583189,103.0583189
89.408,24579.3875,0.1781586299,157.1165388,1.571165388,102.9062772,102.9062772
89.535,24554.4125,0.1786001389,157.6755099,1.576755099,103.2723853,103.2723853
89.662,24543.3125,0.1787965092,157.924124,1.57924124,103.4352195,103.4352195
89.789,24570.5625,0.1783145873,157.3139882,1.573139882,103.0356002,103.0356002
89.916,24635.8,0.1771630166,155.8560455,1.558560455,102.0806947,102.0806947
90.043,24622.4875,0.1773977607,156.1532426,1.561532426,102.2753491,102.2753491
90.17,24635.1125,0.1771751365,155.8713898,1.558713898,102.0907447,102.0907447
90.297,24554.5375,0.178597928,157.6727108,1.576727108,103.270552,103.270552
90.424,24560.8625,0.1784860726,157.5310966,1.575310966,103.1777992,103.1777992
90.551,24594.025,0.1779000762,156.7891976,1.567891976,102.6918792,102.6918792
90.678,24596.8375,0.1778504144,156.7263234,1.567263234,102.6506987,102.6506987
90.805,24606.7375,0.17767565,156.5050635,1.565050635,102.5057806,102.5057806
90.932,24577.6875,0.1781886684,157.1545689,1.571545689,102.9311857,102.9311857
91.059,24602.4,0.1777522111,156.6019935,1.566019935,102.5692665,102.5692665
91.186,24586.8125,0.178027457,156.9504678,1.569504678,102.797506,102.797506
91.313,24611.875,0.1775849856,156.3902781,1.563902781,102.4305998,102.4305998
91.44,24573.6125,0.1782606807,157.2457399,1.572457399,102.9908997,102.9908997
91.567,24605.225,0.1777023456,156.5388614,1.565388614,102.5279171,102.5279171
91.694,24526.7625,0.1790894606,158.2950143,1.582950143,103.6781407,103.6781407
91.821,24618.7125,0.1774643497,156.2375474,1.562375474,102.3305661,102.3305661
91.948,24604.625,0.177712936,156.5522694,1.565522694,102.5366988,102.5366988
92.075,24599.9,0.1777963447,156.6578686,1.566578686,102.605863,102.605863
92.202,24592.525,0.1779265648,156.8227334,1.568227334,102.7138441,102.7138441
92.329,24644.35,0.1770123183,155.6652544,1.556652544,101.9557326,101.9557326
92.456,24595.85,0.1778678505,156.7483984,1.567483984,102.6651571,102.6651571
92.583,24609.3125,0.1776302052,156.4475282,1.564475282,102.4680968,102.4680968
92.71,24616.375,0.1775055871,156.2897559,1.562897559,102.364761,102.364761
92.837,24611.25,0.1775960144,156.404241,1.56404241,102.4397451,102.4397451
92.964,24572.025,0.1782887378,157.2812615,1.572812615,103.0141653,103.0141653
93.091,24648.025,0.1769475605,155.583268,1.55583268,101.9020341,101.9020341
93.218,24597.95,0.177830772,156.7014552,1.567014552,102.6344108,102.6344108
93.345,24654.0125,0.1768420745,155.4497177,1.554497177,101.814563,101.814563
93.472,24652.3875,0.1768707007,155.4859599,1.554859599,101.8383005,101.8383005
93.599,24587.425,0.1780166382,156.9367705,1.569367705,102.7885348,102.7885348
93.726,24611.95,0.1775836622,156.3886026,1.563886026,102.4295024,102.4295024
93.853,24615.1875,0.1775265381,156.3162808,1.563162808,102.3821339,102.3821339
93.98,24611.9375,0.1775838828,156.3888819,1.563888819,102.4296853,102.4296853
94.107,24624.6375,0.1773598404,156.1052337,1.561052337,102.2439049,102.2439049
94.234,24627.5375,0.1773086973,156.0404841,1.560404841,102.201496,102.201496
94.361,24683.45,0.1763238255,154.7935901,1.547935901,101.3848205,101.3848205
94.488,24701.6875,0.1760030632,154.3874899,1.543874899,101.118838,101.118838
94.615,24698.45,0.1760599872,154.4595584,1.544595584,101.1660405,101.1660405
94.742,24642.1,0.1770519707,155.7154562,1.557154562,101.9886131,101.9886131
94.869,24655.7875,0.176810808,155.4101328,1.554101328,101.7886362,101.7886362
94.996,24706.525,0.1759180206,154.2798221,1.542798221,101.048319,101.048319
95.123,24651.7875,0.1768812709,155.4993422,1.554993422,101.8470655,101.8470655
95.25,24689.975,0.1762090362,154.6482614,1.546482614,101.2896349,101.2896349
95.377,24637.8125,0.1771275405,155.8111311,1.558111311,102.0512772,102.0512772
95.504,24581.7875,0.1781162263,157.0628538,1.570628538,102.8711152,102.8711152
95.631,24661.4875,0.1767104181,155.2830345,1.552830345,101.7053908,101.7053908
95.758,24690.075,0.1762072772,154.6460344,1.546460344,101.2881763,101.2881763
95.885,24698.8125,0.1760536131,154.4514885,1.544514885,101.160755,101.160755
96.012,24706.075,0.1759259309,154.2898368,1.542898368,101.0548783,101.0548783
96.139,24722.975,0.1756289566,153.9138534,1.539138534,100.8086213,100.8086213
96.266,24700.3875,0.1760259198,154.4164275,1.544164275,101.1377911,101.1377911
96.393,24682.4375,0.1763416404,154.8161445,1.548161445,101.399593,101.399593
96.52,24690.8375,0.1761938651,154.6290541,1.546290541,101.2770548,101.2770548
96.647,24703.075,0.1759786694,154.3566063,1.543566063,101.0986102,101.0986102
96.774,24653.0375,0.17685925,155.4714627,1.554714627,101.8288053,101.8288053
96.901,24719.2,0.175695275,153.9978156,1.539978156,100.8636138,100.8636138
97.028,24701.4125,0.1760078981,154.3936112,1.543936112,101.1228472,101.1228472
97.155,24723.325,0.1756228084,153.9060695,1.539060695,100.8035231,100.8035231
97.282,24680.925,0.176368254,154.8498387,1.548498387,101.4216616,101.4216616
97.409,24708.275,0.17588726,154.2408776,1.542408776,101.0228117,101.0228117
97.536,24737.875,0.1753672956,153.5825783,1.535825783,100.5916468,100.5916468
97.663,24746.675,0.1752128316,153.3870196,1.533870196,100.4635621,100.4635621
97.79,24720.5,0.1756724357,153.9689,1.539689,100.8446751,100.8446751
97.917,24741.575,0.1753023438,153.5003463,1.535003463,100.5377874,100.5377874
98.044,24705.075,0.1759435097,154.3120924,1.543120924,101.069455,101.069455
98.171,24705.45,0.1759369175,154.3037464,1.543037464,101.0639887,101.0639887
98.298,24754.225,0.1750803523,153.2192945,1.532192945,100.3537076,100.3537076
98.425,24694.7125,0.1761257119,154.542769,1.54542769,101.2205408,101.2205408
98.552,24751.1125,0.1751349622,153.2884332,1.532884332,100.3989912,100.3989912
98.679,24693.075,0.1761545109,154.5792298,1.545792298,101.2444214,101.2444214
98.806,24707.8625,0.1758945105,154.2500571,1.542500571,101.0288239,101.0288239
98.933,24720.7375,0.1756682633,153.9636175,1.539636175,100.8412152,100.8412152
99.06,24732.675,0.1754585957,153.6981684,1.536981684,100.6673546,100.6673546
99.187,24729.1125,0.175521156,153.7773728,1.537773728,100.7192309,100.7192309
99.314,24663.95,0.176667055,155.2281348,1.552281348,101.6694334,101.6694334
99.441,24696.6,0.1760925186,154.5007447,1.545007447,101.1930162,101.1930162
99.568,24685.725,0.1762837997,154.7429156,1.547429156,101.3516303,101.3516303
99.695,24684.6375,0.1763029325,154.7671385,1.547671385,101.3674956,101.3674956
99.822,24664.8125,0.176651868,155.2089073,1.552089073,101.65684,101.65684
99.949,24719.9,0.1756829768,153.9822455,1.539822455,100.8534159,100.8534159
100.076,24737.4625,0.1753745375,153.5917468,1.535917468,100.5976518,100.5976518
100.203,24739.4375,0.1753398655,153.5478504,1.535478504,100.5689011,100.5689011
100.33,24754.875,0.1750689486,153.204857,1.53204857,100.3442514,100.3442514
100.457,24760.5875,0.1749687413,153.0779897,1.530779897,100.2611575,100.2611575
100.584,24731.4125,0.1754807651,153.726236,1.53726236,100.685738,100.685738
100.711,24668.1375,0.1765933258,155.1347902,1.551347902,101.6082956,101.6082956
100.838,24678.6875,0.1764076277,154.8996876,1.548996876,101.454311,101.454311
100.965,24736.925,0.175383974,153.6036939,1.536036939,100.6054768,100.6054768
101.092,24754.3875,0.1750775013,153.2156851,1.532156851,100.3513435,100.3513435
101.219,24769.2875,0.1748161723,152.8848302,1.528848302,100.1346442,100.1346442
101.346,24764.0375,0.1749082334,153.0013838,1.530013838,100.2109831,100.2109831
101.473,24712.0875,0.1758202533,154.156044,1.54156044,100.9672484,100.9672484
101.6,24706.125,0.1759250519,154.288724,1.54288724,101.0541495,101.0541495
101.727,24701.3625,0.1760087772,154.3947241,1.543947241,101.1235762,101.1235762
101.854,24682.125,0.1763471389,154.823106,1.54823106,101.4041525,101.4041525
101.981,24692.525,0.1761641842,154.5914767,1.545914767,101.2524428,101.2524428
102.108,24708.95,0.1758753958,154.225857,1.54225857,101.0129736,101.0129736
102.235,24735.35,0.1754116264,153.6387032,1.536387032,100.6284067,100.6284067
102.362,24776.8625,0.1746833756,152.7167034,1.527167034,100.0245266,100.0245266
102.489,24758.425,0.1750066726,153.1260126,1.531260126,100.2926109,100.2926109
102.616,24726.7875,0.1755619898,153.8290702,1.538290702,100.7530911,100.7530911
102.743,24716.4,0.1757444713,154.0601004,1.540601004,100.9044084,100.9044084
102.87,24676.4,0.1764478849,154.9506551,1.549506551,101.4876931,101.4876931
102.997,24733.675,0.1754410365,153.6759377,1.536759377,100.6527941,100.6527941
103.124,24816.925,0.1739817181,151.828372,1.51828372,99.44269809,99.44269809
103.251,24782.9375,0.1745769047,152.5819062,1.525819062,99.93623874,99.93623874
103.378,24760.6875,0.1749669873,153.0757691,1.530757691,100.2597031,100.2597031
103.505,24703.0625,0.1759788892,154.3568845,1.543568845,101.0987924,101.0987924
103.632,24730.7375,0.1754926186,153.7412431,1.537412431,100.6955671,100.6955671
103.759,24732.4375,0.1754627661,153.7034484,1.537034484,100.6708128,100.6708128
103.886,24747.375,0.175200547,153.3714667,1.533714667,100.4533755,100.4533755
104.013,24759.0375,0.1749959287,153.1124103,1.531124103,100.2837019,100.2837019
104.14,24723.1875,0.1756252238,153.9091275,1.539091275,100.805526,100.805526
104.267,24757.2,0.1750281612,153.1532182,1.531532182,100.3104297,100.3104297
104.394,24724.5625,0.1756010708,153.8785487,1.538785487,100.7854978,100.7854978
104.521,24766.6875,0.174861762,152.9425489,1.529425489,100.1724481,100.1724481
104.648,24756.9625,0.1750323275,153.1584929,1.531584929,100.3138845,100.3138845
104.775,24774.775,0.1747199673,152.7630302,1.527630302,100.0548692,100.0548692
104.902,24717.6625,0.1757222883,154.0320158,1.540320158,100.8860138,100.8860138
105.029,24719.4375,0.1756911023,153.9925328,1.539925328,100.8601538,100.8601538
105.156,24800.625,0.1742670607,152.1896291,1.521896291,99.6793099,99.6793099
105.283,24774.8,0.1747195291,152.7624754,1.527624754,100.0545058,100.0545058
105.41,24755.375,0.1750601768,153.1937514,1.531937514,100.3369777,100.3369777
105.537,24777.5875,0.1746706679,152.7006147,1.527006147,100.013989,100.013989
105.664,24786.2625,0.1745186415,152.5081423,1.525081423,99.88792575,99.88792575
105.791,24753.75,0.1750886859,153.2298452,1.532298452,100.3606179,100.3606179
105.918,24830.0375,0.1737523109,151.5379316,1.515379316,99.25246899,99.25246899
106.045,24744.5,0.1752510037,153.4353472,1.534353472,100.4952151,100.4952151
106.172,24730.125,0.1755033748,153.7548609,1.537548609,100.7044863,100.7044863
106.299,24754.75,0.1750711416,153.2076334,1.532076334,100.3460699,100.3460699
106.426,24776.75,0.1746853476,152.7192,1.527192,100.0261617,100.0261617
106.553,24770.075,0.1748023648,152.8673492,1.528673492,100.1231948,100.1231948
106.68,24697.7375,0.1760725159,154.4754204,1.544754204,101.1764296,101.1764296
106.807,24755.1375,0.1750643434,153.1990265,1.531990265,100.3404327,100.3404327
106.934,24782.725,0.1745806286,152.5866208,1.525866208,99.93932663,99.93932663
107.061,24745.325,0.1752365242,153.4170155,1.534170155,100.4832085,100.4832085
107.188,24732.8125,0.1754561812,153.6951116,1.536951116,100.6653525,100.6653525
107.315,24773.4625,0.1747429757,152.7921599,1.527921599,100.0739481,100.0739481
107.442,24786.725,0.1745105379,152.4978827,1.524978827,99.88120604,99.88120604
107.569,24801.5,0.1742517385,152.1702305,1.521702305,99.66660439,99.66660439
107.696,24778.7625,0.1746500733,152.674541,1.52674541,99.99691159,99.99691159
107.823,24742.825,0.1752804029,153.4725679,1.534725679,100.5195935,100.5195935
107.95,24782.75,0.1745801905,152.5860661,1.525860661,99.93896335,99.93896335
108.077,24721.5,0.1756548679,153.9466583,1.539466583,100.8301075,100.8301075
108.204,24742.275,0.1752900568,153.4847902,1.534847902,100.5275987,100.5275987
108.331,24788.7125,0.1744757158,152.4537963,1.524537963,99.85233086,99.85233086
108.458,24823.425,0.1738679835,151.6843786,1.516843786,99.34838702,99.34838702
108.585,24739.425,0.1753400849,153.5481282,1.535481282,100.5690831,100.5690831
108.712,24778.55,0.1746537978,152.6792564,1.526792564,100,100
108.839,24776.025,0.1746980558,152.7352891,1.527352891,100.0366996,100.0366996
108.966,24779.125,0.1746437198,152.6664973,1.526664973,99.99164318,99.99164318
109.093,24740.65,0.1753185809,153.5209031,1.535209031,100.5512515,100.5512515
109.22,24754.5625,0.1750744311,153.211798,1.53211798,100.3487976,100.3487976
109.347,24783.675,0.174563981,152.5655442,1.525655442,99.92552214,99.92552214
109.474,24862.8625,0.1731785582,150.8115337,1.508115337,98.77670171,98.77670171
109.601,24796.9,0.1743322957,152.2722197,1.522722197,99.73340406,99.73340406
109.728,24848.5625,0.1734284167,151.1278663,1.511278663,98.98388941,98.98388941
109.855,24812.95,0.1740512859,151.9164481,1.519164481,99.5003851,99.5003851
109.982,24777.975,0.1746638759,152.6920158,1.526920158,100.008357,100.008357
110.109,24813.1625,0.1740475666,151.9117393,1.519117393,99.49730097,99.49730097
110.236,24793.6875,0.1743885633,152.3434571,1.523434571,99.78006226,99.78006226
110.363,24824.0125,0.1738577051,151.6713656,1.516713656,99.33986397,99.33986397
110.49,24749.425,0.1751645729,153.3259217,1.533259217,100.423545,100.423545
110.617,24835.325,0.1736598387,151.4208575,1.514208575,99.17578921,99.17578921
110.744,24865.325,0.1731355463,150.7570787,1.507570787,98.74103544,98.74103544
110.871,24830.3625,0.1737466264,151.5307349,1.515307349,99.24775534,99.24775534
110.998,24798.925,0.1742968312,152.2273199,1.522273199,99.70399616,99.70399616
111.125,24813.8875,0.1740348774,151.8956742,1.518956742,99.48677884,99.48677884
111.252,24813.2125,0.1740466915,151.9106313,1.519106313,99.4965753,99.4965753
111.379,24795.2375,0.1743614138,152.3090846,1.523090846,99.75754938,99.75754938
111.506,24813.775,0.1740368464,151.898167,1.51898167,99.48841157,99.48841157
111.633,24765.975,0.1748742562,152.9583671,1.529583671,100.1828085,100.1828085
111.76,24825.525,0.1738312448,151.6378657,1.516378657,99.31792257,99.31792257
111.887,24813.6375,0.174039253,151.9012138,1.519012138,99.49040713,99.49040713
112.014,24768.95,0.1748220899,152.8923222,1.528923222,100.1395512,100.1395512
112.141,24773.975,0.1747339913,152.7807853,1.527807853,100.0664981,100.0664981
112.268,24778.5,0.1746546741,152.6803659,1.526803659,100.0007267,100.0007267
112.395,24841.4625,0.1735525257,151.2849942,1.512849942,99.08680312,99.08680312
112.522,24810.2875,0.1740978895,151.9754504,1.519754504,99.53902969,99.53902969
112.649,24813.275,0.1740455976,151.9092464,1.519092464,99.49566821,99.49566821
112.776,24810.4125,0.1740957014,151.9726802,1.519726802,99.53721529,99.53721529
112.903,24814.4375,0.1740252514,151.8834872,1.518834872,99.47879674,99.47879674
113.03,24748.7625,0.1751761983,153.3406401,1.533406401,100.433185,100.433185
113.157,24766.675,0.1748619812,152.9428264,1.529428264,100.1726299,100.1726299
113.284,24795.6875,0.174353532,152.2991059,1.522991059,99.75101364,99.75101364
113.411,24778.2375,0.174659275,152.6861908,1.526861908,100.0045418,100.0045418
113.538,24779.8875,0.174630356,152.649578,1.52649578,99.98056161,99.98056161
113.665,24813.65,0.1740390342,151.9009368,1.519009368,99.49022571,99.49022571
113.792,24832.9125,0.1737020281,151.4742712,1.514742712,99.21077347,99.21077347
113.919,24837.8875,0.1736150307,151.3641284,1.513641284,99.13863348,99.13863348
114.046,24866.2125,0.1731200456,150.7374541,1.507374541,98.72818197,98.72818197
114.173,24808.875,0.1741226154,152.0067546,1.520067546,99.55953296,99.55953296
114.3,24815.8625,0.1740003122,151.851913,1.51851913,99.45811667,99.45811667
114.427,24829.3625,0.1737641173,151.5528791,1.515528791,99.26225908,99.26225908
114.554,24851.125,0.1733836325,151.0711674,1.510711674,98.94675347,98.94675347
114.681,24818.5875,0.1739526255,151.7915393,1.517915393,99.41857387,99.41857387
114.808,24811.2125,0.174081698,151.9549512,1.519549512,99.5256034,99.5256034
114.935,24841.5,0.1735518701,151.2841642,1.512841642,99.08625948,99.08625948
115.062,24810.1375,0.1741005152,151.9787746,1.519787746,99.54120697,99.54120697
115.189,24875.325,0.1729609228,150.535997,1.50535997,98.59623408,98.59623408
115.316,24828.6,0.1737774545,151.5697646,1.515697646,99.27331857,99.27331857
115.443,24844.8,0.1734941813,151.2111274,1.512111274,99.03842276,99.03842276
115.57,24813.2375,0.1740462539,151.9100773,1.519100773,99.49621246,99.49621246
115.697,24845.9,0.1734749534,151.186784,1.51186784,99.0224786,99.0224786
115.824,24792.65,0.1744067369,152.3664657,1.523664657,99.79513215,99.79513215
115.951,24861.7875,0.1731973362,150.8353076,1.508353076,98.79227287,98.79227287
116.078,24830.6375,0.1737418166,151.5246454,1.515246454,99.24376692,99.24376692
116.205,24860.425,0.1732211375,150.8654412,1.508654412,98.81200937,98.81200937
116.332,24873.2625,0.1729969331,150.5815879,1.505815879,98.62609459,98.62609459
116.459,24816.3125,0.173992437,151.8419426,1.518419426,99.45158636,99.45158636
116.586,24805.325,0.1741847648,152.0854386,1.520854386,99.61106845,99.61106845
116.713,24834.875,0.1736677079,151.4308203,1.514308203,99.18231451,99.18231451
116.84,24830.65,0.173741598,151.5243686,1.515243686,99.24358563,99.24358563
116.967,24824.4625,0.1738498324,151.6613985,1.516613985,99.33333581,99.33333581
117.094,24838.0375,0.1736124079,151.3608079,1.513608079,99.13645863,99.13645863
117.221,24840.4625,0.1735700087,151.3071285,1.513071285,99.10130037,99.10130037
117.348,24786.4125,0.1745160133,152.5048148,1.525048148,99.88574637,99.88574637
117.475,24832.425,0.1737105539,151.4850653,1.514850653,99.21784324,99.21784324
117.602,24825.2375,0.1738362743,151.6442333,1.516442333,99.32209315,99.32209315
117.729,24789.4375,0.1744630141,152.4377153,1.524377153,99.84179835,99.84179835
117.856,24825.1875,0.173837149,151.6453407,1.516453407,99.32281847,99.32281847
117.983,24823.9375,0.1738590172,151.6730268,1.516730268,99.34095201,99.34095201
118.11,24786.3125,0.1745177655,152.5070331,1.525070331,99.88719929,99.88719929
118.237,24788.025,0.1744877609,152.4690459,1.524690459,99.86231887,99.86231887
118.364,24706.3625,0.1759208771,154.2834385,1.542834385,101.0506876,101.0506876
118.491,24762.725,0.1749312517,153.0305261,1.530305261,100.2300704,100.2300704
118.618,24839.425,0.1735881481,151.3300938,1.513300938,99.11634189,99.11634189
118.745,24831.375,0.1737289177,151.5083148,1.515083148,99.23307091,99.23307091
118.872,24805.9375,0.1741740412,152.0718621,1.520718621,99.60217624,99.60217624
118.999,24856.325,0.1732927676,150.9561282,1.509561282,98.87140647,98.87140647
119.126,24846.0875,0.173471676,151.1826347,1.511826347,99.01976092,99.01976092
119.253,24837.975,0.1736135007,151.3621914,1.513621914,99.13736482,99.13736482
119.38,24828.4875,0.1737794223,151.572256,1.51572256,99.27495032,99.27495032
119.507,24823.0625,0.1738743256,151.692408,1.51692408,99.35364603,99.35364603
119.634,24824.05,0.173857049,151.670535,1.51670535,99.33931995,99.33931995
119.761,24804.875,0.1741926435,152.0954135,1.520954135,99.61760165,99.61760165
119.888,24848.9125,0.1734222995,151.1201217,1.511201217,98.97881695,98.97881695
120.015,24866.5625,0.1731139329,150.729715,1.50729715,98.72311312,98.72311312
120.142,24824.8375,0.173843272,151.6530927,1.516530927,99.32789577,99.32789577
120.269,24860.75,0.17321546,150.8582532,1.508582532,98.80730148,98.80730148
120.396,24880.15,0.172876692,150.4293569,1.504293569,98.52638823,98.52638823
120.523,24869.6,0.1730608862,150.6625554,1.506625554,98.67912573,98.67912573
120.65,24878.9625,0.1728974208,150.4556006,1.504556006,98.54357702,98.54357702
120.777,24895.0625,0.1726164654,150.0998978,1.500998978,98.31060313,98.31060313
120.904,24902.225,0.1724915335,149.9431927,1.499431927,98.20796631,98.20796631
121.031,24877.4625,0.1729236061,150.4887524,1.504887524,98.56529033,98.56529033
121.158,24857.8125,0.1732667785,150.9232248,1.509232248,98.84985578,98.84985578
121.285,24882.575,0.1728343646,150.3757684,1.503757684,98.49128948,98.49128948
121.412,24932,0.1719725681,149.3026707,1.493026707,97.788445,97.788445
121.539,24887.0625,0.1727560479,150.2766158,1.502766158,98.42634771,98.42634771
121.666,24884.275,0.1728046942,150.3382043,1.503382043,98.46668621,98.46668621
121.793,24910.925,0.1723398322,149.7559585,1.497559585,98.08533393,98.08533393
121.92,24927.0125,0.1720594549,149.4099088,1.494099088,97.85868252,97.85868252
122.047,24931.075,0.1719886811,149.3225578,1.493225578,97.80147045,97.80147045
122.174,24900.6625,0.1725187844,149.9768265,1.499768265,98.22999534,98.22999534
122.301,24854.8875,0.1733178846,150.9879275,1.509879275,98.89223399,98.89223399
122.428,24815.525,0.1740062187,151.8593909,1.518593909,99.46301447,99.46301447
122.555,24900.3125,0.1725248888,149.9843607,1.499843607,98.23493003,98.23493003
122.682,24889.4375,0.1727146047,150.2241467,1.502241467,98.39198216,98.39198216
122.809,24845.0125,0.1734904668,151.2064246,1.512064246,99.03534259,99.03534259
122.936,24876.625,0.1729382269,150.507263,1.50507263,98.57741417,98.57741417
123.063,24863.1375,0.1731737546,150.8054522,1.508054522,98.7727185,98.7727185
123.19,24887.4625,0.1727490677,150.2677786,1.502677786,98.4205596,98.4205596
123.317,24902.0625,0.1724943675,149.9466905,1.499466905,98.21025726,98.21025726
123.444,24880.85,0.1728644733,150.4138875,1.504138875,98.51625628,98.51625628
123.571,24876.7625,0.1729358264,150.5042239,1.505042239,98.57542366,98.57542366
123.698,24862.15,0.173191004,150.8272907,1.508272907,98.78702206,98.78702206
123.825,24891.3625,0.1726810167,150.1816228,1.501816228,98.36413038,98.36413038
123.952,24942.6,0.1717879643,149.0748273,1.490748273,97.63921493,97.63921493
124.079,24816.4125,0.1739906869,151.8397269,1.518397269,99.4501352,99.4501352
124.206,24818.6625,0.1739513131,151.7898778,1.517898778,99.4174856,99.4174856
124.333,24919.4625,0.1721910158,149.572285,1.49572285,97.96503372,97.96503372
124.46,24943.1125,0.1717790408,149.0638138,1.490638138,97.63200141,97.63200141
124.587,24922.975,0.1721298045,149.4967363,1.494967363,97.91555175,97.91555175
124.714,24931.6125,0.1719793181,149.3110017,1.493110017,97.79390155,97.79390155
124.841,24891.4375,0.1726797082,150.1799661,1.501799661,98.36304529,98.36304529
124.968,24907.075,0.1724069578,149.8388069,1.498388069,98.13959699,98.13959699
125.095,24951.2,0.171638249,148.8900444,1.488900444,97.51818807,97.51818807
125.222,24909.4,0.1723664197,149.7887736,1.497887736,98.10682674,98.10682674
125.349,24901.75,0.1724998176,149.9534171,1.499534171,98.21466299,98.21466299
125.476,24927.35,0.1720535748,149.4026514,1.494026514,97.85392916,97.85392916
125.603,24907.95,0.1723917011,149.8199766,1.498199766,98.12726374,98.12726374
125.73,24906.775,0.1724121888,149.8452632,1.498452632,98.14382564,98.14382564
125.857,24850.2875,0.1733982688,151.0896977,1.510896977,98.95889016,98.95889016
125.984,24834.475,0.1736747029,151.4396762,1.514396762,99.18811488,99.18811488
126.111,24831.3125,0.1737300108,151.5096987,1.515096987,99.23397734,99.23397734
126.238,24803.2625,0.1742208768,152.1311581,1.521311581,99.64101324,99.64101324
126.365,24824.1875,0.1738546435,151.6674895,1.516674895,99.33732523,99.33732523
126.492,24846.3875,0.1734664322,151.1759958,1.511759958,99.01541266,99.01541266
126.619,24877.175,0.1729286251,150.4951067,1.504951067,98.5694522,98.5694522
126.746,24875.1125,0.1729646328,150.5406941,1.505406941,98.5993105,98.5993105
126.873,24877.675,0.1729198964,150.4840557,1.504840557,98.5622142,98.5622142
127,24908.7625,0.1723775346,149.8024919,1.498024919,98.11581182,98.11581182
127.127,24926.1375,0.1720747,149.4287247,1.494287247,97.87100634,97.87100634
127.254,24946.6375,0.17171767,148.9880681,1.489880681,97.58239044,97.58239044
127.381,24917.175,0.172230884,149.6214915,1.496214915,97.99726238,97.99726238
127.508,24916.55,0.1722417776,149.6349367,1.496349367,98.00606854,98.00606854
127.635,24904.4875,0.1724520774,149.8944947,1.498944947,98.17607072,98.17607072
127.762,24903.1,0.1724762738,149.9243587,1.499243587,98.19563065,98.19563065
127.889,24860.3625,0.1732222293,150.8668235,1.508668235,98.81291474,98.81291474
128.016,24868.6625,0.1730772579,150.6832828,1.506832828,98.69270151,98.69270151
128.143,24869.2625,0.1730667799,150.6700172,1.506700172,98.68401295,98.68401295
128.27,24889.0875,0.1727207118,150.2318787,1.502318787,98.39704635,98.39704635
128.397,24889.6875,0.1727102424,150.218624,1.50218624,98.38836492,98.38836492
128.524,24923.3625,0.1721230522,149.4884024,1.494884024,97.91009332,97.91009332
128.651,24927.6125,0.1720490014,149.3970068,1.493970068,97.85023215,97.85023215
128.778,24905.4875,0.1724346393,149.8729722,1.498729722,98.16197414,98.16197414
128.905,24936.0875,0.1719013731,149.2147998,1.492147998,97.7308924,97.7308924
129.032,24894.85,0.1726201725,150.1045912,1.501045912,98.31367711,98.31367711
129.159,24888.9,0.1727239836,150.2360209,1.502360209,98.39975934,98.39975934
129.286,24873.85,0.1729866753,150.568601,1.50568601,98.61758862,98.61758862
129.413,24867.725,0.1730936303,150.704011,1.50704011,98.7062778,98.7062778
129.54,24849.15,0.1734181487,151.1148665,1.511148665,98.97537498,98.97537498
129.667,24884.8375,0.1727948772,150.3257756,1.503257756,98.45854579,98.45854579
129.794,24899.15,0.1725451648,150.0096279,1.500096279,98.25147924,98.25147924
129.921,24901.55,0.1725033057,149.9577222,1.499577222,98.21748268,98.21748268
130.048,24828.15,0.1737853258,151.5797301,1.515797301,99.27984564,99.27984564
130.175,24922.775,0.1721332896,149.5010378,1.495010378,97.91836905,97.91836905
130.302,24918.3,0.1722112762,149.597291,1.49597291,97.98141185,97.98141185
130.429,24916.2625,0.1722467887,149.6411216,1.496411216,98.01011945,98.01011945
130.556,24936.9625,0.1718861341,149.1959914,1.491959914,97.7185735,97.7185735
130.683,24932.2625,0.1719679956,149.2970272,1.492970272,97.78474868,97.78474868
130.81,24979.7125,0.1711422507,148.2778691,1.482778691,97.11723296,97.11723296
130.937,24936.9125,0.1718870049,149.1970661,1.491970661,97.71927743,97.71927743
131.064,24915.825,0.1722544145,149.6505335,1.496505335,98.01628397,98.01628397
131.191,24904.8375,0.172445974,149.8869618,1.498869618,98.17113685,98.17113685
131.318,24891.7,0.1726751282,150.1741677,1.501741677,98.35924749,98.35924749
131.445,24884.5625,0.1727996766,150.3318518,1.503318518,98.46252553,98.46252553
131.572,24884.3625,0.1728031671,150.3362709,1.503362709,98.46541991,98.46541991
131.699,24933.525,0.1719460047,149.2698854,1.492698854,97.76697168,97.76697168
131.826,24942.7125,0.1717860055,149.0724097,1.490724097,97.63763146,97.63763146
131.953,24914.575,0.1722762031,149.6774257,1.496774257,98.03389746,98.03389746
132.08,24932.1125,0.1719706085,149.300252,1.49300252,97.78686086,97.78686086
132.207,24918.15,0.1722138905,149.6005177,1.496005177,97.98352522,97.98352522
132.334,24876.6875,0.1729371357,150.5058815,1.505058815,98.5765094,98.5765094
132.461,24944.4,0.1717566242,149.0361466,1.490361466,97.61388027,97.61388027
132.588,24957.85,0.1715225161,148.7472036,1.487472036,97.42463194,97.42463194
132.715,24975.4375,0.1712165817,148.3696106,1.483696106,97.17732069,97.17732069
132.842,24950.4375,0.1716515211,148.9064252,1.489064252,97.52891696,97.52891696
132.969,24928.2625,0.1720376771,149.3830301,1.493830301,97.84107781,97.84107781
133.096,24935.2125,0.1719166127,149.2336089,1.492336089,97.74321174,97.74321174
133.223,24988.4125,0.1709910198,148.0912156,1.480912156,96.99498092,96.99498092
133.35,24961.2375,0.1714635738,148.6744553,1.486744553,97.37698417,97.37698417
133.477,24950.375,0.171652609,148.9077679,1.489077679,97.52979639,97.52979639
133.604,24928.8625,0.1720272242,149.3701288,1.493701288,97.83262787,97.83262787
133.731,24970.875,0.1712959257,148.4675392,1.484675392,97.24146075,97.24146075
133.858,24968.4,0.1713389731,148.5206696,1.485206696,97.27625943,97.27625943
133.985,25005.2,0.1706993538,147.7312331,1.477312331,96.75920393,96.75920393
134.112,24980.1,0.1711355137,148.2695542,1.482695542,97.11178692,97.11178692
134.239,24967.75,0.1713502792,148.5346239,1.485346239,97.28539906,97.28539906
134.366,24975.0375,0.1712235373,148.3781954,1.483781954,97.18294346,97.18294346
134.493,24957.675,0.1715255613,148.7509621,1.487509621,97.42709362,97.42709362
134.62,24977.1125,0.1711874564,148.3336633,1.483336633,97.15377632,97.15377632
134.747,24973.9125,0.1712431006,148.4023409,1.484023409,97.19875798,97.19875798
134.874,24956.475,0.1715464433,148.7767352,1.487767352,97.44397421,97.44397421
135.001,24967.4125,0.1713561498,148.5418695,1.485418695,97.29014472,97.29014472
135.128,24970.65,0.1712998389,148.472369,1.48472369,97.24462412,97.24462412
135.255,24981.5375,0.1711105226,148.2387094,1.482387094,97.09158461,97.09158461
135.382,24985.1,0.1710485943,148.1622758,1.481622758,97.04152302,97.04152302
135.509,24920.5,0.1721729347,149.5499688,1.495499688,97.95041733,97.95041733
135.636,24984.9625,0.1710509844,148.1652256,1.481652256,97.04345509,97.04345509
135.763,24959.8375,0.1714879328,148.7045198,1.487045198,97.39667545,97.39667545
135.89,24900.625,0.1725194384,149.9776337,1.499776337,98.23052405,98.23052405
136.017,24939.7875,0.1718369376,149.1352716,1.491352716,97.67880399,97.67880399
136.144,24935.7125,0.1719079043,149.2228608,1.492228608,97.73617206,97.73617206
136.271,24986.375,0.1710264327,148.1349232,1.481349232,97.02360797,97.02360797
136.398,25009.25,0.1706290184,147.6444231,1.476444231,96.70234621,96.70234621
136.525,24951.8625,0.1716267178,148.8758123,1.488758123,97.50886651,97.50886651
136.652,24990.0375,0.1709627785,148.0563594,1.480563594,96.97215121,96.97215121
136.779,24973.8625,0.1712439701,148.4034141,1.484034141,97.19946086,97.19946086
136.906,24922.3125,0.172141349,149.5109849,1.495109849,97.92488412,97.92488412
137.033,24998.025,0.1708239883,147.8850605,1.478850605,96.85995596,96.85995596
137.16,25053.2375,0.1698658309,146.7024752,1.467024752,96.08540061,96.08540061
137.287,25019.9375,0.1704434659,147.4154088,1.474154088,96.55234921,96.55234921
137.414,25038.25,0.1701257149,147.0232315,1.470232315,96.29548568,96.29548568
137.541,25037.35,0.1701413259,147.042499,1.47042499,96.3081053,96.3081053
137.668,24981.5,0.1711111746,148.239514,1.48239514,97.09211161,97.09211161
137.795,25022.95,0.1703911782,147.3508739,1.473508739,96.51008092,96.51008092
137.922,25008.075,0.1706494232,147.6696073,1.476696073,96.71884102,96.71884102
138.049,25005.525,0.1706937092,147.7242663,1.477242663,96.75464093,96.75464093
138.176,25003.7875,0.170723887,147.7615127,1.477615127,96.7790361,96.7790361
138.303,25026.1625,0.1703354261,147.2820631,1.472820631,96.46501205,96.46501205
138.43,25017.025,0.1704940238,147.4778089,1.474778089,96.59321923,96.59321923
138.557,25019.275,0.1704549656,147.4296022,1.474296022,96.5616454,96.5616454
138.684,24993.9125,0.1708954413,147.9732498,1.479732498,96.91771711,96.91771711
138.811,24990.3,0.1709582166,148.050729,1.48050729,96.96846347,96.96846347
138.938,25058.6125,0.169772666,146.5874884,1.465874884,96.01008796,96.01008796
139.065,24998.1125,0.1708224681,147.8831843,1.478831843,96.8587271,96.8587271
139.192,25050.6,0.169911554,146.758908,1.46758908,96.12236226,96.12236226
139.319,25015.875,0.1705139882,147.5024495,1.475024495,96.60935806,96.60935806
139.446,25052.8375,0.1698727649,146.7110333,1.467110333,96.09100592,96.09100592
139.573,25004.3875,0.1707134657,147.7486503,1.477486503,96.77061168,96.77061168
139.7,25029.1875,0.1702829346,147.2172766,1.472172766,96.42257895,96.42257895
139.827,25051.275,0.1698998519,146.7444649,1.467444649,96.11290251,96.11290251
139.954,25038.8375,0.1701155247,147.0106544,1.470106544,96.28724812,96.28724812
140.081,25025.4125,0.1703484415,147.2981271,1.472981271,96.47553345,96.47553345
140.208,25057.225,0.1697967136,146.6171687,1.466171687,96.02952759,96.02952759
140.335,25044.2375,0.1700218727,146.8950665,1.468950665,96.2115417,96.2115417
140.462,25078.5,0.1694281295,146.1622516,1.461622516,95.73157154,95.73157154
140.589,25080.25,0.1693978251,146.124849,1.46124849,95.70707407,95.70707407
140.716,25111.225,0.1688617869,145.4632553,1.454632553,95.27375149,95.27375149
140.843,25119.2125,0.1687236664,145.292783,1.45292783,95.16209761,95.16209761
140.97,25107.0625,0.1689337827,145.5521145,1.455521145,95.3319514,95.3319514
141.097,25118.9625,0.1687279888,145.2981178,1.452981178,95.16559172,95.16559172
141.224,25111.7625,0.1688524911,145.4517821,1.454517821,95.26623689,95.26623689
141.351,25140.45,0.1683566393,144.8397876,1.448397876,94.8654002,94.8654002
141.478,25159.275,0.1680315642,144.4385706,1.444385706,94.60261597,94.60261597
141.605,25170.8625,0.1678315891,144.1917556,1.441917556,94.44096008,94.44096008
141.732,25210.0125,0.1671566253,143.358696,1.43358696,93.89533283,93.89533283
141.859,25208.85,0.1671766522,143.3834138,1.433834138,93.9115222,93.9115222
141.986,25197.4,0.167373956,143.6269318,1.436269318,94.07101864,94.07101864
142.113,25212,0.1671223879,143.3164391,1.433164391,93.86765597,93.86765597
142.24,25267.375,0.1661695605,142.1404322,1.421404322,93.09740926,93.09740926
142.367,25230.875,0.1667973743,142.9152981,1.429152981,93.6049215,93.6049215
142.494,25209.525,0.1671650236,143.3690614,1.433690614,93.90212183,93.90212183
142.621,25238.975,0.1666579729,142.7432448,1.427432448,93.49223214,93.49223214
142.748,25257.75,0.166335026,142.3446546,1.423446546,93.23116834,93.23116834
142.875,25233.8875,0.1667455238,142.8513027,1.428513027,93.56300657,93.56300657
143.002,25223.1625,0.1669301485,143.0791718,1.430791718,93.71225348,93.71225348
143.129,25262.5,0.1662533598,142.2438598,1.422438598,93.16515099,93.16515099
143.256,25278.2375,0.1659828964,141.9100461,1.419100461,92.94651378,92.94651378
143.383,25254.325,0.1663939212,142.4173447,1.424173447,93.27877802,93.27877802
143.51,25251.225,0.1664472347,142.4831457,1.424831457,93.32187556,93.32187556
143.637,25265.1875,0.1662071607,142.1868395,1.421868395,93.12780458,93.12780458
143.764,25335.2625,0.1650042779,140.7022071,1.407022071,92.1554181,92.1554181
143.891,25349.575,0.1647590038,140.3994827,1.403994827,91.95714338,91.95714338
144.018,25358.5125,0.1646059116,140.2105319,1.402105319,91.83338667,91.83338667
144.145,25367.4375,0.1644530873,140.0219118,1.400219118,91.70984657,91.70984657
144.272,25352.775,0.1647041842,140.3318228,1.403318228,91.91282827,91.91282827
144.399,25330.2875,0.1650895673,140.8074736,1.408074736,92.22436428,92.22436428
144.526,25360.9625,0.1645639545,140.1587472,1.401587472,91.79946937,91.79946937
144.653,25347.9875,0.1647862021,140.4330516,1.404330516,91.9791299,91.9791299
144.78,25401.4125,0.1638718192,139.304494,1.39304494,91.239961,91.239961
144.907,25419.4625,0.1635633233,138.9237395,1.389237395,90.99057907,90.99057907
145.034,25491.7125,0.1623306746,137.4023691,1.374023691,89.99413041,89.99413041
145.161,25495.8625,0.162259978,137.3151134,1.373151134,89.93698075,89.93698075
145.288,25486.825,0.1624139494,137.5051493,1.375051493,90.06144811,90.06144811
145.415,25508.85,0.1620388063,137.042137,1.37042137,89.75818995,89.75818995
145.542,25611.1625,0.1603003946,134.8965394,1.348965394,88.35289259,88.35289259
145.669,25550.5375,0.1613296456,136.1668705,1.361668705,89.18491858,89.18491858
145.796,25642.325,0.1597722861,134.2447327,1.342447327,87.92598013,87.92598013
145.923,25638.7125,0.1598334739,134.3202525,1.343202525,87.97544319,87.97544319
146.05,25649.4,0.1596524759,134.0968596,1.340968596,87.82912803,87.82912803
146.177,25699.6625,0.1588022663,133.0475065,1.330475065,87.14183552,87.14183552
146.304,25706.975,0.1586787111,132.8950111,1.328950111,87.04195597,87.04195597
146.431,25716.6875,0.1585146588,132.6925331,1.326925331,86.90933935,86.90933935
146.558,25766.2375,0.1576786808,131.660745,1.31660745,86.23355134,86.23355134
146.685,25783.35,0.1573903423,131.3048694,1.313048694,86.00046427,86.00046427
146.812,25815.1,0.1568558746,130.645214,1.30645214,85.56841126,85.56841126
146.939,25861.5875,0.156074506,129.6808265,1.296808265,84.93676846,84.93676846
147.066,25875.35,0.1558434534,129.3956547,1.293956547,84.74999012,84.74999012
147.193,25889.0125,0.1556142011,129.112705,1.29112705,84.56466716,84.56466716
147.32,25918.1875,0.155125059,128.5089917,1.285089917,84.16925439,84.16925439
147.447,26005.3625,0.1536667744,126.709135,1.26709135,82.99040617,82.99040617
147.574,25999.3625,0.1537669871,126.8328204,1.268328204,83.07141612,83.07141612
147.701,25985.7375,0.1539946393,127.1137954,1.271137954,83.25544566,83.25544566
147.828,26001.175,0.153736712,126.7954541,1.267954541,83.04694239,83.04694239
147.955,26081.775,0.1523925423,125.1364412,1.251364412,81.96034235,81.96034235
148.082,26137.125,0.1514718715,124.0001229,1.240001229,81.21609041,81.21609041
148.209,26169.75,0.1509301125,123.3314685,1.233314685,80.77814326,80.77814326
148.336,26213.65,0.1502021898,122.4330454,1.224330454,80.18970508,80.18970508
148.463,26266.4375,0.1493285126,121.354728,1.21354728,79.48344185,79.48344185
148.59,26371.675,0.1475919714,119.211439,1.19211439,78.07965652,78.07965652
148.717,26349.925,0.1479503029,119.653702,1.19653702,78.36932458,78.36932458
148.844,26393.0375,0.1472403115,118.7774103,1.187774103,77.79538168,77.79538168
148.971,26443.85,0.1464050013,117.7464465,1.177464465,77.12013358,77.12013358
149.098,26480.875,0.1457973551,116.996472,1.16996472,76.62892444,76.62892444
149.225,26480.35,0.1458059653,117.007099,1.17007099,76.63588479,76.63588479
149.352,26552.75,0.1446201798,115.5435686,1.155435686,75.67731944,75.67731944
149.479,26629.1625,0.1433721785,114.0032495,1.140032495,74.66846001,74.66846001
149.606,26666.6125,0.1427618362,113.2499476,1.132499476,74.17507151,74.17507151
149.733,26724.8125,0.1418150194,112.0813592,1.120813592,73.40968369,73.40968369
149.86,26787.775,0.1407930439,110.8200076,1.108200076,72.58353899,72.58353899
149.987,26852.8875,0.139738694,109.5186987,1.095186987,71.73122355,71.73122355
150.114,26873.875,0.1393993936,109.0999245,1.090999245,71.45693988,71.45693988
150.241,26899.525,0.1389850752,108.5885608,1.085885608,71.12201315,71.12201315
150.368,26983.5625,0.1376303996,106.9165813,1.069165813,70.02692038,70.02692038
150.495,27013.225,0.1371532504,106.3276701,1.063276701,69.6412025,69.6412025
150.622,27108.275,0.1356278036,104.44492,1.0444492,68.40806175,68.40806175
150.749,27152.95,0.1349126664,103.5622772,1.035622772,67.82995909,67.82995909
150.876,27152.6875,0.134916865,103.5674591,1.035674591,67.83335311,67.83335311
151.003,27272.2,0.1330095132,101.2133509,1.012133509,66.29148796,66.29148796
151.13,27329.125,0.1321039593,100.0956902,1.000956902,65.5594562,65.5594562
151.257,27383.225,0.1312450914,99.33431057,0.9933431057,65.06077702,65.06077702
151.384,27401.4875,0.130955547,99.08762248,0.9908762248,64.89920426,64.89920426
151.511,27539.9375,0.128766736,97.22278374,0.9722278374,63.67779489,63.67779489
151.638,27536.5,0.1288209475,97.26897121,0.9726897121,63.7080462,63.7080462
151.765,27668.075,0.1267507421,95.50518293,0.9550518293,62.55282163,62.55282163
151.892,27689.1,0.1264208466,95.2241162,0.952241162,62.36873197,62.36873197
152.019,27767.05,0.125199944,94.183923,0.94183923,61.68743889,61.68743889
152.146,27836.8625,0.1241094021,93.25479533,0.9325479533,61.07889017,61.07889017
152.273,27910.6375,0.1229599301,92.27546006,0.9227546006,60.43745707,60.43745707
152.4,27917.875,0.1228473279,92.17952444,0.9217952444,60.37462234,60.37462234
152.527,28021.525,0.1212379194,90.80832912,0.9080832912,59.47653352,59.47653352
152.654,28129.8625,0.119562077,89.38053306,0.8938053306,58.54137305,58.54137305
152.781,28189.275,0.1186457799,88.59985978,0.8859985978,58.03005717,58.03005717
152.908,28251.125,0.1176939396,87.7889041,0.877889041,57.49890729,57.49890729
153.035,28302.675,0.116902202,87.11435383,0.8711435383,57.05709857,57.05709857
153.162,28375.125,0.115791903,86.16839341,0.8616839341,56.43752493,56.43752493
153.289,28451.1625,0.1146296702,85.1781861,0.851781861,55.78897101,55.78897101
153.416,28431.1375,0.1149354506,85.43870709,0.8543870709,55.95960387,55.95960387
153.543,28570.8375,0.1128067153,83.62505201,0.8362505201,54.77171816,54.77171816
153.67,28670.8,0.1112898751,82.3327238,0.823327238,53.92528477,53.92528477
153.797,28721.0125,0.1105299403,81.68526917,0.8168526917,53.50122282,53.50122282
153.924,28809.725,0.1091905735,80.54414595,0.8054414595,52.75382383,52.75382383
154.051,28871.575,0.1082592102,79.7506364,0.797506364,52.23410061,52.23410061
154.178,28964.2875,0.1068668367,78.56435213,0.7856435213,51.45712259,51.45712259
154.305,29110.375,0.1046818863,76.70280258,0.7670280258,50.23786753,50.23786753
154.432,29047.1,0.1056269065,77.50794759,0.7750794759,50.7652116,50.7652116
154.559,29199.7125,0.1033511109,75.56899915,0.7556899915,49.49526277,49.49526277
154.686,29328.55,0.1014390943,73.93998565,0.7393998565,48.42831135,48.42831135
154.813,29413.15,0.1001881486,72.87419606,0.7287419606,47.73025346,47.73025346
154.94,29512.6125,0.09872203075,71.62508258,0.7162508258,46.91212432,46.91212432
155.067,29558.8625,0.09804196905,71.04567878,0.7104567878,46.53263348,46.53263348
155.194,29682.5375,0.09622866119,69.50076389,0.6950076389,45.52076394,45.52076394
155.321,29736.05,0.095446408,68.83429427,0.6883429427,45.08424778,45.08424778
155.448,29825.275,0.09414522963,67.72570708,0.6772570708,44.35815884,44.35815884
155.575,29936.5375,0.09252811851,66.34794928,0.6634794928,43.45577182,43.45577182
155.702,30016.675,0.09136710333,65.35877933,0.6535877933,42.80789733,42.80789733
155.829,30060.0875,0.09073944593,64.82402332,0.6482402332,42.45764935,42.45764935
155.956,30157.95,0.0893278695,63.62137842,0.6362137842,41.66995564,41.66995564
156.083,30238.6375,0.08816746762,62.632731,0.62632731,41.02242339,41.02242339
156.21,30286.7625,0.08747683439,62.04432039,0.6204432039,40.63703338,40.63703338
156.337,30374.7375,0.08621715291,60.97108803,0.6097108803,39.93410072,39.93410072
156.464,30479.175,0.08472647885,59.70105297,0.5970105297,39.10226862,39.10226862
156.591,30469.6,0.08486293343,59.81731051,0.5981731051,39.17841357,39.17841357
156.718,30591.625,0.08312713941,58.3384364,0.583384364,38.20979862,38.20979862
156.845,30668.45,0.08203785928,57.41038379,0.5741038379,37.60195402,37.60195402
156.972,30727.2375,0.08120616912,56.70179451,0.5670179451,37.13785084,37.13785084
157.099,30828.675,0.07977482696,55.48230946,0.5548230946,36.33912737,36.33912737
157.226,30843.175,0.07957060834,55.30831783,0.5530831783,36.22516845,36.22516845
157.353,30990.9375,0.07749497216,53.53990259,0.5353990259,35.06691338,35.06691338
157.48,31088.675,0.07612747354,52.37481142,0.5237481142,34.30381615,34.30381615
157.607,31168.65,0.07501169415,51.42418177,0.5142418177,33.68118432,33.68118432
157.734,31286.075,0.07337860427,50.03281027,0.5003281027,32.76988076,32.76988076
157.861,31290.6,0.07331579548,49.98343437,0.4998343437,32.73754113,32.73754113
157.988,31365.1625,0.07228214442,49.27873725,0.4927873725,32.2759872,32.2759872
158.115,31453.6125,0.07105915425,48.44495718,0.4844495718,31.72988808,31.72988808
158.242,31502.725,0.07038156426,47.98300659,0.4798300659,31.42732531,31.42732531
158.369,31532.7375,0.06996801088,47.70106438,0.4770106438,31.24266223,31.24266223
158.496,31583.0375,0.06927579037,47.22913935,0.4722913935,30.93356652,30.93356652
158.623,31724.05,0.06734106065,45.91012705,0.4591012705,30.06965591,30.06965591
158.75,31812.6875,0.06612932698,45.08402116,0.4508402116,29.52858314,29.52858314
158.877,31889.0875,0.06508759417,44.37381427,0.4437381427,29.06342047,29.06342047
159.004,31993.6625,0.0636657272,43.40444888,0.4340444888,28.42851734,28.42851734
159.131,31996.6375,0.06362534527,43.37691828,0.4337691828,28.41048568,28.41048568
159.258,32069.2875,0.06264037525,42.70540972,0.4270540972,27.97066918,27.97066918
159.385,32132.075,0.06179091435,42.12628523,0.4212628523,27.59136128,27.59136128
159.512,32162.825,0.06137549863,41.84307334,0.4184307334,27.4058666,27.4058666
159.639,32324.35,0.05919988579,40.35983769,0.4035983769,26.43439498,26.43439498
159.766,32322.2875,0.05922759744,40.37873026,0.4037873026,26.446769,26.446769
159.893,32446.2625,0.05756500891,39.24525167,0.3924525167,25.704377,25.704377
160.02,32504.8125,0.05678202113,38.71144558,0.3871144558,25.35475119,25.35475119
160.147,32542.2125,0.05628260966,38.37096914,0.3837096914,25.13175008,25.13175008
160.274,32703.5,0.05413545205,36.907133,0.36907133,24.17298451,24.17298451
160.401,32686.075,0.05436691346,37.06493305,0.3706493305,24.27633846,24.27633846
160.528,32700.15,0.05417994151,36.93746392,0.3693746392,24.19285029,24.19285029
160.655,32826.225,0.0525087444,35.79811638,0.3579811638,23.44661431,23.44661431
160.782,32869.6,0.05193526729,35.40714531,0.3540714531,23.19054084,23.19054084
160.909,32945.2,0.05093753798,34.72693804,0.3472693804,22.74502696,22.74502696
161.036,32966.525,0.05065651575,34.53534963,0.3453534963,22.61954272,22.61954272
161.163,33037.1125,0.04972760411,33.90205917,0.3390205917,22.20475785,22.20475785
161.29,33193.5,0.0476766385,32.50380243,0.3250380243,21.28894468,21.28894468
161.417,32953.4875,0.05082830317,34.65246662,0.3465246662,22.69625058,22.69625058
161.544,33178.7625,0.04786950265,32.63528859,0.3263528859,21.37506388,21.37506388
161.671,33254.6875,0.04687681529,31.9585187,0.319585187,20.93180138,20.93180138
161.798,33316.975,0.04606412339,31.40446166,0.3140446166,20.56891185,20.56891185
161.925,33340.1,0.04576278823,31.19902481,0.3119902481,20.43435732,20.43435732
162.052,33407.75,0.0448824593,30.59885587,0.3059885587,20.04126597,20.04126597
162.179,33435.225,0.04452543624,30.35545349,0.3035545349,19.88184525,19.88184525
162.306,33550.35,0.04303263122,29.33772571,0.2933772571,19.21526631,19.21526631
162.433,33680.05,0.04135695878,28.19532709,0.2819532709,18.46703197,18.46703197
162.56,33495.3875,0.04374467994,29.82316872,0.2982316872,19.53321586,19.53321586
162.687,33702.9,0.04106241456,27.99452,0.2799452,18.33550979,18.33550979
162.814,33726.9125,0.04075310043,27.78364345,0.2778364345,18.19739243,18.19739243
162.941,33729.8,0.04071592028,27.75829568,0.2775829568,18.18079046,18.18079046
163.068,33788.9875,0.03995450817,27.23919892,0.2723919892,17.84079878,17.84079878
163.195,33818.3125,0.0395777534,26.98234434,0.2698234434,17.6725673,17.6725673
163.322,33835.3625,0.03935885262,26.83310757,0.2683310757,17.57482202,17.57482202
163.449,33892.2,0.0386299258,26.33615783,0.2633615783,17.24933592,17.24933592
163.576,33927.875,0.03817302695,26.0246646,0.260246646,17.04531789,17.04531789
163.703,33979.0125,0.03751893312,25.57873264,0.2557873264,16.7532468,16.7532468
163.83,33901.625,0.03850917069,26.25383238,0.2625383238,17.19541541,17.19541541
163.957,33933.9875,0.03809479081,25.9713267,0.259713267,17.01038327,17.01038327
164.084,33921.625,0.03825303758,26.07921227,0.2607921227,17.08104486,17.08104486
164.211,34074.05,0.03630592999,24.7517613,0.247517613,16.21160718,16.21160718
164.338,34213.25,0.0345353555,23.5446627,0.235446627,15.42099644,15.42099644
164.465,34230.2625,0.03431945674,23.39747257,0.2339747257,15.32459164,15.32459164
164.592,34242.55,0.03416358776,23.29120806,0.2329120806,15.25499181,15.25499181
164.719,34157.7875,0.03523995394,24.02502644,0.2402502644,15.73561924,15.73561924
164.846,34211.975,0.03455154034,23.5556968,0.235556968,15.42822342,15.42822342
164.973,34232.9875,0.03428488483,23.37390299,0.2337390299,15.30915432,15.30915432
165.1,34467.5375,0.03131942958,21.35218806,0.2135218806,13.9849961,13.9849961
165.227,34339.8125,0.03293176682,22.45140757,0.2245140757,14.70494951,14.70494951
165.354,34402.1375,0.03214425901,21.91451992,0.2191451992,14.35330538,14.35330538
165.481,34348.25,0.03282507114,22.37866722,0.2237866722,14.65730692,14.65730692
165.608,34315.5125,0.03323919691,22.66099967,0.2266099967,14.84222559,14.84222559
165.735,34361.9625,0.0326517268,22.26048879,0.2226048879,14.57990386,14.57990386
165.862,34405.05,0.03210749301,21.8894545,0.218894545,14.33688834,14.33688834
165.989,34385.5125,0.03235418466,22.05763785,0.2205763785,14.44704302,14.44704302
166.116,34453.7875,0.03149271554,21.47032669,0.2147032669,14.0623731,14.0623731
166.243,34412.4125,0.03201456621,21.82610117,0.2182610117,14.29539394,14.29539394
166.37,34554.3375,0.03022711555,20.60749715,0.2060749715,13.49724752,13.49724752
166.497,34547.9,0.03030803249,20.66266271,0.2066266271,13.53337918,13.53337918
166.624,34551.8,0.03025900917,20.62924079,0.2062924079,13.51148891,13.51148891
166.751,34544,0.03035706135,20.69608839,0.2069608839,13.55527193,13.55527193
166.878,34475.675,0.03121690835,21.28229366,0.2128229366,13.93921752,13.93921752
167.005,34559.7375,0.03015925122,20.56123028,0.2056123028,13.46694421,13.46694421
167.132,34667.4875,0.02880731871,19.63954308,0.1963954308,12.86326875,12.86326875
167.259,34732.1125,0.02799848727,19.08811794,0.1908811794,12.50210303,12.50210303
167.386,34692.825,0.02849002092,19.42322362,0.1942322362,12.72158647,12.72158647
167.513,34707.5,0.02830635401,19.29800773,0.1929800773,12.63957409,12.63957409
167.64,34701.3625,0.02838315926,19.35037012,0.1935037012,12.67386976,12.67386976
167.767,34759.95,0.02765054327,18.85090526,0.1885090526,12.34673636,12.34673636
167.894,34636.85,0.02919129751,19.90132268,0.1990132268,13.03472596,13.03472596
168.021,34687.3125,0.02855903342,19.47027326,0.1947027326,12.75240247,12.75240247
168.148,34711.65,0.02825442822,19.26260705,0.1926260705,12.61638778,12.61638778
168.275,34729.9,0.02802615352,19.10697955,0.1910697955,12.51445678,12.51445678
168.402,34810.2625,0.02702238808,18.42265711,0.1842265711,12.0662476,12.0662476
168.529,34848.725,0.02654279302,18.09569062,0.1809569062,11.85209507,11.85209507
168.656,34779.675,0.02740416694,18.68293688,0.1868293688,12.23672247,12.23672247
168.783,34822.5375,0.0268692716,18.31826913,0.1831826913,11.99787683,11.99787683
168.91,34838.7375,0.02666727786,18.18055883,0.1818055883,11.90768101,11.90768101
169.037,34832.4375,0.02674581981,18.23410522,0.1823410522,11.94275218,11.94275218
169.164,34899.0875,0.02591561465,17.66810843,0.1766810843,11.57204249,11.57204249
169.291,34823.3125,0.02685960617,18.31167968,0.1831167968,11.99356095,11.99356095
169.418,34851.0125,0.0265142865,18.07625615,0.1807625615,11.83936612,11.83936612
169.545,34829.4125,0.02678353747,18.25981944,0.1825981944,11.95959416,11.95959416
169.672,34887.1125,0.02606466064,17.76972132,0.1776972132,11.63859567,11.63859567
169.799,34837.875,0.02667802978,18.18788901,0.1818788901,11.91248205,11.91248205
169.926,34885.625,0.02608317827,17.78234582,0.1778234582,11.64686431,11.64686431
170.053,34880.9,0.02614200423,17.82245073,0.1782245073,11.67313173,11.67313173
170.18,34848.8375,0.02654139102,18.0947348,0.180947348,11.85146904,11.85146904
170.307,34929.2625,0.02554027034,17.41221545,0.1741221545,11.40444082,11.40444082
170.434,34885.825,0.02608068846,17.78064838,0.1778064838,11.64575254,11.64575254
170.561,34920.3375,0.02565125389,17.48787907,0.1748787907,11.45399806,11.45399806
170.688,34949.9625,0.02528297224,17.23680109,0.1723680109,11.28955007,11.28955007
170.815,34864.1,0.02635122776,17.96508999,0.1796508999,11.76655586,11.76655586
170.942,34874.5875,0.02622060691,17.87603852,0.1787603852,11.70823001,11.70823001
171.069,34873.7875,0.02623056945,17.88283054,0.1788283054,11.71267857,11.71267857
171.196,34927.6375,0.02556047532,17.4259903,0.174259903,11.41346291,11.41346291
171.323,34940.7375,0.02539761887,17.31496204,0.1731496204,11.34074297,11.34074297
171.45,34948.0375,0.02530689329,17.2531094,0.172531094,11.30023148,11.30023148
171.577,34954.8125,0.02522270945,17.19571662,0.1719571662,11.26264106,11.26264106
171.704,34981.9625,0.02488551645,16.96583349,0.1696583349,11.112075,11.112075
171.831,34952.9875,0.02524538468,17.21117557,0.1721117557,11.27276617,11.27276617
171.958,34915.2875,0.02571406387,17.53070011,0.1753070011,11.48204447,11.48204447
172.085,34892.3125,0.02599993292,17.72559286,0.1772559286,11.60969294,11.60969294
172.212,34919.7375,0.02565871599,17.4929664,0.174929664,11.4573301,11.4573301
172.339,34903.325,0.02586288516,17.63215982,0.1763215982,11.54849731,11.54849731
172.466,34932.3,0.0255025051,17.38646879,0.1738646879,11.38757759,11.38757759
172.593,34923.275,0.02561472256,17.46297364,0.1746297364,11.43768581,11.43768581
