x_mm,intensity,net_od,dose_cgy,dose_gy,normalized_percent,smoothed_percent
0,34708.5625,0.02829305916,19.2889439,0.192889439,11.89093403,11.89093403
0.127,34638.15,0.02917499775,19.89021023,0.1989021023,12.26159291,12.26159291
0.254,34500.175,0.03090838833,21.0719585,0.210719585,12.99009784,12.99009784
0.381,34504.3625,0.03085567852,21.0360233,0.210360233,12.96794509,12.96794509
0.508,34485.5375,0.03109268694,21.19760506,0.2119760506,13.06755438,13.06755438
0.635,34465.8125,0.03134116529,21.3670065,0.213670065,13.17198422,13.17198422
0.762,34395.525,0.0322277436,21.97143599,0.2197143599,13.54459307,13.54459307
0.889,34319.85,0.03318430531,22.62357703,0.2262357703,13.94661436,13.94661436
1.016,34285.175,0.03362331579,22.92287476,0.2292287476,14.13112056,14.13112056
1.143,34289.75,0.03356536757,22.88336826,0.2288336826,14.10676623,14.10676623
1.27,34179.2375,0.03496731646,23.83915439,0.2383915439,14.6959737,14.6959737
1.397,34195.3125,0.03476310938,23.69993512,0.2369993512,14.61015007,14.61015007
1.524,34239.975,0.03419624743,23.31347397,0.2331347397,14.37191079,14.37191079
1.651,34240.4375,0.03419038119,23.30947463,0.2330947463,14.36944534,14.36944534
1.778,34279.9125,0.03368998163,22.96832456,0.2296832456,14.1591387,14.1591387
1.905,34223.95,0.0343995536,23.45207903,0.2345207903,14.45735578,14.45735578
2.032,34223.1125,0.03441018142,23.45932461,0.2345932461,14.46182242,14.46182242
2.159,34202.325,0.03467405688,23.63922311,0.2363922311,14.57272332,14.57272332
2.286,34194.7125,0.03477072969,23.70513031,0.2370513031,14.61335271,14.61335271
2.413,34100.0125,0.03597514815,24.52624901,0.2452624901,15.1195426,15.1195426
2.54,34131.825,0.03557017608,24.25015715,0.2425015715,14.94934198,14.94934198
2.667,34148.925,0.03535264959,24.1018573,0.241018573,14.85792051,14.85792051
2.794,34014.4125,0.03706671215,25.27042859,0.2527042859,15.57830231,15.57830231
2.921,34088.3875,0.03612322827,24.62720343,0.2462720343,15.18177734,15.18177734
3.048,34074.0125,0.03630640795,24.75208715,0.2475208715,15.25876362,15.25876362
3.175,34074.9,0.03629509636,24.74437541,0.2474437541,15.25400961,15.25400961
3.302,33986.0875,0.03742851514,25.5170897,0.255170897,15.73035994,15.73035994
3.429,34003.4625,0.03720654377,25.36575954,0.2536575954,15.63707038,15.63707038
3.556,34007.825,0.0371508292,25.32777584,0.2532777584,15.61365481,15.61365481
3.683,33987.525,0.03741014629,25.50456665,0.2550456665,15.72263993,15.72263993
3.81,33990.2375,0.0373754872,25.48093763,0.2548093763,15.70807349,15.70807349
3.937,34020.75,0.03698580278,25.21526819,0.2521526819,15.54429793,15.54429793
4.064,33999.1375,0.03726178647,25.40342154,0.2540342154,15.66028764,15.66028764
4.191,33962.7375,0.0377269979,25.72058192,0.2572058192,15.8558055,15.8558055
4.318,33942.0625,0.03799145752,25.90087867,0.2590087867,15.96695191,15.96695191
4.445,33983.075,0.03746701236,25.54333539,0.2554333539,15.74653945,15.74653945
4.572,33956.3125,0.0378091646,25.7765995,0.257765995,15.89033831,15.89033831
4.699,33907.9125,0.03842863256,26.19892509,0.2619892509,16.15068671,16.15068671
4.826,33880.1875,0.0387838812,26.44111774,0.2644111774,16.29998969,16.29998969
4.953,33869.6375,0.03891913784,26.53332968,0.2653332968,16.35683501,16.35683501
5.08,33894.0625,0.03860606039,26.31988746,0.2631988746,16.22525562,16.22525562
5.207,33900.5,0.03852358266,26.26365783,0.2626365783,16.1905921,16.1905921
5.334,33888.15,0.03868182558,26.37154078,0.2637154078,16.25709802,16.25709802
5.461,33884.7,0.0387260414,26.40168515,0.2640168515,16.27568093,16.27568093
5.588,33947.2625,0.03792492773,25.85552163,0.2585552163,15.93899094,15.93899094
5.715,33937.2875,0.03805255876,25.94253477,0.2594253477,15.99263138,15.99263138
5.842,33908.4375,0.03842190838,26.19434084,0.2619434084,16.14786069,16.14786069
5.969,33927.0625,0.0381834275,26.03175523,0.2603175523,16.04763256,16.04763256
6.096,33926.2,0.03819446835,26.03928239,0.2603928239,16.05227278,16.05227278
6.223,33942.8875,0.03798090163,25.89368214,0.2589368214,15.96251551,15.96251551
6.35,33901.1125,0.03851573608,26.25830838,0.2625830838,16.18729436,16.18729436
6.477,33961.3125,0.0377452203,25.73300514,0.2573300514,15.86346397,15.86346397
6.604,33902.7625,0.03849459906,26.2438981,0.262438981,16.17841094,16.17841094
6.731,33911.725,0.03837980459,26.16563636,0.2616563636,16.13016542,16.13016542
6.858,33915.25,0.03833466361,26.13486125,0.2613486125,16.11119368,16.11119368
6.985,33954.8375,0.03782802997,25.78946107,0.2578946107,15.898267,15.898267
7.112,33910,0.03840189656,26.18069768,0.2618069768,16.13945018,16.13945018
7.239,33982.5875,0.03747324253,25.54758284,0.2554758284,15.74915785,15.74915785
7.366,33938.7875,0.03803336372,25.92944845,0.2592944845,15.98456414,15.98456414
7.493,33959.65,0.03776648074,25.74749955,0.2574749955,15.87239925,15.87239925
7.62,33888.95,0.03867157328,26.36455122,0.2636455122,16.25278921,16.25278921
7.747,33928.4375,0.03816582672,26.0197558,0.260197558,16.04023535,16.04023535
7.874,33913.575,0.03835611299,26.14948448,0.2614948448,16.12020837,16.12020837
8.001,33941.075,0.03800409293,25.90949293,0.2590949293,15.97226229,15.97226229
8.128,33989.1625,0.03738922273,25.4903019,0.254903019,15.71384623,15.71384623
8.255,33955.3625,0.03782131508,25.78488316,0.2578488316,15.89544489,15.89544489
8.382,33897.4875,0.03856217709,26.28996978,0.2628996978,16.20681246,16.20681246
8.509,33971.725,0.03761208651,25.64224047,0.2564224047,15.80751084,15.80751084
8.636,33939.0625,0.03802984473,25.92704936,0.2592704936,15.98308519,15.98308519
8.763,33939.25,0.03802744543,25.92541362,0.2592541362,15.98207682,15.98207682
8.89,33873.2375,0.03887297918,26.50186076,0.2650186076,16.33743556,16.33743556
9.017,33973.875,0.03758460179,25.62350261,0.2562350261,15.79595963,15.79595963
9.144,33966.1875,0.03768288368,25.69050681,0.2569050681,15.83726529,15.83726529
9.271,33954.3625,0.03783410543,25.79360305,0.2579360305,15.90082038,15.90082038
9.398,33984.7625,0.03744544711,25.52863316,0.2552863316,15.73747606,15.73747606
9.525,33959.925,0.0377629639,25.74510193,0.2574510193,15.8709212,15.8709212
9.652,33945.4625,0.03794795612,25.87122136,0.2587122136,15.94866925,15.94866925
9.779,33980.6375,0.03749816407,25.56457323,0.2556457323,15.75963181,15.75963181
9.906,33947.0125,0.03792812604,25.8577021,0.258577021,15.94033512,15.94033512
10.033,33926.3875,0.03819206814,26.03764604,0.2603764604,16.05126403,16.05126403
10.16,33900.2125,0.0385272658,26.26616882,0.2626616882,16.19214003,16.19214003
10.287,33904.7125,0.03846962028,26.22686868,0.2622686868,16.16791292,16.16791292
10.414,33917.6125,0.03830441217,26.11423718,0.2611423718,16.09847969,16.09847969
10.541,33908.05,0.03842687145,26.19772444,0.2619772444,16.14994656,16.14994656
10.668,33990.075,0.03737756347,25.48235314,0.2548235314,15.7089461,15.7089461
10.795,33982.4125,0.03747547902,25.54910758,0.2554910758,15.7500978,15.7500978
10.922,33941.8,0.03799481626,25.90316851,0.2590316851,15.96836352,15.96836352
11.049,34002.4,0.0372201143,25.37501132,0.2537501132,15.64277377,15.64277377
11.176,33980.075,0.03750535324,25.56947449,0.2556947449,15.76265326,15.76265326
11.303,33997.6375,0.03728094743,25.41648463,0.2541648463,15.66834056,15.66834056
11.43,34014.9625,0.03705968983,25.26564109,0.2526564109,15.57535099,15.57535099
11.557,34062.9625,0.03644726992,24.84812054,0.2484812054,15.31796472,15.31796472
11.684,34095.125,0.03603739934,24.56868909,0.2456868909,15.14570537,15.14570537
11.811,34079.1625,0.03624077296,24.70734014,0.2470734014,15.23117871,15.23117871
11.938,34103.9875,0.03592452588,24.49173701,0.2449173701,15.09826721,15.09826721
12.065,34063.6625,0.03643834518,24.84203606,0.2484203606,15.31421386,15.31421386
12.192,34125.675,0.03564843594,24.30351122,0.2430351122,14.98223284,14.98223284
12.319,34071.8625,0.03633381191,24.77076994,0.2477076994,15.27028088,15.27028088
12.446,34096.2125,0.03602354728,24.55924538,0.2455924538,15.13988366,15.13988366
12.573,34083.0375,0.03619139395,24.67367574,0.2467367574,15.21042583,15.21042583
12.7,34060.7625,0.03647532029,24.86724403,0.2486724403,15.32975366,15.32975366
12.827,34166.825,0.03512506309,23.94669899,0.2394669899,14.76227104,14.76227104
12.954,34103.1875,0.03593471354,24.4986825,0.244986825,15.10254885,15.10254885
13.081,34093.8,0.03605427716,24.58019564,0.2458019564,15.15279874,15.15279874
13.208,34178.8875,0.03497176372,23.84218633,0.2384218633,14.69784278,14.69784278
13.335,34147.6875,0.03536838799,24.11258704,0.2411258704,14.864535,14.864535
13.462,34111.8,0.03582504962,24.42391854,0.2442391854,15.05645958,15.05645958
13.589,34493.3,0.03099494071,21.13096604,0.2113096604,13.02647385,13.02647385
13.716,34420.9375,0.0319069916,21.7527616,0.217527616,13.40978825,13.40978825
13.843,34107.0375,0.03588568764,24.46525883,0.2446525883,15.08194437,15.08194437
13.97,34072.525,0.03632536748,24.76501291,0.2476501291,15.26673188,15.26673188
14.097,34044.975,0.03667666674,25.00451305,0.2500451305,15.41437503,15.41437503
14.224,34079.1875,0.03624045437,24.70712294,0.2470712294,15.23104482,15.23104482
14.351,34028.3875,0.03688831663,25.14880649,0.2514880649,15.5033267,15.5033267
14.478,34073.2,0.03631676389,24.75914737,0.2475914737,15.26311599,15.26311599
14.605,34075.75,0.036284263,24.73698971,0.2473698971,15.2494566,15.2494566
14.732,34001.975,0.03722554263,25.37871212,0.2537871212,15.64505517,15.64505517
14.859,34110.6625,0.03583953195,24.43379195,0.2443379195,15.06254618,15.06254618
14.986,34152.0875,0.03531243185,24.07443864,0.2407443864,14.8410179,14.8410179
15.113,34093.125,0.03606287555,24.58605763,0.2458605763,15.15641245,15.15641245
15.24,34019.85,0.03699729195,25.22310099,0.2522310099,15.54912657,15.54912657
15.367,34135.0625,0.03552898398,24.22207421,0.2422207421,14.93202987,14.93202987
15.494,34129.9625,0.03559387524,24.26631417,0.2426631417,14.95930221,14.95930221
15.621,34128.75,0.03560930425,24.27683298,0.2427683298,14.96578667,14.96578667
15.748,34104.325,0.03592022804,24.48880693,0.2448880693,15.09646092,15.09646092
15.875,34162.4625,0.03518051836,23.98450592,0.2398450592,14.78557764,14.78557764
16.002,34172.95,0.0350472152,23.89362578,0.2389362578,14.72955333,14.72955333
16.129,34141.35,0.03544899657,24.16754237,0.2416754237,14.89841297,14.89841297
16.256,34195.275,0.03476358564,23.70025981,0.2370025981,14.61035023,14.61035023
16.383,34162.1125,0.0351849678,23.98753935,0.2398753935,14.78744764,14.78744764
16.51,34168.35,0.03510567925,23.93348395,0.2393348395,14.75412445,14.75412445
16.637,34147.3125,0.03537315731,24.11583855,0.2411583855,14.86653944,14.86653944
16.764,34190.05,0.03482995043,23.74550436,0.2374550436,14.63824185,14.63824185
16.891,34196.6875,0.03474564666,23.68802982,0.2368802982,14.60281088,14.60281088
17.018,34166.7875,0.03512553975,23.94702396,0.2394702396,14.76247137,14.76247137
17.145,34070.6375,0.03634942656,24.78141531,0.2478141531,15.27684337,15.27684337
17.272,34148.8375,0.03535376239,24.10261596,0.2410261596,14.8583882,14.8583882
17.399,34146.8125,0.03537951649,24.12017395,0.2412017395,14.86921206,14.86921206
17.526,34177.4375,0.03499018856,23.85474756,0.2385474756,14.70558632,14.70558632
17.653,34203.025,0.03466516851,23.63316341,0.2363316341,14.56898773,14.56898773
17.78,34157.1625,0.03524790049,24.03044404,0.2403044404,14.81389683,14.81389683
17.907,34146.6625,0.03538142426,24.12147458,0.2412147458,14.87001385,14.87001385
18.034,34250.6875,0.03406039301,23.22085449,0.2322085449,14.31481424,14.31481424
18.161,34224.9625,0.03438670539,23.44331969,0.2344331969,14.45195597,14.45195597
18.288,34186.975,0.03486901195,23.77213476,0.2377213476,14.65465853,14.65465853
18.415,34218.325,0.0344709395,23.50074674,0.2350074674,14.48735766,14.48735766
18.542,34133.525,0.03554854576,24.23541056,0.2423541056,14.94025125,14.94025125
18.669,34179.2125,0.03496763412,23.83937096,0.2383937096,14.6961072,14.6961072
18.796,34216.3375,0.03449616532,23.51794458,0.2351794458,14.49795951,14.49795951
18.923,34210.725,0.03456740841,23.56651494,0.2356651494,14.52790137,14.52790137
19.05,34142.475,0.03543468626,24.15778624,0.2415778624,14.89239867,14.89239867
19.177,34190.425,0.03482518706,23.74225691,0.2374225691,14.63623992,14.63623992
19.304,34226.9625,0.03436132731,23.42601806,0.2342601806,14.44129014,14.44129014
19.431,34220.95,0.03443762462,23.47803415,0.2347803415,14.47335617,14.47335617
19.558,34248.175,0.03409225237,23.24257478,0.2324257478,14.32820401,14.32820401
19.685,34182.375,0.03492745202,23.81197659,0.2381197659,14.67921957,14.67921957
19.812,34232.9125,0.03428583632,23.37455166,0.2337455166,14.40956298,14.40956298
19.939,34184.7125,0.03489775459,23.79173021,0.2379173021,14.66673841,14.66673841
20.066,34202.7875,0.03466818419,23.63521936,0.2363521936,14.57025515,14.57025515
20.193,34106.1,0.03589762525,24.47339737,0.2447339737,15.08696148,15.08696148
20.32,34199.325,0.03471215197,23.66519464,0.2366519464,14.58873382,14.58873382
20.447,34197.1625,0.03473961425,23.68391719,0.2368391719,14.6002756,14.6002756
20.574,34184.1125,0.03490537727,23.79692701,0.2379692701,14.66994205,14.66994205
20.701,34200.675,0.03469500877,23.65350717,0.2365350717,14.58152892,14.58152892
20.828,34172.175,0.03505706457,23.90034064,0.2390034064,14.7336928,14.7336928
20.955,34167.675,0.03511425887,23.93933316,0.2393933316,14.75773028,14.75773028
21.082,34183.55,0.03491252364,23.80179909,0.2380179909,14.67294551,14.67294551
21.209,34177.2625,0.0349924123,23.85626361,0.2385626361,14.70652091,14.70652091
21.336,34154.025,0.03528779436,24.0576419,0.240576419,14.83066332,14.83066332
21.463,34181.825,0.03493443994,23.81674065,0.2381674065,14.68215644,14.68215644
21.59,34167.1125,0.03512140869,23.94420759,0.2394420759,14.76073518,14.76073518
21.717,34211.4625,0.03455804618,23.56013219,0.2356013219,14.52396664,14.52396664
21.844,34170.7125,0.03507565189,23.91301264,0.2391301264,14.74150463,14.74150463
21.971,34164.425,0.03515557056,23.96749762,0.2396749762,14.77509264,14.77509264
22.098,34096.4625,0.03602036296,24.55707445,0.2455707445,15.13854537,15.13854537
22.225,34132.3875,0.03556301887,24.24527768,0.2424527768,14.94633397,14.94633397
22.352,34126.7,0.03563539165,24.29461821,0.2429461821,14.97675062,14.97675062
22.479,34127.9125,0.03561996171,24.28409877,0.2428409877,14.97026576,14.97026576
22.606,34051.175,0.03659758368,24.95059776,0.2495059776,15.38113821,15.38113821
22.733,34117,0.03575885085,24.37878718,0.2437878718,15.02863773,15.02863773
22.86,34068.275,0.03637954212,24.80194676,0.2480194676,15.28950026,15.28950026
22.987,34087.3875,0.03613596871,24.63588929,0.2463588929,15.18713185,15.18713185
23.114,34149.4375,0.03534613184,24.09741379,0.2409741379,14.85518125,14.85518125
23.241,34088.825,0.03611765445,24.62340344,0.2462340344,15.17943478,15.17943478
23.368,34072.05,0.03633142196,24.76914058,0.2476914058,15.26927644,15.26927644
23.495,34103.4875,0.03593089314,24.49607792,0.2449607792,15.10094322,15.10094322
23.622,34063.15,0.03644487934,24.84649076,0.2484649076,15.31696002,15.31696002
23.749,34078.275,0.03625208314,24.71505092,0.2471505092,15.23593213,15.23593213
23.876,34049.2875,0.03662165785,24.96701044,0.2496701044,15.39125603,15.39125603
24.003,34092.05,0.03607656963,24.59539364,0.2459539364,15.16216776,15.16216776
24.13,34060.95,0.03647292956,24.86561414,0.2486561414,15.32874889,15.32874889
24.257,34090.875,0.03609153807,24.60559846,0.2460559846,15.16845866,15.16845866
24.384,34068.025,0.03638272907,24.80411948,0.2480411948,15.29083966,15.29083966
24.511,33946.9875,0.03792844587,25.85792015,0.2585792015,15.94046954,15.94046954
24.638,33871.9,0.03889012783,26.51355195,0.2651355195,16.34464276,16.34464276
24.765,34000.1,0.03724949196,25.3950397,0.253950397,15.65512054,15.65512054
24.892,34005.5,0.03718052146,25.34801869,0.2534801869,15.62613379,15.62613379
25.019,33919.05,0.03828600624,26.10168884,0.2610168884,16.09074409,16.09074409
25.146,33938.2875,0.03803976197,25.93381049,0.2593381049,15.98725318,15.98725318
25.273,33953.8625,0.03784050074,25.79796309,0.2579796309,15.90350819,15.90350819
25.4,33938.0375,0.03804296113,25.93599154,0.2593599154,15.98859772,15.98859772
25.527,33904.7,0.03846978039,26.22697784,0.2622697784,16.16798022,16.16798022
25.654,33933.425,0.03810198987,25.97623469,0.2597623469,16.01340616,16.01340616
25.781,33887.075,0.03869560249,26.38093326,0.2638093326,16.26288815,16.26288815
25.908,33910.6875,0.03839309165,26.17469489,0.2617469489,16.13574967,16.13574967
26.035,33848.55,0.03918961717,26.7177304,0.267177304,16.47051136,16.47051136
26.162,33844.8,0.03923773429,26.7505345,0.267505345,16.4907339,16.4907339
26.289,33762.4625,0.04029557152,27.47172067,0.2747172067,16.93531901,16.93531901
26.416,33716.6125,0.04088575166,27.87407913,0.2787407913,17.1833584,17.1833584
26.543,33822.3,0.03952654898,26.94743546,0.2694743546,16.61211619,16.61211619
26.67,33741.7125,0.04056256569,27.65374537,0.2765374537,17.04753063,17.04753063
26.797,33766.7125,0.04024090621,27.43445231,0.2743445231,16.91234441,16.91234441
26.924,33708.825,0.04098607191,27.94247299,0.2794247299,17.22552073,17.22552073
27.051,33733.35,0.04067021398,27.72713517,0.2772713517,17.09277278,17.09277278
27.178,33722.3625,0.04081169379,27.82358979,0.2782358979,17.15223355,17.15223355
27.305,33727.7375,0.04074247721,27.77640101,0.2777640101,17.12314338,17.12314338
27.432,33559.375,0.04291582228,29.2580906,0.292580906,18.03655125,18.03655125
27.559,33634.4,0.04194600158,28.59691017,0.2859691017,17.6289575,17.6289575
27.686,33620.2375,0.04212890928,28.72160847,0.2872160847,17.70582948,17.70582948
27.813,33582.6,0.0426153697,29.05325545,0.2905325545,17.91027781,17.91027781
27.94,33478.7375,0.04396061417,29.97038304,0.2997038304,18.4756537,18.4756537
28.067,33539.6625,0.04317099823,29.43205816,0.2943205816,18.14379594,18.14379594
28.194,33516.925,0.04346551877,29.63284911,0.2963284911,18.26757627,18.26757627
28.321,33507.5375,0.04358717404,29.71578824,0.2971578824,18.31870524,18.31870524
28.448,33462.8875,0.04416627299,30.11059203,0.3011059203,18.56208745,18.56208745
28.575,33464.1375,0.0441500503,30.09953213,0.3009953213,18.55526942,18.55526942
28.702,33505.6375,0.04361180082,29.73257768,0.2973257768,18.32905532,18.32905532
28.829,33425.3875,0.04465323561,30.44258139,0.3044258139,18.76674685,18.76674685
28.956,33508.0125,0.04358101756,29.71159102,0.2971159102,18.31611781,18.31611781
29.083,33462.0375,0.04417730476,30.118113,0.30118113,18.56672386,18.56672386
29.21,33392.7625,0.0450773377,30.73171526,0.3073171526,18.94498738,18.94498738
29.337,33351.4625,0.04561480336,31.09813533,0.3109813533,19.17087206,19.17087206
29.464,33284.0625,0.04649335749,31.6970943,0.316970943,19.54010853,19.54010853
29.591,33344.95,0.0456996158,31.15595667,0.3115595667,19.20651682,19.20651682
29.718,33277.0625,0.04658470395,31.75937023,0.3175937023,19.57849939,19.57849939
29.845,33374,0.04532142473,30.89812289,0.3089812289,19.04757165,19.04757165
29.972,33385.075,0.04517733012,30.79988562,0.3079988562,18.98701194,18.98701194
30.099,33437.075,0.04450140702,30.33907144,0.3033907144,18.70293672,18.70293672
30.226,33469.175,0.04408467901,30.05496491,0.3005496491,18.52779535,18.52779535
30.353,33527.325,0.043330782,29.5409916,0.295409916,18.21094945,18.21094945
30.48,33604.525,0.04233192531,28.86001573,0.2886001573,17.79115254,17.79115254
30.607,33711.375,0.04095321971,27.92007583,0.2792007583,17.21171369,17.21171369
30.734,33755.5875,0.04038401526,27.53201767,0.2753201767,16.97248992,16.97248992
30.861,33962.6875,0.03772763727,25.72101781,0.2572101781,15.85607422,15.85607422
30.988,34017.7125,0.03702457995,25.24170473,0.2524170473,15.56059509,15.56059509
31.115,34085.725,0.03615715051,24.65033009,0.2465033009,15.19603408,15.19603408
31.242,34120.8,0.03571048121,24.34581092,0.2434581092,15.00830906,15.00830906
31.369,34168.175,0.03510790358,23.9350004,0.239350004,14.75505929,14.75505929
31.496,34202.125,0.03467659645,23.64095447,0.2364095447,14.57379064,14.57379064
31.623,34100.55,0.03596830266,24.52158206,0.2452158206,15.1166656,15.1166656
31.75,34127.4875,0.03562537008,24.28778595,0.2428778595,14.97253878,14.97253878
31.877,34058.95,0.03649843133,24.88300011,0.2488300011,15.33946671,15.33946671
32.004,34037.6,0.03677075607,25.06865895,0.2506865895,15.45391865,15.45391865
32.131,33999.4625,0.03725763504,25.40059128,0.2540059128,15.65854289,15.65854289
32.258,33951.575,0.03786976051,25.81791109,0.2581791109,15.91580541,15.91580541
32.385,33891.7625,0.03863553196,26.33997985,0.2633997985,16.23764186,16.23764186
32.512,33842.6375,0.03926548425,26.76945319,0.2676945319,16.50239658,16.50239658
32.639,33989.875,0.0373801189,25.48409531,0.2548409531,15.71002009,15.71002009
32.766,34061.2625,0.03646894504,24.86289768,0.2486289768,15.32707429,15.32707429
32.893,34181.525,0.03493825159,23.81933925,0.2381933925,14.68375839,14.68375839
33.02,34214.125,0.03452424861,23.53709052,0.2353709052,14.50976228,14.50976228
33.147,34362.35,0.03264682929,22.25714989,0.2225714989,13.72072532,13.72072532
33.274,34482.4375,0.03113172863,21.22422193,0.2122422193,13.08396272,13.08396272
33.401,34502.6125,0.03087770572,21.05104046,0.2105104046,12.97720263,12.97720263
33.528,34577.3875,0.02993750935,20.41005658,0.2041005658,12.58205932,12.58205932
33.655,34593.7,0.02973267149,20.27040727,0.2027040727,12.49597059,12.49597059
33.782,34654.3875,0.02897145904,19.75144663,0.1975144663,12.17605018,12.17605018
33.909,34664.8125,0.02884083087,19.66239018,0.1966239018,12.12115011,12.12115011
34.036,34661.6875,0.02887998387,19.68908295,0.1968908295,12.13760524,12.13760524
34.163,34692.3,0.02849659307,19.42770422,0.1942770422,11.97647473,11.97647473
34.29,34688.8875,0.02853931444,19.45682975,0.1945682975,11.99442956,11.99442956
34.417,34696.7375,0.02844104591,19.38983465,0.1938983465,11.95312952,11.95312952
34.544,34755.1125,0.02771098771,18.89211358,0.1889211358,11.64630254,11.64630254
34.671,34729.2,0.02803490705,19.11294732,0.1911294732,11.78243852,11.78243852
34.798,34677.325,0.02868409761,19.55553644,0.1955553644,12.05527866,12.05527866
34.925,34729.7625,0.02802787295,19.10815178,0.1910815178,11.77948225,11.77948225
35.052,34712.8875,0.02823894553,19.25205164,0.1925205164,11.86819129,11.86819129
35.179,34676.6125,0.02869302096,19.56161999,0.1956161999,12.05902895,12.05902895
35.306,34685.7875,0.02857812725,19.48329058,0.1948329058,12.01074171,12.01074171
35.433,34739.55,0.02790549784,19.0247219,0.190247219,11.72805076,11.72805076
35.56,34748.4875,0.02779378057,18.94855806,0.1894855806,11.68109851,11.68109851
35.687,34741.575,0.02788018316,19.00746348,0.1900746348,11.71741157,11.71741157
35.814,34704.15,0.02834827454,19.32658727,0.1932658727,11.91413981,11.91413981
35.941,34711.3375,0.02825833808,19.26527261,0.1926527261,11.87634154,11.87634154
36.068,34681.875,0.02862711772,19.5166901,0.195166901,12.0313313,12.0313313
36.195,34707.425,0.02830729248,19.29864754,0.1929864754,11.89691597,11.89691597
36.322,34751.5,0.02775613129,18.92289046,0.1892289046,11.66527537,11.66527537
36.449,34696.1,0.02844902549,19.39527477,0.1939527477,11.95648316,11.95648316
36.576,34658.9125,0.0289147547,19.71278814,0.1971278814,12.15221863,12.15221863
36.703,34697.2,0.0284352569,19.38588796,0.1938588796,11.95069653,11.95069653
36.83,34682.3,0.0286217958,19.51306185,0.1951306185,12.02909462,12.02909462
36.957,34689.6125,0.02853023775,19.45064167,0.1945064167,11.99061484,11.99061484
37.084,34725.25,0.02808430527,19.14662482,0.1914662482,11.80319948,11.80319948
37.211,34733.6125,0.0279797315,19.07533109,0.1907533109,11.75924949,11.75924949
37.338,34730.8125,0.02801474293,19.09920032,0.1909920032,11.773964,11.773964
37.465,34761.725,0.0276283668,18.83578633,0.1883578633,11.61157884,11.61157884
37.592,34709.65,0.02827945192,19.27966709,0.1927966709,11.88521521,11.88521521
37.719,34699.4875,0.02840662589,19.36636862,0.1936636862,11.93866356,11.93866356
37.846,34712.4875,0.02824394997,19.25546344,0.1925546344,11.87029455,11.87029455
37.973,34684.125,0.02859894361,19.49748225,0.1949748225,12.01949036,12.01949036
38.1,34686.1,0.02857421451,19.48062305,0.1948062305,12.00909728,12.00909728
38.227,34722.125,0.02812339013,19.17327113,0.1917327113,11.81962596,11.81962596
38.354,34709.3375,0.028283362,19.28233281,0.1928233281,11.88685853,11.88685853
38.481,34693.3375,0.02848360535,19.41884977,0.1941884977,11.97101629,11.97101629
38.608,34622.8375,0.02936702892,20.02112851,0.2002112851,12.34229927,12.34229927
38.735,34702.8,0.02836516903,19.33810518,0.1933810518,11.92124018,11.92124018
38.862,34735.25,0.02795925737,19.06137275,0.1906137275,11.75064467,11.75064467
38.989,34674.4625,0.02871994868,19.5799781,0.195799781,12.07034606,12.07034606
39.116,34662.725,0.02886698469,19.68022068,0.1968022068,12.13214197,12.13214197
39.243,34648.725,0.02904242822,19.79983025,0.1979983025,12.20587693,12.20587693
39.37,34664.2125,0.02884834798,19.66751501,0.1966751501,12.12430938,12.12430938
39.497,34685.25,0.02858485724,19.48787879,0.1948787879,12.01357017,12.01357017
39.624,34614.8375,0.02946738919,20.08954965,0.2008954965,12.38447843,12.38447843
39.751,34685.9875,0.02857562309,19.48158336,0.1948158336,12.00968927,12.00968927
39.878,34657.15,0.02893684032,19.72784513,0.1972784513,12.16150072,12.16150072
40.005,34638.8625,0.02916606449,19.88411993,0.1988411993,12.25783846,12.25783846
40.132,34647.5,0.0290577829,19.81029838,0.1981029838,12.21233015,12.21233015
40.259,34669.65,0.02878022899,19.62107452,0.1962107452,12.09568051,12.09568051
40.386,34697.0375,0.02843729087,19.38727463,0.1938727463,11.95155136,11.95155136
40.513,34618,0.02942771275,20.06250003,0.2006250003,12.36780332,12.36780332
40.64,34606.2875,0.02957467488,20.16269224,0.2016269224,12.42956818,12.42956818
40.767,34615.3,0.02946158648,20.08559363,0.2008559363,12.38203968,12.38203968
40.894,34493.2875,0.03099509809,21.13107334,0.2113107334,13.02653999,13.02653999
41.021,34557.4625,0.03018784092,20.58072146,0.2058072146,12.68726803,12.68726803
41.148,34556.925,0.03019459591,20.58532671,0.2058532671,12.69010699,12.69010699
41.275,34588.175,0.0298020387,20.31769874,0.2031769874,12.52512407,12.52512407
41.402,34591.6,0.029759036,20.28838142,0.2028838142,12.507051,12.507051
41.529,34542.05,0.03038157786,20.71280265,0.2071280265,12.76869129,12.76869129
41.656,34610.9875,0.02951569584,20.12248297,0.2012248297,12.40478062,12.40478062
41.783,34538.5625,0.03042542813,20.74269781,0.2074269781,12.78712057,12.78712057
41.91,34563.9625,0.03010616106,20.52503578,0.2052503578,12.65293983,12.65293983
42.037,34547.5375,0.03031258943,20.66576942,0.2066576942,12.73969701,12.73969701
42.164,34503.9,0.03086149988,21.03999205,0.2103999205,12.97039168,12.97039168
42.291,34429.45,0.0317996013,21.67954769,0.2167954769,13.36465453,13.36465453
42.418,34471.15,0.03127391409,21.32115763,0.2132115763,13.14372006,13.14372006
42.545,34499.1625,0.03092113405,21.08064796,0.2108064796,12.99545458,12.99545458
42.672,34526,0.03058342014,20.8504097,0.208504097,12.85352104,12.85352104
42.799,34462.8875,0.031378024,21.39213512,0.2139213512,13.18747511,13.18747511
42.926,34440.675,0.03165803177,21.58303191,0.2158303191,13.30515605,13.30515605
43.053,34432.9375,0.03175561206,21.64955779,0.2164955779,13.34616685,13.34616685
43.18,34255.525,0.03399905844,23.17903932,0.2317903932,14.28903671,14.28903671
43.307,34403.3,0.0321295838,21.90451502,0.2190451502,13.50333872,13.50333872
43.434,34421.5125,0.03189973679,21.7478156,0.217478156,13.40673922,13.40673922
43.561,34397.6875,0.03220043969,21.9528214,0.219528214,13.53311785,13.53311785
43.688,34353.875,0.03275395524,22.33018358,0.2233018358,13.76574795,13.76574795
43.815,34365.6125,0.03260559757,22.22903995,0.2222903995,13.70339657,13.70339657
43.942,34368.7875,0.03256547545,22.20168648,0.2220168648,13.68653414,13.68653414
44.069,34294.125,0.03350995984,22.84559374,0.2284559374,14.08347961,14.08347961
44.196,34288.5125,0.03358104133,22.89405392,0.2289405392,14.11335355,14.11335355
44.323,34280.3125,0.03368491403,22.9648697,0.229648697,14.15700891,14.15700891
44.45,34217.85,0.03447696817,23.50485683,0.2350485683,14.48989138,14.48989138
44.577,34228.3375,0.03434388075,23.41412377,0.2341412377,14.43395774,14.43395774
44.704,34200.55,0.03469659607,23.65458932,0.2365458932,14.58219603,14.58219603
44.831,34227.9375,0.03434895604,23.41758387,0.2341758387,14.43609077,14.43609077
44.958,34157.225,0.03524710583,24.02990228,0.2402990228,14.81356285,14.81356285
45.085,34243.2625,0.0341545513,23.2850474,0.232850474,14.35438685,14.35438685
45.212,34161.9,0.03518766927,23.98938109,0.2398938109,14.78858301,14.78858301
45.339,34106.1875,0.03589651106,24.47263776,0.2447263776,15.08649321,15.08649321
45.466,34078.1625,0.03625351684,24.71602835,0.2471602835,15.23653468,15.23653468
45.593,34049.2875,0.03662165785,24.96701044,0.2496701044,15.39125603,15.39125603
45.72,34000.225,0.0372478953,25.39395117,0.2539395117,15.6544495,15.6544495
45.847,34001.3375,0.03723368526,25.38426339,0.2538426339,15.64847734,15.64847734
45.974,33974.875,0.03757181878,25.61478773,0.2561478773,15.79058722,15.79058722
46.101,33901.7125,0.03850804977,26.2530682,0.262530682,16.18406397,16.18406397
46.228,33850.675,0.03916235318,26.69914303,0.2669914303,16.45905292,16.45905292
46.355,33858.6125,0.03906052926,26.62972403,0.2662972403,16.41625863,16.41625863
46.482,33812.5875,0.03965128002,27.03247151,0.2703247151,16.66453784,16.66453784
46.609,33807.225,0.03972016233,27.07943239,0.2707943239,16.69348751,16.69348751
46.736,33756.4,0.04037356188,27.52489102,0.2752489102,16.9680966,16.9680966
46.863,33668.3625,0.04150769186,28.29809018,0.2829809018,17.44474582,17.44474582
46.99,33686.6625,0.04127170088,28.13720207,0.2813720207,17.34556414,17.34556414
47.117,33650.4375,0.04173897134,28.4557662,0.284557662,17.54194737,17.54194737
47.244,33546.2625,0.04308554532,29.37380019,0.2937380019,18.10788201,18.10788201
47.371,33504.475,0.04362686921,29.74285063,0.2974285063,18.33538822,18.33538822
47.498,33425.5375,0.04465128667,30.4412527,0.304412527,18.76592775,18.76592775
47.625,33358.4625,0.04552366066,31.03599831,0.3103599831,19.13256684,19.13256684
47.752,33204.8875,0.04752767318,32.40224453,0.3240224453,19.97480807,19.97480807
47.879,33044.9625,0.04962442298,33.83171488,0.3383171488,20.85602467,20.85602467
48.006,32780.2,0.05311808736,36.2135392,0.362135392,22.32433294,22.32433294
48.133,32433.025,0.05774222951,39.36607276,0.3936607276,24.26775549,24.26775549
48.26,32019.25,0.0633185313,43.16774622,0.4316774622,26.61134924,26.61134924
48.387,31353.4875,0.0724438312,49.38896807,0.4938896807,30.44650678,30.44650678
48.514,30581,0.08327800358,58.46697074,0.5846697074,36.04276604,36.04276604
48.641,29635.1125,0.09692310611,70.092422,0.70092422,43.20943492,43.20943492
48.768,28655.2375,0.111525674,82.53362141,0.8253362141,50.87898294,50.87898294
48.895,27700.025,0.1262495253,95.0781527,0.950781527,58.61223131,58.61223131
49.022,26742.975,0.141519968,111.7171982,1.117171982,68.86959916,68.86959916
49.149,26083.6625,0.1523611142,125.0976518,1.250976518,77.11816325,77.11816325
49.276,25511.3625,0.1619960325,136.9893443,1.369893443,84.44896022,84.44896022
49.403,25072.7625,0.1695274995,146.2848968,1.462848968,90.17933108,90.17933108
49.53,24782.4375,0.1745856668,152.5929994,1.525929994,94.0680474,94.0680474
49.657,24532.0375,0.1789960665,158.1767728,1.581767728,97.51024115,97.51024115
49.784,24298.8875,0.183143296,163.4273606,1.634273606,100.747038,100.747038
49.911,24178.925,0.1852926982,166.1486048,1.661486048,102.4245863,102.4245863
50.038,24042.8375,0.1877439652,169.2520241,1.692520241,104.3377317,104.3377317
50.165,23956.1125,0.1893133424,171.2389296,1.712389296,105.5625868,105.5625868
50.292,23898.2125,0.1903642678,172.5694505,1.725694505,106.3828047,106.3828047
50.419,23820.2375,0.191783599,174.3663906,1.743663906,107.4905531,107.4905531
50.546,23752.875,0.1930135031,175.923507,1.75923507,108.4504588,108.4504588
50.673,23724.0375,0.1935410845,176.5914499,1.765914499,108.8622214,108.8622214
50.8,23688.8625,0.1941854792,177.4072839,1.774072839,109.3651535,109.3651535
50.927,23648.575,0.1949247099,178.3431847,1.783431847,109.9421024,109.9421024
51.054,23587.0375,0.1960562888,179.7758169,1.797758169,110.8252681,110.8252681
51.181,23604.5625,0.195733731,179.3674434,1.793674434,110.5735207,110.5735207
51.308,23526.65,0.1971695947,181.1853145,1.811853145,111.6941722,111.6941722
51.435,23530.2,0.1971040678,181.1023543,1.811023543,111.6430303,111.6430303
51.562,23558.9,0.1965746776,180.4321214,1.804321214,111.229856,111.229856
51.689,23583.7,0.1961177446,179.8536228,1.798536228,110.8732326,110.8732326
51.816,23595.8125,0.1958947499,179.571301,1.79571301,110.6991915,110.6991915
51.943,23559.5125,0.1965633867,180.4178266,1.804178266,111.2210438,111.2210438
52.07,23600.1625,0.195814693,179.4699452,1.794699452,110.6367093,110.6367093
52.197,23578.4,0.1962153552,179.9772024,1.799772024,110.949415,110.949415
52.324,23508.1,0.1975121569,181.6190143,1.816190143,111.9615324,111.9615324
52.451,23573.25,0.1963102243,180.0973111,1.800973111,111.0234576,111.0234576
52.578,23608.65,0.1956585326,179.2722387,1.792722387,110.5148304,110.5148304
52.705,23604.3875,0.1957369507,179.3715198,1.793715198,110.5760336,110.5760336
52.832,23600.65,0.195805722,179.4585875,1.794585875,110.6297077,110.6297077
52.959,23617.3375,0.1954987505,179.0699471,1.790699471,110.390125,110.390125
53.086,23605.9125,0.1957088933,179.3359978,1.793359978,110.5541356,110.5541356
53.213,23589.375,0.1960132519,179.7213301,1.797213301,110.791679,110.791679
53.34,23609.6875,0.1956394476,179.2480762,1.792480762,110.4999351,110.4999351
53.467,23624.125,0.1953739544,178.9119494,1.789119494,110.2927252,110.2927252
53.594,23686.4,0.1942306273,177.4644434,1.774644434,109.4003902,109.4003902
53.721,23653.8125,0.1948285364,178.2214246,1.782214246,109.8670416,109.8670416
53.848,23689.775,0.1941687504,177.3861045,1.773861045,109.3520971,109.3520971
53.975,23643.7625,0.1950130981,178.4550883,1.784550883,110.0110869,110.0110869
54.102,23644.7375,0.1949951894,178.4324151,1.784324151,109.9971097,109.9971097
54.229,23648.875,0.1949192006,178.3362097,1.783362097,109.9378025,109.9378025
54.356,23608.3875,0.1956633614,179.2783523,1.792783523,110.5185992,110.5185992
54.483,23611.6375,0.1956035793,179.2026653,1.792026653,110.4719409,110.4719409
54.61,23709.05,0.1938155338,176.9389156,1.769389156,109.0764214,109.0764214
54.737,23626.9625,0.1953217943,178.8459123,1.788459123,110.2520157,110.2520157
54.864,23641.2,0.1950601693,178.5146827,1.785146827,110.0478246,110.0478246
54.991,23633.825,0.1951956709,178.6862341,1.786862341,110.1535799,110.1535799
55.118,23674.125,0.19445575,177.7494594,1.777494594,109.5760922,109.5760922
55.245,23683.45,0.1942847194,177.5329267,1.775329267,109.4426077,109.4426077
55.372,23719.6125,0.1936220965,176.6940149,1.766940149,108.925449,108.925449
55.499,23683.9125,0.1942762384,177.5221893,1.775221893,109.4359885,109.4359885
55.626,23676.7125,0.1944082857,177.6893674,1.776893674,109.5390477,109.5390477
55.753,23640.8625,0.1950663693,178.5225322,1.785225322,110.0526635,110.0526635
55.88,23628.9125,0.1952859523,178.8005346,1.788005346,110.2240419,110.2240419
56.007,23677.4,0.1943956753,177.673402,1.77673402,109.5292056,109.5292056
56.134,23656.575,0.1947778187,178.1572135,1.781572135,109.8274579,109.8274579
56.261,23738.5875,0.1932748125,176.254337,1.76254337,108.6544035,108.6544035
56.388,23710.75,0.1937843949,176.8994923,1.768994923,109.0521183,109.0521183
56.515,23679.2375,0.1943619729,177.6307332,1.776307332,109.5029018,109.5029018
56.642,23659.3375,0.1947271068,178.0930099,1.780930099,109.7878787,109.7878787
56.769,23697.7,0.1940234891,177.2021968,1.772021968,109.2387247,109.2387247
56.896,23678.475,0.1943759579,177.6484389,1.776484389,109.5138167,109.5138167
57.023,23701.6375,0.1939513347,177.110846,1.77110846,109.1824102,109.1824102
57.15,23683.2375,0.1942886161,177.5378601,1.775378601,109.445649,109.445649
57.277,23688.35,0.1941948751,177.4191796,1.774191796,109.3724867,109.3724867
57.404,23686.4875,0.1942290229,177.4624123,1.774624123,109.3991381,109.3991381
57.531,23706.9875,0.1938533156,176.9867492,1.769867492,109.1059091,109.1059091
57.658,23684.6375,0.1942629442,177.5053582,1.775053582,109.4256127,109.4256127
57.785,23688.25,0.1941967085,177.4215007,1.774215007,109.3739176,109.3739176
57.912,23720.2125,0.193611111,176.6801067,1.766801067,108.9168751,108.9168751
58.039,23717.1375,0.1936674149,176.7513901,1.767513901,108.9608188,108.9608188
58.166,23731.125,0.1934113594,176.4272118,1.764272118,108.7609746,108.7609746
58.293,23703.05,0.1939254537,177.0780794,1.770780794,109.1622108,109.1622108
58.42,23768.925,0.1927201461,175.5521032,1.755521032,108.2215019,108.2215019
58.547,23746.575,0.1931287067,176.0693602,1.760693602,108.5403721,108.5403721
58.674,23705.9625,0.1938720933,177.0105226,1.770105226,109.1205645,109.1205645
58.801,23641.15,0.1950610878,178.5158456,1.785158456,110.0485415,110.0485415
58.928,23738.4375,0.1932775567,176.2578113,1.762578113,108.6565453,108.6565453
59.055,23750.65,0.1930541866,175.9750142,1.759750142,108.4822112,108.4822112
59.182,23757.525,0.1929284914,175.8158782,1.758158782,108.3841096,108.3841096
59.309,23791.1875,0.1923135666,175.0373545,1.750373545,107.904178,107.904178
59.436,23773.825,0.1926306248,175.4387651,1.754387651,108.151633,108.151633
59.563,23788.3,0.1923662795,175.1040915,1.751040915,107.9453189,107.9453189
59.69,23777.1125,0.1925705737,175.3627376,1.753627376,108.1047648,108.1047648
59.817,23761.8625,0.1928492079,175.7155015,1.757155015,108.322231,108.322231
59.944,23797.825,0.1921924198,174.8839769,1.748839769,107.8096262,107.8096262
60.071,23758.6,0.1929088405,175.7909993,1.757909993,108.3687726,108.3687726
60.198,23771.55,0.192672186,175.4913834,1.754913834,108.1840703,108.1840703
60.325,23758.775,0.1929056416,175.7869493,1.757869493,108.366276,108.366276
60.452,23734.3625,0.1933521152,176.3522058,1.763522058,108.7147361,108.7147361
60.579,23777.1125,0.1925705737,175.3627376,1.753627376,108.1047648,108.1047648
60.706,23816.2,0.1918572176,174.4595952,1.744595952,107.5480103,107.5480103
60.833,23795.6625,0.1922318858,174.9339427,1.749339427,107.8404283,107.8404283
60.96,23816.8125,0.1918460487,174.4454548,1.744454548,107.5392933,107.5392933
61.087,23808.2625,0.1920019841,174.6428764,1.746428764,107.6609965,107.6609965
61.214,23823.9,0.1917168289,174.2818564,1.742818564,107.4384408,107.4384408
61.341,23825.025,0.1916963213,174.2558929,1.742558929,107.4224353,107.4224353
61.468,23798.325,0.1921832952,174.8724248,1.748724248,107.8025048,107.8025048
61.595,23816.8875,0.1918446811,174.4437233,1.744437233,107.5382259,107.5382259
61.722,23851.9375,0.1912060237,173.635153,1.73635153,107.0397716,107.0397716
61.849,23882.5625,0.1906487634,172.9296353,1.729296353,106.6048456,106.6048456
61.976,23878.4875,0.1907228719,173.0234601,1.730234601,106.6626852,106.6626852
62.103,23888.6,0.1905389878,172.7906543,1.727906543,106.5191688,106.5191688
62.23,23913.7375,0.1900822286,172.2123757,1.722123757,106.162681,106.162681
62.357,23895,0.1904226515,172.643367,1.72643367,106.4283715,106.4283715
62.484,23865.475,0.1909596037,173.3231737,1.733231737,106.8474477,106.8474477
62.611,23906.775,0.1902086922,172.3724844,1.723724844,106.2613823,106.2613823
62.738,23875.4625,0.1907778931,173.0931196,1.730931196,106.7056277,106.7056277
62.865,23874.425,0.1907967657,173.1170131,1.731170131,106.7203572,106.7203572
62.992,23861.025,0.1910405906,173.425707,1.73425707,106.9106557,106.9106557
63.119,23918.0125,0.1900045978,172.1140914,1.721140914,106.1020923,106.1020923
63.246,23884.775,0.1906085319,172.8787003,1.728787003,106.573446,106.573446
63.373,23890.7625,0.1904996754,172.7408829,1.727408829,106.4884865,106.4884865
63.5,23827,0.1916603215,174.2103155,1.742103155,107.3943384,107.3943384
63.627,23868.8625,0.1908979637,173.2451346,1.732451346,106.7993394,106.7993394
63.754,23840.825,0.1914084065,173.8913792,1.738913792,107.1977258,107.1977258
63.881,23897.475,0.1903776704,172.5864188,1.725864188,106.393265,106.393265
64.008,23884.2,0.1906189871,172.8919372,1.728919372,106.581606,106.581606
64.135,23877.6375,0.1907383317,173.043033,1.73043033,106.6747511,106.6747511
64.262,23897.875,0.1903704012,172.5772156,1.725772156,106.3875916,106.3875916
64.389,23886.8625,0.1905705767,172.8306473,1.728306473,106.543823,106.543823
64.516,23893.0625,0.1904578672,172.6879517,1.726879517,106.4558564,106.4558564
64.643,23844.4625,0.1913421493,173.8074945,1.738074945,107.1460139,107.1460139
64.77,23828.375,0.1916352601,174.1785866,1.741785866,107.3747787,107.3747787
64.897,23850.825,0.1912262805,173.6607991,1.736607991,107.0555815,107.0555815
65.024,23817.1625,0.1918396666,174.4373747,1.744373747,107.5343122,107.5343122
65.151,23841.3625,0.1913986153,173.878983,1.73878983,107.190084,107.190084
65.278,23869.4625,0.1908870468,173.2313133,1.732313133,106.7908191,106.7908191
65.405,23847.375,0.1912891053,173.7403383,1.737403383,107.1046145,107.1046145
65.532,23836.6125,0.1914851499,173.98854,1.7398854,107.2576219,107.2576219
65.659,23843.5625,0.1913585419,173.8282483,1.738282483,107.1588078,107.1588078
65.786,23855.1625,0.191147307,173.560815,1.73560815,106.993945,106.993945
65.913,23867.775,0.1909177512,173.2701865,1.732701865,106.814783,106.814783
66.04,23862.425,0.1910151099,173.3934473,1.733934473,106.8907688,106.8907688
66.167,23842.4875,0.1913781227,173.8530385,1.738530385,107.1740901,107.1740901
66.294,23820.225,0.1917838269,174.3666791,1.743666791,107.4907309,107.4907309
66.421,23867.625,0.1909204806,173.2736421,1.732736421,106.8169133,106.8169133
66.548,23821.0875,0.191768102,174.3467706,1.743467706,107.4784581,107.4784581
66.675,23847.2625,0.1912911541,173.7429321,1.737429321,107.1062136,107.1062136
66.802,23873.525,0.1908131377,173.1377409,1.731377409,106.7331351,106.7331351
66.929,23860.1875,0.1910558342,173.4450061,1.734450061,106.9225529,106.9225529
67.056,23901.425,0.190305892,172.495544,1.72495544,106.337244,106.337244
67.183,23862.35,0.1910164749,173.3951754,1.733951754,106.8918341,106.8918341
67.31,23849.275,0.191254505,173.6965327,1.736965327,107.07761,107.07761
67.437,23855.3875,0.1911432108,173.555629,1.73555629,106.990748,106.990748
67.564,23844.775,0.1913364576,173.8002885,1.738002885,107.1415717,107.1415717
67.691,23878.8,0.1907171883,173.0162644,1.730162644,106.6582493,106.6582493
67.818,23863.175,0.1910014602,173.376166,1.73376166,106.8801156,106.8801156
67.945,23859.0875,0.1910758564,173.4703552,1.734703552,106.9381798,106.9381798
68.072,23852.65,0.1911930507,173.6187286,1.736187286,107.0296466,107.0296466
68.199,23848.95,0.1912604233,173.7040255,1.737040255,107.082229,107.082229
68.326,23915.8625,0.1900436385,172.1635187,1.721635187,106.1325625,106.1325625
68.453,23949.15,0.1894395822,171.3987551,1.713987551,105.6611135,105.6611135
68.58,23954.6125,0.1893405364,171.2733584,1.712733584,105.583811,105.583811
68.707,23903.3875,0.1902702344,172.4503998,1.724503998,106.3094143,106.3094143
68.834,23873.4125,0.1908151842,173.1403319,1.731403319,106.7347324,106.7347324
68.961,23898.275,0.190363132,172.5680126,1.725680126,106.3819183,106.3819183
69.088,23897.725,0.1903731271,172.5806668,1.725806668,106.3897191,106.3897191
69.215,23903.925,0.1902604688,172.4380361,1.724380361,106.3017925,106.3017925
69.342,23909.3125,0.190162598,172.314127,1.72314127,106.225407,106.225407
69.469,23923.675,0.1899017924,171.9839349,1.719839349,106.0218556,106.0218556
69.596,23908.5,0.1901773567,172.3328122,1.723328122,106.2369258,106.2369258
69.723,23898.0875,0.1903665394,172.5723265,1.725723265,106.3845776,106.3845776
69.85,23917.0375,0.1900223019,172.1365055,1.721365055,106.1159098,106.1159098
69.977,23905.3,0.1902354881,172.4064093,1.724064093,106.2822957,106.2822957
70.104,23890.425,0.1905058106,172.7486504,1.727486504,106.4932749,106.4932749
70.231,23968.7625,0.1890840742,170.9486652,1.709486652,105.3836494,105.3836494
70.358,23971.9125,0.1890270025,170.8764098,1.708764098,105.3391065,105.3391065
70.485,23978.8125,0.1889020146,170.7181691,1.707181691,105.2415569,105.2415569
70.612,23970.825,0.189046705,170.901354,1.70901354,105.3544838,105.3544838
70.739,23950.0125,0.1894239419,171.3789537,1.713789537,105.6489066,105.6489066
70.866,23924.2375,0.1898915813,171.9710071,1.719710071,106.0138861,106.0138861
70.993,23931.4625,0.1897604463,171.8049841,1.718049841,105.9115389,105.9115389
71.12,23976.9,0.1889366544,170.7620247,1.707620247,105.2685923,105.2685923
71.247,23939.275,0.1896186927,171.6255173,1.716255173,105.8009041,105.8009041
71.374,23935,0.1896962545,171.7237143,1.717237143,105.861439,105.861439
71.501,23949.975,0.1894246219,171.3798146,1.713798146,105.6494373,105.6494373
71.628,23934.8125,0.1896996567,171.7280216,1.717280216,105.8640943,105.8640943
71.755,23957.4125,0.1892897757,171.209093,1.71209093,105.5441936,105.5441936
71.882,23891.875,0.1904794524,172.7152797,1.727152797,106.4727031,106.4727031
72.009,23931.825,0.1897538679,171.7966555,1.717966555,105.9064046,105.9064046
72.136,23928.1625,0.1898203369,171.8808084,1.718808084,105.9582819,105.9582819
72.263,23936.25,0.1896735742,171.6949999,1.716949999,105.8437376,105.8437376
72.39,23931.0875,0.1897672516,171.8136,1.718136,105.9168503,105.9168503
72.517,23961.125,0.1892224816,171.1238954,1.711238954,105.4916724,105.4916724
72.644,23950.1,0.1894223553,171.3769449,1.713769449,105.6476683,105.6476683
72.771,23975.7625,0.1889572584,170.7881105,1.707881105,105.2846732,105.2846732
72.898,23937.675,0.18964772,171.6622673,1.716622673,105.8235592,105.8235592
73.025,23980.3,0.1888750744,170.6840616,1.706840616,105.2205309,105.2205309
73.152,23995.3625,0.1886023711,170.3388064,1.703388064,105.0076935,105.0076935
73.279,23982.6125,0.188833196,170.6310415,1.706310415,105.1878459,105.1878459
73.406,23983.425,0.1888184829,170.6124141,1.706124141,105.1763628,105.1763628
73.533,23980.525,0.1888709996,170.6789027,1.706789027,105.2173506,105.2173506
73.66,24019.8625,0.1881591694,169.7776921,1.697776921,104.661787,104.661787
73.787,24025.15,0.1880635785,169.6566696,1.696566696,104.587181,104.587181
73.914,23990.7875,0.1886851824,170.4436494,1.704436494,105.0723254,105.0723254
74.041,24028.15,0.1880093519,169.5880162,1.695880162,104.5448586,104.5448586
74.168,24019.375,0.1881679838,169.7888516,1.697888516,104.6686664,104.6686664
74.295,24006.2125,0.1884060402,170.0902423,1.700902423,104.8544628,104.8544628
74.422,24065.75,0.1873302855,168.7282862,1.687282862,104.0148663,104.0148663
74.549,24029.6875,0.1879815634,169.5528346,1.695528346,104.5231705,104.5231705
74.676,23993.3125,0.1886394758,170.3857827,1.703857827,105.0366528,105.0366528
74.803,24022.575,0.1881101284,169.715604,1.69715604,104.6235119,104.6235119
74.93,23990.9,0.1886831458,170.441071,1.70441071,105.070736,105.070736
75.057,23994.0625,0.1886259006,170.3685958,1.703685958,105.0260576,105.0260576
75.184,24008.575,0.1883633025,170.0361344,1.700361344,104.8211072,104.8211072
75.311,24013.3125,0.1882776137,169.9276482,1.699276482,104.7542295,104.7542295
75.438,23989.15,0.1887148263,170.48118,1.7048118,105.0954617,105.0954617
75.565,24017.45,0.1882027911,169.8329193,1.698329193,104.6958325,104.6958325
75.692,24060.775,0.1874200744,168.8419632,1.688419632,104.084944,104.084944
75.819,24020.875,0.1881408631,169.7545156,1.697545156,104.6474994,104.6474994
75.946,24006.45,0.1884017437,170.0848026,1.700848026,104.8511094,104.8511094
76.073,24022.725,0.1881074166,169.7121707,1.697121707,104.6213954,104.6213954
76.2,23987.4,0.1887465091,170.5212919,1.705212919,105.1201892,105.1201892
76.327,24032.775,0.1879257658,169.4821923,1.694821923,104.479622,104.479622
76.454,24072.1625,0.1872145799,168.5817974,1.685817974,103.9245613,103.9245613
76.581,24044.7875,0.1877087431,169.2074313,1.692074313,104.3102418,104.3102418
76.708,23975.8125,0.1889563527,170.7869638,1.707869638,105.2839663,105.2839663
76.835,24019.225,0.1881706959,169.7922853,1.697922853,104.6707831,104.6707831
76.962,24038.3125,0.1878257096,169.3555164,1.693555164,104.4015309,104.4015309
77.089,24047.4875,0.1876599787,169.1456933,1.691456933,104.2721826,104.2721826
77.216,24064.2625,0.18735713,168.7622726,1.687622726,104.0358177,104.0358177
77.343,24032.675,0.1879275729,169.4844802,1.694844802,104.4810324,104.4810324
77.47,23999.2875,0.1885313379,170.2488751,1.702488751,104.9522542,104.9522542
77.597,24006.0625,0.1884087539,170.0936779,1.700936779,104.8565807,104.8565807
77.724,24061.8875,0.1873999944,168.8165409,1.688165409,104.0692721,104.0692721
77.851,24042.075,0.1877577387,169.2694621,1.692694621,104.3484816,104.3484816
77.978,24032.5,0.1879307354,169.488484,1.69488484,104.4835006,104.4835006
78.105,24042.9875,0.1877412557,169.2485938,1.692485938,104.335617,104.335617
78.232,24062,0.1873979639,168.8139702,1.688139702,104.0676874,104.0676874
78.359,24067.6125,0.1872966758,168.6857347,1.686857347,103.9886349,103.9886349
78.486,24075.8,0.1871489594,168.4987188,1.684987188,103.8733463,103.8733463
78.613,24080.9875,0.1870553941,168.3802607,1.683802607,103.8003212,103.8003212
78.74,24000.6875,0.1885060041,170.2168012,1.702168012,104.9324818,104.9324818
78.867,24069,0.1872716394,168.6540375,1.686540375,103.9690946,103.9690946
78.994,24051.1,0.1875947423,169.0631009,1.690631009,104.2212674,104.2212674
79.121,24085.05,0.1869821341,168.2875101,1.682875101,103.7431438,103.7431438
79.248,24033.35,0.1879153752,169.4690372,1.694690372,104.4715124,104.4715124
79.375,24098.2,0.1867450819,167.9873909,1.679873909,103.5581312,103.5581312
79.502,24084.5375,0.1869913755,168.2992101,1.682992101,103.7503565,103.7503565
79.629,24113.525,0.1864689846,167.6378388,1.676378388,103.342645,103.342645
79.756,24109.7125,0.1865376547,167.7247784,1.677247784,103.3962401,103.3962401
79.883,24077.7375,0.187114011,168.4544724,1.684544724,103.84607,103.84607
80.01,24120.55,0.1863424799,167.4776779,1.674776779,103.2439116,103.2439116
80.137,24135.3125,0.18607676,167.1412639,1.671412639,103.0365246,103.0365246
80.264,24136.05,0.1860634895,167.1244629,1.671244629,103.0261674,103.0261674
80.391,24137.5375,0.1860367248,167.0905775,1.670905775,103.0052783,103.0052783
80.518,24119,0.1863703888,167.5130118,1.675130118,103.2656937,103.2656937
80.645,24128.3625,0.1862018373,167.2996177,1.672996177,103.134144,103.134144
80.772,24161.5875,0.1856042208,166.5430071,1.665430071,102.667721,102.667721
80.899,24121.9,0.1863181736,167.4469049,1.674469049,103.2249412,103.2249412
81.026,24105.2875,0.1866173707,167.8257026,1.678257026,103.4584562,103.4584562
81.153,24130.75,0.1861588661,167.2452141,1.672452141,103.1006061,103.1006061
81.28,24088.075,0.1869275916,168.2184568,1.682184568,103.700575,103.700575
81.407,24117.775,0.1863924471,167.5409387,1.675409387,103.2829096,103.2829096
81.534,24084.5875,0.1869904738,168.2980687,1.682980687,103.7496528,103.7496528
81.661,24095.7375,0.186789463,168.0435795,1.680435795,103.5927694,103.5927694
81.788,24099.7125,0.1867178247,167.952882,1.67952882,103.5368577,103.5368577
81.915,24064.2875,0.1873566788,168.7617014,1.687617014,104.0354655,104.0354655
82.042,24119.3375,0.1863643117,167.505318,1.67505318,103.2609507,103.2609507
82.169,24097.75,0.1867531918,167.9976584,1.679976584,103.5644608,103.5644608
82.296,24082.6375,0.1870256378,168.3425878,1.683425878,103.7770972,103.7770972
82.423,24103.125,0.1866563333,167.875031,1.67875031,103.4888654,103.4888654
82.55,24092.3625,0.1868502973,168.1205985,1.681205985,103.6402489,103.6402489
82.677,24088.1375,0.1869264648,168.2170302,1.682170302,103.6996955,103.6996955
82.804,24069.125,0.187269384,168.651182,1.68651182,103.9673343,103.9673343
82.931,24115.9875,0.1864246363,167.5816916,1.675816916,103.3080323,103.3080323
83.058,24078.975,0.1870916905,168.4262137,1.684262137,103.8286496,103.8286496
83.185,24048.9,0.1876344699,169.1133979,1.691133979,104.2522737,104.2522737
83.312,24078.9875,0.1870914651,168.4259283,1.684259283,103.8284736,103.8284736
83.439,24080.875,0.187057423,168.3828294,1.683828294,103.8019047,103.8019047
83.566,24088.825,0.1869140698,168.2013375,1.682013375,103.6900215,103.6900215
83.693,24121.275,0.1863294264,167.4611515,1.674611515,103.2337237,103.2337237
83.82,24148.55,0.1858386277,166.8397772,1.668397772,102.850669,102.850669
83.947,24109.8875,0.1865345024,167.7207874,1.677207874,103.3937798,103.3937798
84.074,24132.7125,0.1861235473,167.2004989,1.672004989,103.0730408,103.0730408
84.201,24118.5875,0.1863778165,167.5224156,1.675224156,103.2714908,103.2714908
84.328,24107.525,0.1865770605,167.774668,1.67774668,103.4269952,103.4269952
84.455,24112.7,0.1864838435,167.6566508,1.676566508,103.3542419,103.3542419
84.582,24121.125,0.1863321271,167.4645707,1.674645707,103.2358315,103.2358315
84.709,24140.225,0.1859883727,167.0293615,1.670293615,102.9675408,102.9675408
84.836,24166.9,0.1855087413,166.4221256,1.664221256,102.5932019,102.5932019
84.963,24129.375,0.1861836134,167.2765454,1.672765454,103.1199207,103.1199207
85.09,24132.35,0.1861300709,167.2087581,1.672087581,103.0781323,103.0781323
85.217,24142.3625,0.1859499197,166.9806782,1.669806782,102.9375294,102.9375294
85.344,24101.45,0.1866865148,167.9132422,1.679132422,103.5124212,103.5124212
85.471,24190.375,0.1850870855,165.8882894,1.658882894,102.2641113,102.2641113
85.598,24176.975,0.1853277249,166.1929503,1.661929503,102.4519237,102.4519237
85.725,24156.5125,0.1856954514,166.6585093,1.666585093,102.7389239,102.7389239
85.852,24144.05,0.1859195645,166.9422471,1.669422471,102.913838,102.913838
85.979,24109.2875,0.1865453104,167.7344708,1.677344708,103.4022152,103.4022152
86.106,24098.2,0.1867450819,167.9873909,1.679873909,103.5581312,103.5581312
86.233,24103.2875,0.1866534054,167.8713241,1.678713241,103.4865802,103.4865802
86.36,24085.775,0.1869690613,168.2709594,1.682709594,103.7329409,103.7329409
86.487,24099.2625,0.1867259341,167.9631489,1.679631489,103.5431869,103.5431869
86.614,24094.75,0.1868072618,168.0661136,1.680661136,103.6066609,103.6066609
86.741,24115.975,0.1864248614,167.5819766,1.675819766,103.308208,103.308208
86.868,24101.0625,0.1866934974,167.9220825,1.679220825,103.5178709,103.5178709
86.995,24108.3625,0.1865619733,167.7555668,1.677555668,103.4152201,103.4152201
87.122,24121.1375,0.186331902,167.4642857,1.674642857,103.2356559,103.2356559
87.249,24119.9375,0.1863535082,167.4916402,1.674916402,103.2525189,103.2525189
87.376,24101.85,0.1866793071,167.9041169,1.679041169,103.5067958,103.5067958
87.503,24121.25,0.1863298765,167.4617213,1.674617213,103.234075,103.234075
87.63,24182.7625,0.1852237757,166.0613457,1.660613457,102.3707942,102.3707942
87.757,24107.3125,0.1865808887,167.7795146,1.677795146,103.429983,103.429983
87.884,24145.5625,0.1858923591,166.9078037,1.669078037,102.8926049,102.8926049
88.011,24162.9875,0.1855790571,166.5111487,1.665111487,102.6480814,102.6480814
88.138,24110.4375,0.1865245953,167.7082445,1.677082445,103.3860476,103.3860476
88.265,24147.1625,0.1858635816,166.8713701,1.668713701,102.8701449,102.8701449
88.392,24182.0375,0.185236796,166.07783,1.6607783,102.3809562,102.3809562
88.519,24161.1625,0.1856118601,166.5526788,1.665526788,102.6736832,102.6736832
88.646,24177.0125,0.1853270513,166.1920975,1.661920975,102.451398,102.451398
88.773,24171.225,0.1854310253,166.3237334,1.663237334,102.5325467,102.5325467
88.9,24198.8375,0.1849351831,165.6959739,1.656959739,102.1455558,102.1455558
89.027,24217.7375,0.1845961188,165.2667026,1.652667026,101.8809256,101.8809256
89.154,24177.7375,0.1853140282,166.1756097,1.661756097,102.4412338,102.4412338
89.281,24187.75,0.1851342152,165.9479578,1.659479578,102.3008947,102.3008947
89.408,24206.5875,0.1847961168,165.5199094,1.655199094,102.0370184,102.0370184
89.535,24168.35,0.1854826847,166.3891366,1.663891366,102.5728655,102.5728655
89.662,24180.35,0.1852671035,166.1162008,1.661162008,102.4046104,102.4046104
89.789,24194.0625,0.1850208881,165.8044805,1.658044805,102.2124461,102.2124461
89.916,24205.4875,0.1848158526,165.5448958,1.655448958,102.0524216,102.0524216
90.043,24178,0.1853093131,166.1696401,1.661696401,102.4375538,102.4375538
90.17,24153.6625,0.1857466927,166.7233833,1.667233833,102.7789164,102.7789164
90.297,24119.2125,0.1863665625,167.5081675,1.675081675,103.2627074,103.2627074
90.424,24151.1375,0.1857920958,166.7808657,1.667808657,102.8143522,102.8143522
90.551,24174.2875,0.1853760036,166.2540733,1.662540733,102.4896038,102.4896038
90.678,24193.4875,0.1850312098,165.8175482,1.658175482,102.2205019,102.2205019
90.805,24148.675,0.1858363797,166.8369311,1.668369311,102.8489145,102.8489145
90.932,24142.5,0.1859474463,166.9775467,1.669775467,102.9355989,102.9355989
91.059,24178.9625,0.1852920246,166.1477521,1.661477521,102.4240606,102.4240606
91.186,24144.5125,0.1859112453,166.9317146,1.669317146,102.9073451,102.9073451
91.313,24148.4875,0.1858397517,166.8412003,1.668412003,102.8515463,102.8515463
91.44,24160.3375,0.1856266896,166.5714537,1.665714537,102.6852573,102.6852573
91.567,24160.475,0.185624218,166.5683245,1.665683245,102.6833282,102.6833282
91.694,24112.1,0.1864946502,167.6703326,1.676703326,103.3626763,103.3626763
91.821,24048.2875,0.187645531,169.1274019,1.691274019,104.2609066,104.2609066
91.948,24124.2625,0.1862756409,167.3930565,1.673930565,103.1917456,103.1917456
92.075,24116.6875,0.1864120304,167.5657321,1.675657321,103.2981939,103.2981939
92.202,24137.4125,0.1860389739,167.093425,1.67093425,103.0070337,103.0070337
92.329,24133.2,0.1861147743,167.1893918,1.671893918,103.0661937,103.0661937
92.456,24114.2625,0.1864557022,167.6210225,1.676210225,103.3322784,103.3322784
92.583,24161.3375,0.1856087145,166.5486963,1.665486963,102.6712282,102.6712282
92.71,24167.5875,0.1854963867,166.406484,1.66406484,102.5835595,102.5835595
92.837,24184.75,0.1851880839,166.0161582,1.660161582,102.3429378,102.3429378
92.964,24203.25,0.1848559996,165.5957239,1.655957239,102.0837553,102.0837553
93.091,24209.225,0.1847487996,165.4600036,1.654600036,102.0000886,102.0000886
93.218,24207.9125,0.1847723454,165.4898137,1.654898137,102.0184655,102.0184655
93.345,24184.7375,0.1851883084,166.0164424,1.660164424,102.343113,102.343113
93.472,24215.1875,0.1846418502,165.3246006,1.653246006,101.9166176,101.9166176
93.599,24186.275,0.1851606998,165.9814887,1.659814887,102.3215653,102.3215653
93.726,24221.25,0.1845331341,165.1869609,1.651869609,101.8317677,101.8317677
93.853,24196.3875,0.1849791553,165.7516448,1.657516448,102.1798749,102.1798749
93.98,24137.2375,0.1860421226,167.0974114,1.670974114,103.0094911,103.0094911
94.107,24205,0.1848245994,165.5559697,1.655559697,102.0592483,102.0592483
94.234,24199.05,0.1849313694,165.6911456,1.656911456,102.1425793,102.1425793
94.361,24234.575,0.1842942784,164.8845584,1.648845584,101.6453476,101.6453476
94.488,24235.6625,0.1842747904,164.8598856,1.648598856,101.6301377,101.6301377
94.615,24243.05,0.1841424291,164.6923101,1.646923101,101.5268335,101.5268335
94.742,24259.375,0.1838500785,164.3221804,1.643221804,101.2986619,101.2986619
94.869,24258.6375,0.1838632815,164.3388961,1.643388961,101.3089665,101.3089665
94.996,24264.325,0.183761472,164.2100004,1.642100004,101.229507,101.229507
95.123,24250.3625,0.1840114514,164.5264861,1.645264861,101.424609,101.424609
95.25,24269.1375,0.1836753441,164.1009585,1.641009585,101.1622866,101.1622866
95.377,24256.9125,0.1838941647,164.3779957,1.643779957,101.33307,101.33307
95.504,24208.7125,0.1847579935,165.4716435,1.654716435,102.0072642,102.0072642
95.631,24238.9875,0.1842152116,164.7844561,1.647844561,101.5836381,101.5836381
95.758,24211.025,0.1847165102,165.4191237,1.654191237,101.9748877,101.9748877
95.885,24252.3375,0.183976083,164.4817081,1.644817081,101.3970049,101.3970049
96.012,24264.2875,0.1837621432,164.2108502,1.642108502,101.2300309,101.2300309
96.139,24299.3125,0.1831357001,163.4177437,1.634177437,100.7411095,100.7411095
96.266,24289.575,0.1833097704,163.638125,1.63638125,100.8769666,100.8769666
96.393,24267.15,0.1837109117,164.1459888,1.641459888,101.1900462,101.1900462
96.52,24289.5,0.1833111114,163.6398227,1.636398227,100.8780132,100.8780132
96.647,24274.575,0.1835780513,163.9777812,1.639777812,101.0863523,101.0863523
96.774,24257.8375,0.1838776039,164.3570289,1.643570289,101.3201447,101.3201447
96.901,24280.6875,0.1834687069,163.839346,1.63839346,101.001012,101.001012
97.028,24228.4875,0.1844033828,165.0226898,1.650226898,101.7305005,101.7305005
97.155,24270.2125,0.1836561075,164.076604,1.64076604,101.147273,101.147273
97.282,24207.7,0.1847761577,165.4946403,1.654946403,102.0214409,102.0214409
97.409,24251.1875,0.1839966769,164.5077809,1.645077809,101.4130779,101.4130779
97.536,24201.25,0.1848918884,165.6411607,1.656411607,102.1117654,102.1117654
97.663,24255.475,0.1839199024,164.4105808,1.644105808,101.3531576,101.3531576
97.79,24276.675,0.183540482,163.9302167,1.639302167,101.0570305,101.0570305
97.917,24257.575,0.1838823035,164.3629788,1.643629788,101.3238127,101.3238127
98.044,24302.2375,0.1830834255,163.3515617,1.633515617,100.7003107,100.7003107
98.171,24321.7375,0.1827350894,162.9105518,1.629105518,100.4284441,100.4284441
98.298,24284.1,0.1834076737,163.7620752,1.637620752,100.9533774,100.9533774
98.425,24308.6375,0.182969069,163.206781,1.63206781,100.6110587,100.6110587
98.552,24315.3375,0.1828493843,163.0552545,1.630552545,100.5176481,100.5176481
98.679,24350.925,0.1822142233,162.2511107,1.622511107,100.0219226,100.0219226
98.806,24393.1375,0.1814620225,161.2987892,1.612987892,99.43485096,99.43485096
98.933,24385.075,0.1816055907,161.4805533,1.614805533,99.5469019,99.5469019
99.06,24358.1875,0.1820847172,162.0871499,1.620871499,99.92084674,99.92084674
99.187,24385.4375,0.1815991347,161.4723796,1.614723796,99.54186316,99.54186316
99.314,24380.375,0.181689305,161.5865396,1.615865396,99.61223861,99.61223861
99.441,24339.975,0.1824095585,162.4984144,1.624984144,100.1743763,100.1743763
99.568,24352.0375,0.1821943825,162.2259914,1.622259914,100.0064375,100.0064375
99.695,24366.3375,0.181939431,161.9032108,1.619032108,99.80745493,99.80745493
99.822,24355.1875,0.182138209,162.1548731,1.621548731,99.96259561,99.96259561
99.949,24366.625,0.1819343067,161.8967233,1.618967233,99.80345561,99.80345561
100.076,24288.4875,0.1833292152,163.662743,1.63662743,100.8921427,100.8921427
100.203,24397.525,0.1813839146,161.199901,1.61199901,99.37388996,99.37388996
100.33,24358.6125,0.1820771397,162.0775565,1.620775565,99.91493273,99.91493273
100.457,24408.7875,0.1811834799,160.9461411,1.609461411,99.2174562,99.2174562
100.584,24385.7125,0.181594237,161.466179,1.61466179,99.53804071,99.53804071
100.711,24337.1,0.1824608597,162.5633641,1.625633641,100.2144155,100.2144155
100.838,24351.4625,0.1822046372,162.2389743,1.622389743,100.0144409,100.0144409
100.965,24363.4125,0.181991568,161.9692187,1.619692187,99.8481464,99.8481464
101.092,24352.5,0.1821861343,162.2155488,1.622155488,100,100
101.219,24376.125,0.1817650181,161.6823958,1.616823958,99.67133053,99.67133053
101.346,24407.225,0.1812112816,160.9813394,1.609813394,99.23915468,99.23915468
101.473,24400.4,0.1813327405,161.1351121,1.611351121,99.33394995,99.33394995
101.6,24387.525,0.1815619587,161.4253132,1.614253132,99.51284839,99.51284839
101.727,24360.2875,0.1820472768,162.0397487,1.620397487,99.89162559,99.89162559
101.854,24407.9875,0.1811977141,160.9641624,1.609641624,99.22856565,99.22856565
101.981,24418.55,0.1810098148,160.726273,1.60726273,99.08191551,99.08191551
102.108,24379.05,0.1817129083,161.6164224,1.616164224,99.63066028,99.63066028
102.235,24355.5375,0.1821319679,162.1469716,1.621469716,99.95772464,99.95772464
102.362,24412.85,0.1811112036,160.854636,1.60854636,99.16104664,99.16104664
102.489,24369.9125,0.1818757165,161.8225452,1.618225452,99.75772755,99.75772755
102.616,24377.375,0.1817427482,161.6542011,1.616542011,99.65394949,99.65394949
102.743,24348.45,0.1822583667,162.3069984,1.623069984,100.0563754,100.0563754
102.87,24295.7625,0.1831991528,163.4980779,1.634980779,100.7906326,100.7906326
102.997,24313.9625,0.1828739438,163.086348,1.63086348,100.5368161,100.5368161
103.124,24338.275,0.1824398924,162.5368185,1.625368185,100.1980511,100.1980511
103.251,24359.05,0.1820693395,162.0676811,1.620676811,99.90884489,99.90884489
103.378,24368.8125,0.1818953199,161.8473641,1.618473641,99.77302751,99.77302751
103.505,24329.6625,0.1825936019,162.7314219,1.627314219,100.318017,100.318017
103.632,24366.225,0.1819414361,161.9057494,1.619057494,99.8090199,99.8090199
103.759,24360.75,0.1820390315,162.0293097,1.620293097,99.88519032,99.88519032
103.886,24374.375,0.1817961979,161.7218709,1.617218709,99.69566549,99.69566549
104.013,24397.2,0.1813896999,161.2072254,1.612072254,99.37840521,99.37840521
104.14,24329.7,0.1825929325,162.7305744,1.627305744,100.3174946,100.3174946
104.267,24366.4625,0.181937203,161.9003901,1.619003901,99.80571609,99.80571609
104.394,24291.775,0.1832704365,163.5883264,1.635883264,100.8462675,100.8462675
104.521,24335.4875,0.1824896357,162.5997958,1.625997958,100.2368743,100.2368743
104.648,24327.5125,0.182631982,162.7800129,1.627800129,100.3479716,100.3479716
104.775,24385.5875,0.1815964632,161.4689975,1.614689975,99.53977818,99.53977818
104.902,24401.65,0.1813104927,161.1069454,1.611069454,99.31658619,99.31658619
105.029,24380.4375,0.1816881917,161.58513,1.6158513,99.61136969,99.61136969
105.156,24417.5875,0.1810269337,160.7479463,1.607479463,99.09527627,99.09527627
105.283,24410.5625,0.1811518992,160.9061585,1.609061585,99.1928084,99.1928084
105.41,24381.3875,0.1816712695,161.5637057,1.615637057,99.59816235,99.59816235
105.537,24405.6125,0.1812399749,161.0176664,1.610176664,99.26154897,99.26154897
105.664,24429.175,0.1808208857,160.4870799,1.604870799,98.93446161,98.93446161
105.791,24345.325,0.1823141098,162.3775718,1.623775718,100.0998813,100.0998813
105.918,24320.5,0.1827571871,162.9385285,1.629385285,100.4456907,100.4456907
106.045,24364.7,0.181968618,161.9401629,1.619401629,99.8302346,99.8302346
106.172,24376.6125,0.1817563327,161.6713997,1.616713997,99.66455182,99.66455182
106.299,24422.6375,0.180937123,160.6342417,1.606342417,99.02518153,99.02518153
106.426,24398.7625,0.1813618868,161.1720126,1.611720126,99.35669781,99.35669781
106.553,24398.7375,0.1813623318,161.172576,1.61172576,99.35704512,99.35704512
106.68,24407.25,0.1812108368,160.9807762,1.609807762,99.23880749,99.23880749
106.807,24417.0125,0.1810371608,160.7608943,1.607608943,99.10325827,99.10325827
106.934,24383.2125,0.1816387628,161.5225507,1.615225507,99.5727918,99.5727918
107.061,24360.15,0.1820497282,162.0428522,1.620428522,99.8935388,99.8935388
107.188,24357.6375,0.1820945235,162.0995652,1.620995652,99.92850031,99.92850031
107.315,24387.5,0.1815624039,161.4258768,1.614258768,99.51319586,99.51319586
107.442,24362.3375,0.182010731,161.99348,1.6199348,99.86310261,99.86310261
107.569,24378.4,0.1817244877,161.6310825,1.616310825,99.63969769,99.63969769
107.696,24336.3125,0.1824749129,162.581156,1.62581156,100.2253836,100.2253836
107.823,24370.375,0.1818674744,161.8121103,1.618121103,99.75129482,99.75129482
107.95,24334.8125,0.182501682,162.615047,1.62615047,100.2462761,100.2462761
108.077,24376.3125,0.1817616775,161.6781665,1.616781665,99.66872332,99.66872332
108.204,24384.125,0.1816225104,161.5019744,1.615019744,99.56010724,99.56010724
108.331,24426.45,0.1808693326,160.548416,1.60548416,98.97227308,98.97227308
108.458,24493.175,0.1796846009,159.0484898,1.590484898,98.04762302,98.04762302
108.585,24336.3125,0.1824749129,162.581156,1.62581156,100.2253836,100.2253836
108.712,24434.025,0.1807346724,160.3779298,1.603779298,98.86717455,98.86717455
108.839,24425.65,0.1808835566,160.5664242,1.605664242,98.9833745,98.9833745
108.966,24381.5875,0.181667707,161.5591954,1.615591954,99.59538193,99.59538193
109.093,24394.625,0.1814355399,161.265261,1.61265261,99.41418204,99.41418204
109.22,24417.1625,0.1810344928,160.7575165,1.607575165,99.10117599,99.10117599
109.347,24405.175,0.1812477602,161.027523,1.61027523,99.2676252,99.2676252
109.474,24457.775,0.180312741,159.8437447,1.598437447,98.53786882,98.53786882
109.601,24438.7875,0.1806500312,160.27077,1.6027077,98.80111444,98.80111444
109.728,24482.25,0.1798783579,159.2937954,1.592937954,98.198845,98.198845
109.855,24473.525,0.1800331597,159.4897816,1.594897816,98.31966343,98.31966343
109.982,24509.1375,0.1794016581,158.6902709,1.586902709,97.82679407,97.82679407
110.109,24466.5875,0.1801562864,159.6456659,1.596456659,98.4157604,98.4157604
110.236,24441.35,0.1806044962,160.2131205,1.602131205,98.76557561,98.76557561
110.363,24477.475,0.1799630707,159.4010457,1.594010457,98.26496092,98.26496092
110.49,24462.925,0.1802213025,159.7279793,1.597279793,98.46650366,98.46650366
110.617,24414.5,0.1810818518,160.8174752,1.608174752,99.13813836,99.13813836
110.744,24405.925,0.181234414,161.0106261,1.610106261,99.25720888,99.25720888
110.871,24437.95,0.1806649144,160.2896129,1.602896129,98.81273038,98.81273038
110.998,24436.7,0.1806871291,160.3177378,1.603177378,98.83006834,98.83006834
111.125,24446.9,0.1805058903,160.0882808,1.600882808,98.68861648,98.68861648
111.252,24424.025,0.1809124505,160.6030052,1.606030052,99.00592537,99.00592537
111.379,24409.175,0.1811765853,160.9374123,1.609374123,99.21207519,99.21207519
111.506,24434.1875,0.1807317842,160.3742731,1.603742731,98.86492032,98.86492032
111.633,24391.3,0.1814947385,161.3402092,1.613402092,99.46038489,99.46038489
111.76,24362.8375,0.1820018179,161.9821955,1.619821955,99.85614615,99.85614615
111.887,24320.55,0.1827562942,162.9373981,1.629373981,100.4449939,100.4449939
112.014,24316.1625,0.1828346493,163.0365993,1.630365993,100.5061478,100.5061478
112.141,24277.3375,0.1835286305,163.9152121,1.639152121,101.0477807,101.0477807
112.268,24328.975,0.1826058742,162.7469593,1.627469593,100.3275953,100.3275953
112.395,24312.8125,0.1828944855,163.1123548,1.631123548,100.5528483,100.5528483
112.522,24381.6375,0.1816668163,161.5580678,1.615580678,99.59468682,99.59468682
112.649,24346.1375,0.1822996159,162.3592218,1.623592218,100.0885692,100.0885692
112.776,24333.45,0.1825259987,162.6458331,1.626458331,100.2652547,100.2652547
112.903,24311.3375,0.1829208339,163.1457131,1.631457131,100.5734125,100.5734125
113.03,24297.5875,0.1831665316,163.4567779,1.634567779,100.7651727,100.7651727
113.157,24318.4375,0.182794019,162.9851594,1.629851594,100.474437,100.474437
113.284,24337.275,0.1824577369,162.5594104,1.625594104,100.2119782,100.2119782
113.411,24328.525,0.1826139072,162.7571294,1.627571294,100.3338648,100.3338648
113.538,24260.7,0.1838263588,164.2921502,1.642921502,101.2801494,101.2801494
113.665,24347.0375,0.1822835617,162.3388964,1.623388964,100.0760393,100.0760393
113.792,24373.075,0.1818193615,161.7511971,1.617511971,99.71374402,99.71374402
113.919,24350.8875,0.1822148921,162.2519575,1.622519575,100.0224446,100.0224446
114.046,24290.65,0.18329055,163.613791,1.63613791,100.8619656,100.8619656
114.173,24291.375,0.1832775878,163.5973803,1.635973803,100.851849,100.851849
114.3,24308.925,0.1829639326,163.2002781,1.632002781,100.6070499,100.6070499
114.427,24298.75,0.1831457536,163.4304719,1.634304719,100.748956,100.748956
114.554,24258.875,0.1838590297,164.333513,1.64333513,101.3056481,101.3056481
114.681,24271.6625,0.1836301618,164.0437555,1.640437555,101.1270231,101.1270231
114.808,24369.275,0.1818870775,161.8369288,1.618369288,99.76659449,99.76659449
114.935,24280.725,0.1834680361,163.8384968,1.638384968,101.0004885,101.0004885
115.062,24300.9625,0.1831062111,163.3804093,1.633804093,100.7180942,100.7180942
115.189,24337.4375,0.1824548371,162.5557392,1.625557392,100.209715,100.209715
115.316,24332.9125,0.1825355919,162.6579786,1.626579786,100.2727419,100.2727419
115.443,24310.475,0.1829362418,163.1652201,1.631652201,100.5854379,100.5854379
115.57,24313.6125,0.1828801955,163.094263,1.63094263,100.5416954,100.5416954
115.697,24343.275,0.1823506811,162.4238728,1.624238728,100.1284242,100.1284242
115.824,24344.3625,0.1823312801,162.3993102,1.623993102,100.1132822,100.1132822
115.951,24351.025,0.1822124398,162.2488528,1.622488528,100.0205307,100.0205307
116.078,24351.875,0.1821972805,162.2296604,1.622296604,100.0086993,100.0086993
116.205,24346.2125,0.182298278,162.357528,1.62357528,100.087525,100.087525
116.332,24381.7375,0.1816650351,161.5558127,1.615558127,99.59329662,99.59329662
116.459,24334.8625,0.1825007897,162.6139173,1.626139173,100.2455797,100.2455797
116.586,24336.575,0.1824702284,162.5752253,1.625752253,100.2217275,100.2217275
116.713,24335.575,0.1824880741,162.5978188,1.625978188,100.2356556,100.2356556
116.84,24348.4375,0.1822585897,162.3072807,1.623072807,100.0565494,100.0565494
116.967,24343.3625,0.1823491201,162.4218965,1.624218965,100.1272058,100.1272058
117.094,24399.4,0.1813505395,161.1576465,1.611576465,99.34784159,99.34784159
117.221,24358.9875,0.1820704538,162.0690918,1.620690918,99.90971457,99.90971457
117.348,24318.875,0.1827862059,162.9752677,1.629752677,100.4683391,100.4683391
117.475,24303.7375,0.1830566205,163.3176253,1.633176253,100.6793902,100.6793902
117.602,24311.35,0.1829206106,163.1454304,1.631454304,100.5732382,100.5732382
117.729,24332.15,0.1825492013,162.6752086,1.626752086,100.2833636,100.2833636
117.856,24320.4875,0.1827574103,162.9388111,1.629388111,100.4458649,100.4458649
117.983,24372,0.1818385169,161.7754488,1.617754488,99.7286943,99.7286943
118.11,24389.5125,0.1815265667,161.3805051,1.613805051,99.48522587,99.48522587
118.237,24314.1125,0.1828712645,163.0829559,1.630829559,100.534725,100.534725
118.364,24241,0.1841791548,164.7388065,1.647388065,101.5554968,101.5554968
118.491,24280.575,0.1834707191,163.8418935,1.638418935,101.0025825,101.0025825
118.618,24314.7,0.1828607708,163.0696704,1.630696704,100.5265349,100.5265349
118.745,24340.5125,0.1823999681,162.4862724,1.624862724,100.1668913,100.1668913
118.872,24352.325,0.1821892552,162.2195,1.622195,100.0024358,100.0024358
118.999,24337.9375,0.1824459148,162.5444432,1.625444432,100.2027514,100.2027514
119.126,24388.8,0.1815392541,161.396568,1.61396568,99.49512802,99.49512802
119.253,24357.0125,0.1821056673,162.1136738,1.621136738,99.93719776,99.93719776
119.38,24285.225,0.1833875548,163.7366037,1.637366037,100.9376751,100.9376751
119.507,24347.975,0.1822668392,162.317725,1.62317725,100.0629879,100.0629879
119.634,24370.5375,0.1818645785,161.8084441,1.618084441,99.7490347,99.7490347
119.761,24363.65,0.1819873344,161.9638588,1.619638588,99.84484221,99.84484221
119.888,24340.5875,0.1823986299,162.4845782,1.624845782,100.1658469,100.1658469
120.015,24365.4,0.1819561409,161.9243663,1.619243663,99.82049654,99.82049654
120.142,24345.25,0.1823154477,162.3792656,1.623792656,100.1009255,100.1009255
120.269,24321.575,0.1827379911,162.9142254,1.629142254,100.4307088,100.4307088
120.396,24347.675,0.1822721903,162.3244998,1.623244998,100.0671643,100.0671643
120.523,24265.75,0.1837359674,164.1777104,1.641777104,101.2096014,101.2096014
120.65,24285.4875,0.1833828605,163.7306605,1.637306605,100.9340114,100.9340114
120.777,24323.7875,0.1826984857,162.8642098,1.628642098,100.3998759,100.3998759
120.904,24299.5125,0.1831321255,163.4132182,1.634132182,100.7383197,100.7383197
121.031,24270.6875,0.1836476079,164.0658431,1.640658431,101.1406393,101.1406393
121.158,24253.25,0.1839597429,164.4610207,1.644610207,101.3842519,101.3842519
121.285,24323.075,0.1827112074,162.880316,1.62880316,100.4098049,100.4098049
121.412,24318.5875,0.1827913402,162.9817679,1.629817679,100.4723463,100.4723463
121.539,24330.6625,0.1825757518,162.7088229,1.627088229,100.3040856,100.3040856
121.666,24374.8375,0.1817879573,161.711438,1.61711438,99.68923394,99.68923394
121.793,24321.6,0.1827375447,162.9136603,1.629136603,100.4303604,100.4303604
121.92,24333.85,0.1825188597,162.6367948,1.626367948,100.2596829,100.2596829
122.047,24311.5625,0.1829168146,163.1406244,1.631406244,100.5702755,100.5702755
122.174,24294.125,0.1832284246,163.5351374,1.635351374,100.8134785,100.8134785
122.301,24276.0875,0.1835509922,163.943523,1.63943523,101.0652334,101.0652334
122.428,24257.3375,0.1838865556,164.3683622,1.643683622,101.3271313,101.3271313
122.555,24296.225,0.1831908855,163.4876111,1.634876111,100.7841803,100.7841803
122.682,24278.9875,0.1834991148,163.8778439,1.638778439,101.0247446,101.0247446
122.809,24213.0125,0.1846808601,165.373989,1.65373989,101.9470638,101.9470638
122.936,24223.7625,0.1844880865,165.1299286,1.651299286,101.7966094,101.7966094
123.063,24225.425,0.1844582815,165.092194,1.65092194,101.7733474,101.7733474
123.19,24186.5375,0.1851559863,165.9755212,1.659755212,102.3178865,102.3178865
123.317,24207.6125,0.1847777275,165.4966277,1.654966277,102.0226661,102.0226661
123.444,24238.0875,0.1842313374,164.8048721,1.648048721,101.5962239,101.5962239
123.571,24222.9,0.1845035501,165.1495062,1.651495062,101.8086782,101.8086782
123.698,24152.175,0.1857734395,166.757246,1.66757246,102.7997915,102.7997915
123.825,24201.2125,0.1848925613,165.6420127,1.656420127,102.1122907,102.1122907
123.952,24236.025,0.1842682945,164.8516616,1.648516616,101.6250679,101.6250679
124.079,24254.7375,0.1839331076,164.4272991,1.644272991,101.3634638,101.3634638
124.206,24236.1,0.1842669506,164.8499601,1.648499601,101.624019,101.624019
124.333,24234.6875,0.1842922624,164.882006,1.64882006,101.6437741,101.6437741
124.46,24205.1875,0.1848212352,165.5517105,1.655517105,102.0566226,102.0566226
124.587,24219.6875,0.1845611511,165.2224318,1.652224318,101.8536342,101.8536342
124.714,24255.975,0.18391095,164.3992466,1.643992466,101.3461705,101.3461705
124.841,24285.4375,0.1833837547,163.7317925,1.637317925,100.9347092,100.9347092
124.968,24263.15,0.1837825032,164.2366269,1.642366269,101.2459213,101.2459213
125.095,24262.6125,0.1837921242,164.2488076,1.642488076,101.2534302,101.2534302
125.222,24264.2875,0.1837621432,164.2108502,1.642108502,101.2300309,101.2300309
125.349,24253.5375,0.1839545948,164.4545029,1.644545029,101.380234,101.380234
125.476,24305.9,0.1830179796,163.268704,1.63268704,100.649232,100.649232
125.603,24262.1125,0.1838010742,164.2601386,1.642601386,101.2604154,101.2604154
125.73,24292.2875,0.183261274,163.5767262,1.635767262,100.8391165,100.8391165
125.857,24201.075,0.1848950288,165.6451366,1.656451366,102.1142164,102.1142164
125.984,24172,0.1854171008,166.3061043,1.663061043,102.521679,102.521679
126.111,24199.7625,0.1849185826,165.6749568,1.656749568,102.1325995,102.1325995
126.238,24199.55,0.1849223962,165.679785,1.65679785,102.1355759,102.1355759
126.365,24227.8625,0.1844145861,165.0368736,1.650368736,101.7392443,101.7392443
126.492,24207.45,0.1847806428,165.5003187,1.655003187,102.0249414,102.0249414
126.619,24217.925,0.1845927564,165.2624456,1.652624456,101.8783013,101.8783013
126.746,24190.575,0.1850834949,165.8837435,1.658837435,102.2613089,102.2613089
126.873,24192.675,0.1850457951,165.8360139,1.658360139,102.2318853,102.2318853
127,24181.525,0.1852460003,166.0894831,1.660894831,102.3881399,102.3881399
127.127,24133.35,0.1861120749,167.1859743,1.671859743,103.064087,103.064087
127.254,24072.4,0.1872102951,168.5763727,1.685763727,103.9212171,103.9212171
127.381,24092.875,0.1868410589,168.1089024,1.681089024,103.6330386,103.6330386
127.508,24103.8875,0.1866425947,167.8576372,1.678576372,103.4781428,103.4781428
127.635,24136.3,0.1860589911,167.1187677,1.671187677,103.0226565,103.0226565
127.762,24162.675,0.1855846739,166.5182598,1.665182598,102.6524652,102.6524652
127.889,24151.4125,0.1857871507,166.774605,1.66774605,102.8104927,102.8104927
128.016,24138.125,0.1860261544,167.0771948,1.670771948,102.9970284,102.9970284
128.143,24187.4875,0.1851389284,165.953925,1.65953925,102.3045733,102.3045733
128.27,24186.25,0.1851611487,165.982057,1.65982057,102.3219156,102.3219156
128.397,24178.35,0.1853030263,166.1616807,1.661616807,102.4326471,102.4326471
128.524,24210.075,0.1847335515,165.4406988,1.654406988,101.9881879,101.9881879
128.651,24207.4375,0.1847808671,165.5006026,1.655006026,102.0251164,102.0251164
128.778,24201.1,0.1848945802,165.6445686,1.656445686,102.1138663,102.1138663
128.905,24208.4625,0.1847624784,165.4773217,1.654773217,102.0107646,102.0107646
129.032,24172.7125,0.1854042996,166.2898974,1.662898974,102.5116881,102.5116881
129.159,24172.55,0.1854072191,166.2935937,1.662935937,102.5139667,102.5139667
129.286,24197.35,0.18496188,165.7297734,1.657297734,102.166392,102.166392
129.413,24214.55,0.1846532838,165.3390761,1.653390761,101.9255412,101.9255412
129.54,24198.5875,0.1849396699,165.7016544,1.657016544,102.1490576,102.1490576
129.667,24218.8,0.1845770655,165.2425802,1.652425802,101.866055,101.866055
129.794,24206.1375,0.1848041904,165.530131,1.65530131,102.0433196,102.0433196
129.921,24222.0125,0.1845194624,165.169652,1.65169652,101.8210974,101.8210974
130.048,24209.8375,0.1847378119,165.4460927,1.654460927,101.9915131,101.9915131
130.175,24201.025,0.184895926,165.6462726,1.656462726,102.1149167,102.1149167
130.302,24194.4375,0.1850141568,165.7959582,1.657959582,102.2071925,102.2071925
130.429,24176.3375,0.1853391766,166.2074486,1.662074486,102.4608614,102.4608614
130.556,24193.95,0.1850229076,165.8070372,1.658070372,102.2140223,102.2140223
130.683,24218.6875,0.1845790829,165.2451343,1.652451343,101.8676295,101.8676295
130.81,24219.275,0.1845685479,165.2317964,1.652317964,101.8594072,101.8594072
130.937,24233.95,0.1843054788,164.8987387,1.648987387,101.6540892,101.6540892
131.064,24234.85,0.1842893503,164.8783192,1.648783192,101.6415013,101.6415013
131.191,24210.0875,0.1847333273,165.4404149,1.654404149,101.9880129,101.9880129
131.318,24240.225,0.1841930397,164.7563854,1.647563854,101.5663336,101.5663336
131.445,24213.0625,0.1846799633,165.3728536,1.653728536,101.9463638,101.9463638
131.572,24235.2,0.1842830783,164.8703785,1.648703785,101.6366062,101.6366062
131.699,24240.525,0.1841876648,164.7495806,1.647495806,101.5621386,101.5621386
131.826,24278.2125,0.183512978,163.8953953,1.638953953,101.0355644,101.0355644
131.953,24229.8625,0.1843787367,164.9914866,1.649914866,101.7112649,101.7112649
132.08,24281.125,0.1834608816,163.8294389,1.638294389,100.9949046,100.9949046
132.207,24258.9,0.1838585821,164.3329464,1.643329464,101.3052988,101.3052988
132.334,24135.3375,0.1860763101,167.1406944,1.671406944,103.0361735,103.0361735
132.461,24206.8625,0.184791183,165.513663,1.65513663,102.0331677,102.0331677
132.588,24256.7625,0.1838968503,164.3813958,1.643813958,101.3351661,101.3351661
132.715,24233.7125,0.1843097351,164.9041273,1.649041273,101.6574111,101.6574111
132.842,24256.275,0.1839055786,164.3924462,1.643924462,101.3419783,101.3419783
132.969,24262.475,0.1837945854,164.2519236,1.642519236,101.2553512,101.2553512
133.096,24280.4125,0.1834736256,163.8455734,1.638455734,101.004851,101.004851
133.223,24269.8625,0.1836623705,164.0845332,1.640845332,101.1521611,101.1521611
133.35,24275.15,0.1835677642,163.9647572,1.639647572,101.0783235,101.0783235
133.477,24256.175,0.1839073691,164.394713,1.64394713,101.3433756,101.3433756
133.604,24260.025,0.1838384423,164.3074484,1.643074484,101.2895802,101.2895802
133.731,24323.275,0.1827076364,162.8757949,1.628757949,100.4070178,100.4070178
133.858,24324.675,0.1826826399,162.8441483,1.628441483,100.3875088,100.3875088
133.985,24310.075,0.1829433876,163.1742671,1.631742671,100.5910151,100.5910151
134.112,24305.9625,0.1830168628,163.2672902,1.632672902,100.6483604,100.6483604
134.239,24322.175,0.1827272774,162.9006614,1.629006614,100.4223471,100.4223471
134.366,24322.5125,0.1827212511,162.8930318,1.628930318,100.4176437,100.4176437
134.493,24303.15,0.183067119,163.3309168,1.633309168,100.6875839,100.6875839
134.62,24328.0625,0.1826221635,162.7675822,1.627675822,100.3403086,100.3403086
134.747,24348.075,0.1822650555,162.3154667,1.623154667,100.0615958,100.0615958
134.874,24404.3125,0.1812631088,161.0469551,1.610469551,99.27960436,99.27960436
135.001,24368.65,0.181898216,161.8510307,1.618510307,99.77528779,99.77528779
135.128,24343.45,0.182347559,162.4199201,1.624199201,100.1259875,100.1259875
135.255,24389.3625,0.1815292377,161.3838867,1.613838867,99.48731051,99.48731051
135.382,24399.025,0.1813572143,161.1660971,1.611660971,99.3530511,99.3530511
135.509,24409.275,0.1811748061,160.9351597,1.609351597,99.21068655,99.21068655
135.636,24410.3125,0.1811563471,160.9117897,1.609117897,99.19627981,99.19627981
135.763,24406.65,0.1812215131,160.994293,1.60994293,99.24714007,99.24714007
135.89,24449.875,0.1804530432,160.0213739,1.600213739,98.6473708,98.6473708
136.017,24315.925,0.1828388912,163.0419697,1.630419697,100.5094585,100.5094585
136.144,24447.95,0.1804872376,160.0646657,1.600646657,98.67405861,98.67405861
136.271,24411.3625,0.1811376665,160.8881392,1.608881392,99.18170012,99.18170012
136.398,24400.625,0.1813287358,161.130042,1.61130042,99.33082441,99.33082441
136.525,24457.5875,0.1803160704,159.8479599,1.598479599,98.54046735,98.54046735
136.652,24500.3375,0.1795576194,158.8877253,1.588877253,97.94851753,97.94851753
136.779,24478.25,0.1799493204,159.3836371,1.593836371,98.25422919,98.25422919
136.906,24476.4625,0.1799810354,159.4237899,1.594237899,98.27898193,98.27898193
137.033,24540.3875,0.1788482703,157.9896559,1.579896559,97.39489035,97.39489035
137.16,24554.325,0.1786016865,157.6774693,1.576774693,97.20243861,97.20243861
137.287,24553.7,0.1786127411,157.6914649,1.576914649,97.21106639,97.21106639
137.414,24532.6375,0.1789854447,158.1633252,1.581633252,97.50195116,97.50195116
137.541,24521.4,0.1791844246,158.4152431,1.584152431,97.65724944,97.65724944
137.668,24549.4,0.1786888041,157.7877643,1.577877643,97.27043149,97.27043149
137.795,24559.175,0.1785159126,157.5688755,1.575688755,97.13549448,97.13549448
137.922,24542.175,0.1788166378,157.9496077,1.579496077,97.37020209,97.37020209
138.049,24581.7875,0.1781162263,157.0628538,1.570628538,96.82355049,96.82355049
138.176,24603.025,0.1777411784,156.5880256,1.565880256,96.5308361,96.5308361
138.303,24623.4375,0.1773810048,156.1320288,1.561320288,96.24973065,96.24973065
138.43,24586.7875,0.1780278986,156.9510268,1.569510268,96.75461322,96.75461322
138.557,24597.1875,0.1778442346,156.7184996,1.567184996,96.6112686,96.6112686
138.684,24595.1625,0.1778799901,156.7637676,1.567637676,96.6391747,96.6391747
138.811,24568.95,0.1783430899,157.3500737,1.573500737,97.00061115,97.00061115
138.938,24660.5125,0.1767275884,155.3047729,1.553047729,95.7397574,95.7397574
139.065,24652.9,0.1768616723,155.4745294,1.554745294,95.84440612,95.84440612
139.192,24699.775,0.1760366892,154.4300621,1.544300621,95.2005299,95.2005299
139.319,24734.4,0.1754283065,153.6598209,1.536598209,94.72570419,94.72570419
139.446,24727.725,0.1755455241,153.8082239,1.538082239,94.81718924,94.81718924
139.573,24755.3875,0.1750599575,153.1934738,1.531934738,94.43821811,94.43821811
139.7,24817.0375,0.1739797494,151.8258795,1.518258795,93.59514583,93.59514583
139.827,24796.425,0.174340615,152.2827523,1.522827523,93.87679134,93.87679134
139.954,24814.9875,0.1740156256,151.8713004,1.518713004,93.62314619,93.62314619
140.081,24863.65,0.1731648026,150.7941186,1.507941186,92.95910266,92.95910266
140.208,24882.2125,0.1728406916,150.3837787,1.503837787,92.70614304,92.70614304
140.335,24930.1375,0.1720050125,149.3427145,1.493427145,92.06436472,92.06436472
140.462,24958.65,0.1715085955,148.7300223,1.487300223,91.68666222,91.68666222
140.589,24987.425,0.1710081828,148.1123986,1.481123986,91.30591961,91.30591961
140.716,25001.2625,0.1707677464,147.8156451,1.478156451,91.12298185,91.12298185
140.843,25030.975,0.1702519199,147.1789973,1.471789973,90.73051156,90.73051156
140.97,25012.15,0.1705786618,147.5822716,1.475822716,90.97911552,90.97911552
141.097,25086.7125,0.1692859336,145.9867493,1.459867493,89.99553397,89.99553397
141.224,25144.9375,0.1682791259,144.7441183,1.447441183,89.22949703,89.22949703
141.351,25135.65,0.1684395659,144.942138,1.44942138,89.351569,89.351569
141.478,25154.325,0.1681170185,144.5440408,1.445440408,89.10615651,89.10615651
141.605,25229.525,0.1668206123,142.943979,1.42943979,88.11977647,88.11977647
141.732,25312.5875,0.1653931445,141.1821574,1.411821574,87.03367736,87.03367736
141.859,25353.8875,0.1646851274,140.3083023,1.403083023,86.49497743,86.49497743
141.986,25368.8875,0.1644282638,139.9912739,1.399912739,86.2995409,86.2995409
142.113,25394.9375,0.163982538,139.4411464,1.394411464,85.96040725,85.96040725
142.24,25477.9875,0.1625645661,137.6910448,1.376910448,84.88153313,84.88153313
142.367,25514.3125,0.1619458159,136.9273655,1.369273655,84.41075254,84.41075254
142.494,25524.325,0.1617754205,136.7170586,1.367170586,84.281106,84.281106
142.621,25597.35,0.1605346796,135.1857007,1.351857007,83.33707937,83.33707937
142.748,25658.55,0.1594975762,133.9056779,1.339056779,82.54799175,82.54799175
142.875,25672.075,0.1592687135,133.6232089,1.336232089,82.37385991,82.37385991
143.002,25722.0375,0.1584243193,132.5810334,1.325810334,81.73139652,81.73139652
143.129,25733.6375,0.1582285074,132.3393568,1.323393568,81.58241164,81.58241164
143.256,25812.125,0.1569059267,130.7069898,1.307069898,80.57611662,80.57611662
143.383,25878.25,0.1557947822,129.3355834,1.293355834,79.73069432,79.73069432
143.51,25939.575,0.1547668301,128.0668554,1.280668554,78.94856955,78.94856955
143.637,25988.575,0.1539472193,127.0552682,1.270552682,78.32496278,78.32496278
143.764,26068.1875,0.1526188503,125.4157571,1.254157571,77.31426362,77.31426362
143.891,26122.825,0.1517095453,124.2934668,1.242934668,76.62241239,76.62241239
144.018,26179.5,0.1507683386,123.1318025,1.231318025,75.9062885,75.9062885
144.145,26246.075,0.1496653208,121.7704263,1.217704263,75.06704948,75.06704948
144.272,26305.6375,0.1486808552,120.5553706,1.205553706,74.31801176,74.31801176
144.399,26363.625,0.1477245608,119.3750846,1.193750846,73.59040825,73.59040825
144.526,26442.5,0.1464271733,117.7738118,1.177738118,72.60328164,72.60328164
144.653,26524.175,0.1450878017,116.1207209,1.161207209,71.58421113,71.58421113
144.78,26613.325,0.1436305488,114.3221376,1.143221376,70.47544973,70.47544973
144.907,26676.05,0.1426081636,113.0602804,1.130602804,69.69756059,69.69756059
145.034,26759.15,0.1412573723,111.3930951,1.113930951,68.66980134,68.66980134
145.161,26839.7625,0.1399510178,109.7807549,1.097807549,67.67585212,67.67585212
145.288,26913.0625,0.1387665664,108.318871,1.08318871,66.77465372,66.77465372
145.415,27001.9625,0.1373343566,106.5511966,1.065511966,65.68494656,65.68494656
145.542,27080.9375,0.1360659915,104.985744,1.04985744,64.71990185,64.71990185
145.669,27165.1,0.1347183782,103.3224811,1.033224811,63.69456063,63.69456063
145.796,27253.0875,0.1333139758,101.5891273,1.015891273,62.62601089,62.62601089
145.923,27314.925,0.132329674,100.3742738,1.003742738,61.87709778,61.87709778
146.05,27444.9375,0.1302674402,98.50136437,0.9850136437,60.7225171,60.7225171
146.177,27513.3625,0.1291860161,97.58000498,0.9758000498,60.15453247,60.15453247
146.304,27562.1375,0.1284167914,96.92463542,0.9692463542,59.75052091,59.75052091
146.431,27726.05,0.1258416842,94.73067738,0.9473067738,58.39802538,58.39802538
146.558,27754.775,0.1253919754,94.34753121,0.9434753121,58.16182967,58.16182967
146.685,27890.1125,0.1232794203,92.54766153,0.9254766153,57.05227532,57.05227532
146.812,27950.5,0.1223401051,91.74737709,0.9174737709,56.55892901,56.55892901
146.939,28107.1875,0.1199122955,89.67891471,0.8967891471,55.283797,55.283797
147.066,28246.8875,0.1177590861,87.84440805,0.8784440805,54.1528902,54.1528902
147.193,28317.0125,0.1166822538,86.92696086,0.8692696086,53.5873173,53.5873173
147.32,28425.5,0.1150215737,85.51208286,0.8551208286,52.71509635,52.71509635
147.447,28512.1625,0.1136995288,84.38571762,0.8438571762,52.02073305,52.02073305
147.574,28621.9875,0.1120298986,82.96321427,0.8296321427,51.14381135,51.14381135
147.701,28700.625,0.1108383321,81.94801495,0.8194801495,50.5179778,50.5179778
147.828,28748.075,0.1101209171,81.33678668,0.8133678668,50.14117775,50.14117775
147.955,28883.5875,0.1080785523,79.59671822,0.7959671822,49.06848869,49.06848869
148.082,29038.375,0.1057573769,77.61910674,0.7761910674,47.84936296,47.84936296
148.209,29106.8625,0.104734292,76.74745161,0.7674745161,47.3120192,47.3120192
148.336,29187.8375,0.1035277666,75.71950754,0.7571950754,46.67832898,46.67832898
148.463,29284.775,0.1020877947,74.49267005,0.7449267005,45.92202818,45.92202818
148.59,29398.975,0.1003974974,73.05255855,0.7305255855,45.0342517,45.0342517
148.717,29493.4,0.09900484542,71.86603703,0.7186603703,44.30280423,44.30280423
148.844,29584.8,0.09766104865,70.72113952,0.7072113952,43.59701646,43.59701646
148.971,29667.525,0.09644836934,69.68795239,0.6968795239,42.96009408,42.96009408
149.098,29738.9125,0.09540460325,68.79867716,0.6879867716,42.41188817,42.41188817
149.225,29753.475,0.09519199072,68.61753403,0.6861753403,42.30022,42.30022
149.352,29934.6125,0.09255604571,66.3717429,0.663717429,40.91577126,40.91577126
149.479,29995.5,0.09167358068,65.61989408,0.6561989408,40.45228374,40.45228374
149.606,30154.05,0.08938403572,63.66923132,0.6366923132,39.24977092,39.24977092
149.733,30287.65,0.08746410834,62.03347797,0.6203347797,38.24138834,38.24138834
149.86,30305.2375,0.08721199445,61.81868018,0.6181868018,38.1089733,38.1089733
149.987,30471.225,0.08483977232,59.79757754,0.5979757754,36.86303685,36.86303685
150.114,30502.4375,0.08439514042,59.4187569,0.594187569,36.62950767,36.62950767
150.241,30630.6125,0.08257400515,57.86717316,0.5786717316,35.67301259,35.67301259
150.368,30772.55,0.08056620033,56.15654936,0.5615654936,34.61847509,34.61847509
150.495,30864.1875,0.07927483769,55.05632506,0.5505632506,33.94022673,33.94022673
150.622,30929.225,0.07836064841,54.27744758,0.5427744758,33.46007703,33.46007703
150.749,30998.8,0.07738480423,53.44604094,0.5344604094,32.947545,32.947545
150.876,31085.2375,0.07617549649,52.41572635,0.5241572635,32.31239344,32.31239344
151.003,31170.325,0.07498835583,51.40429783,0.5140429783,31.68888445,31.68888445
151.13,31288.05,0.07335118937,50.00945313,0.5000945313,30.82901331,30.82901331
151.257,31319.95,0.07290862627,49.70584459,0.4970584459,30.64184966,30.64184966
151.384,31360.025,0.07235328611,49.32723848,0.4932723848,30.40845273,30.40845273
151.511,31485.9375,0.07061305731,48.14082821,0.4814082821,29.67707385,29.67707385
151.638,31570.9125,0.06944255177,47.34282983,0.4734282983,29.18513679,29.18513679
151.765,31661,0.06820505858,46.49916225,0.4649916225,28.66504634,28.66504634
151.892,31716.325,0.06744682688,45.98223375,0.4598223375,28.34637868,28.34637868
152.019,31810.7375,0.06615594844,45.10217048,0.4510217048,27.80385161,27.80385161
152.146,31865.4875,0.06540911934,44.59301577,0.4459301577,27.4899762,27.4899762
152.273,31944.775,0.06432985277,43.85722003,0.4385722003,27.03638483,27.03638483
152.4,32038.5125,0.0630573421,42.9896791,0.429896791,26.50157732,26.50157732
152.527,32047.3375,0.06293773227,42.90813446,0.4290813446,26.45130801,26.45130801
152.654,32143.1,0.06164192692,42.02471225,0.4202471225,25.90671027,25.90671027
152.781,32142.9375,0.06164412251,42.02620911,0.4202620911,25.90763303,25.90763303
152.908,32238.9875,0.06034829248,41.14277008,0.4114277008,25.36302492,25.36302492
153.035,32292.0625,0.05963390197,40.65573054,0.4065573054,25.06278272,25.06278272
153.162,32359.7125,0.05872503187,40.03610351,0.4003610351,24.68080514,24.68080514
153.289,32408.575,0.05806975075,39.58936211,0.3958936211,24.40540527,24.40540527
153.416,32423.2,0.05787381112,39.45577922,0.3945577922,24.32305627,24.32305627
153.543,32533.1125,0.05640407136,38.4537763,0.384537763,23.70535783,23.70535783
153.67,32618.4625,0.05526620001,37.67802645,0.3767802645,23.22713619,23.22713619
153.797,32655.0375,0.05477949951,37.34621579,0.3734621579,23.02258696,23.02258696
153.924,32699.925,0.05418292977,36.93950119,0.3693950119,22.77186216,22.77186216
154.051,32725.7,0.0538407415,36.70621251,0.3670621251,22.62804816,22.62804816
154.178,32743.75,0.05360127055,36.54295191,0.3654295191,22.52740392,22.52740392
154.305,32854.2125,0.05213862452,35.54578519,0.3554578519,21.91268682,21.91268682
154.432,32879.325,0.05180679328,35.31955747,0.3531955747,21.77322564,21.77322564
154.559,32910.95,0.05138926762,35.03490712,0.3503490712,21.59774903,21.59774903
154.686,33042.95,0.04965087313,33.84974741,0.3384974741,20.86714107,20.86714107
154.813,33060.2125,0.0494240456,33.69510653,0.3369510653,20.77181058,20.77181058
154.94,32951.175,0.05085878071,34.67324484,0.3467324484,21.37479736,21.37479736
155.067,33104.55,0.04884199758,33.2982922,0.332982922,20.52718894,20.52718894
155.194,33155.2875,0.04817688817,32.84485031,0.3284485031,20.24765847,20.24765847
155.321,33212.775,0.04742452297,32.33192133,0.3233192133,19.93145636,19.93145636
155.448,33245.675,0.04699453131,32.03877222,0.3203877222,19.75074058,19.75074058
155.575,33306.2125,0.04620443773,31.50012171,0.3150012171,19.41868208,19.41868208
155.702,33344.9625,0.045699453,31.15584568,0.3115584568,19.2064484,19.2064484
155.829,33361.6875,0.04548167635,31.00737528,0.3100737528,19.11492179,19.11492179
155.956,33419.1,0.04473493648,30.4982814,0.304982814,18.80108388,18.80108388
156.083,33395.6125,0.04504027319,30.70644633,0.3070644633,18.92941,18.92941
156.21,33416.2125,0.04477246231,30.52386484,0.3052386484,18.81685514,18.81685514
156.337,33461.3625,0.04418606549,30.12408568,0.3012408568,18.57040579,18.57040579
156.464,33429.3125,0.04460224126,30.40781573,0.3040781573,18.74531508,18.74531508
156.591,33463.825,0.04415410592,30.10229707,0.3010229707,18.55697391,18.55697391
156.718,33505.5375,0.04361309701,29.73346136,0.2973346136,18.32960008,18.32960008
156.845,33542.5125,0.04313409605,29.4068999,0.294068999,18.12828679,18.12828679
156.972,33507.8625,0.0435829617,29.71291645,0.2971291645,18.31693489,18.31693489
157.099,33527.65,0.04332657215,29.53812151,0.2953812151,18.20918015,18.20918015
157.226,33628.7875,0.04201847741,28.64632095,0.2864632095,17.65941746,17.65941746
157.353,33628.925,0.04201670169,28.64511034,0.2864511034,17.65867116,17.65867116
157.48,33637.7625,0.04190258644,28.56731166,0.2856731166,17.6107111,17.6107111
157.607,33669.925,0.04148753735,28.28434973,0.2828434973,17.43627534,17.43627534
157.734,33652.375,0.04171396658,28.43871907,0.2843871907,17.53143843,17.53143843
157.861,33695.95,0.04115198127,28.05558258,0.2805558258,17.29524869,17.29524869
157.988,33795.3125,0.03987321969,27.18378006,0.2718378006,16.75781407,16.75781407
158.115,33787.6625,0.03997153891,27.25080972,0.2725080972,16.79913542,16.79913542
158.242,33774.0625,0.04014638362,27.37001103,0.2737001103,16.8726187,16.8726187
158.369,33788.9375,0.03995515083,27.23963705,0.2723963705,16.79224788,16.79224788
158.496,33822.475,0.0395243019,26.9459035,0.269459035,16.6111718,16.6111718
158.623,33816.325,0.03960327761,26.99974561,0.2699974561,16.64436351,16.64436351
158.75,33803.15,0.03977251376,27.11512326,0.2711512326,16.71548964,16.71548964
158.877,33861.4,0.03902477629,26.60534925,0.2660534925,16.40123246,16.40123246
159.004,33906.175,0.03845088713,26.21409726,0.2621409726,16.1600398,16.1600398
159.131,33897.6375,0.03856025529,26.28865959,0.2628865959,16.20600477,16.20600477
159.258,33924.925,0.03821079013,26.05040985,0.2605040985,16.05913246,16.05913246
159.385,33949.475,0.03789662367,25.83622519,0.2583622519,15.92709539,15.92709539
159.512,33958.1375,0.03778582384,25.76068682,0.2576068682,15.88052872,15.88052872
159.639,33986.5875,0.03742212589,25.5127338,0.255127338,15.72767468,15.72767468
159.766,33945.1625,0.0379517943,25.87383806,0.2587383806,15.95028236,15.95028236
159.893,34012.9375,0.03708554529,25.28326818,0.2528326818,15.58621745,15.58621745
160.02,34025.475,0.03692548962,25.17414937,0.2517414937,15.51894967,15.51894967
160.147,34089.2375,0.0361123992,24.61982065,0.2461982065,15.17722612,15.17722612
160.274,34092.3625,0.03607258874,24.59267966,0.2459267966,15.16049468,15.16049468
160.401,34126.7125,0.03563523257,24.29450976,0.2429450976,14.97668376,14.97668376
160.528,34108.0375,0.03587295455,24.45657798,0.2445657798,15.07659294,15.07659294
160.655,34113.7375,0.03580038304,24.40710197,0.2440710197,15.04609277,15.04609277
160.782,34120.675,0.03571207223,24.3468956,0.243468956,15.00897773,15.00897773
160.909,34132.075,0.03556699508,24.24798848,0.2424798848,14.94800508,14.94800508
161.036,34133.6125,0.03554743247,24.23465157,0.2423465157,14.93978336,14.93978336
161.163,34119.65,0.03572511882,24.35579019,0.2435579019,15.01446092,15.01446092
161.29,34130.875,0.03558226408,24.2583982,0.242583982,14.9544223,14.9544223
161.417,34131.4625,0.03557478857,24.25330173,0.2425330173,14.95128051,14.95128051
161.544,34123.7125,0.03567341207,24.32053883,0.2432053883,14.99272974,14.99272974
161.671,34113.7875,0.0357997465,24.406668,0.24406668,15.04582525,15.04582525
161.798,34103.8125,0.03592675441,24.49325632,0.2449325632,15.09920381,15.09920381
161.925,34084.675,0.03617052902,24.65945096,0.2465945096,15.20165677,15.20165677
162.052,34188.425,0.03485059226,23.75957704,0.2375957704,14.64691715,14.64691715
162.179,34153.925,0.03528906594,24.05850881,0.2405850881,14.83119774,14.83119774
162.306,34152.2875,0.03530988856,24.07270474,0.2407270474,14.83994902,14.83994902
162.433,34128.9875,0.03560628203,24.27477257,0.2427477257,14.9645165,14.9645165
162.56,34184.3875,0.03490188352,23.79454513,0.2379454513,14.66847371,14.66847371
162.687,34210.9,0.03456518684,23.56500038,0.2356500038,14.5269677,14.5269677
162.814,34156.425,0.0352572776,24.03683694,0.2403683694,14.81783782,14.81783782
162.941,34214.9125,0.03451425266,23.53027572,0.2353027572,14.50556121,14.50556121
163.068,34135.825,0.03551928293,24.21546047,0.2421546047,14.92795274,14.92795274
163.195,34173.95,0.03503450666,23.88496166,0.2388496166,14.72421222,14.72421222
163.322,34226.2,0.03437100253,23.43261419,0.2343261419,14.44535641,14.44535641
163.449,34240.925,0.03418419795,23.30525917,0.2330525917,14.36684666,14.36684666
163.576,34186.05,0.03488076286,23.78014601,0.2378014601,14.65959717,14.65959717
163.703,34253.2875,0.03402742658,23.19837945,0.2319837945,14.3009592,14.3009592
163.83,34180.5,0.03495127495,23.828218,0.23828218,14.68923181,14.68923181
163.957,34251.9,0.03404501893,23.21037313,0.2321037313,14.30835287,14.30835287
164.084,34226.1,0.03437227143,23.43347926,0.2343347926,14.4458897,14.4458897
164.211,34231.8625,0.0342991573,23.38363332,0.2338363332,14.41516149,14.41516149
164.338,34198.0875,0.03472786717,23.67590855,0.2367590855,14.59533856,14.59533856
164.465,34235.9875,0.0342468272,23.34795699,0.2334795699,14.39316833,14.39316833
164.592,34210.075,0.03457566003,23.57214053,0.2357214053,14.53136934,14.53136934
164.719,34217.6125,0.03447998255,23.50691189,0.2350691189,14.49115825,14.49115825
164.846,34202.4125,0.03467294583,23.63846564,0.2363846564,14.57225636,14.57225636
164.973,34236.225,0.03424381445,23.34590303,0.2334590303,14.39190213,14.39190213
165.1,34194.7125,0.03477072969,23.70513031,0.2370513031,14.61335271,14.61335271
165.227,34176.825,0.0349979717,23.86005376,0.2386005376,14.7088574,14.7088574
165.354,34224.2875,0.03439527082,23.44915922,0.2344915922,14.45555583,14.45555583
165.481,34185.35,0.03488965564,23.78620871,0.2378620871,14.66333461,14.66333461
165.608,34226.125,0.0343719542,23.43326299,0.2343326299,14.44575638,14.44575638
165.735,34189.0875,0.03484217662,23.75383964,0.2375383964,14.64338025,14.64338025
165.862,34191.075,0.0348169307,23.73662809,0.2373662809,14.63276995,14.63276995
165.989,34191.575,0.03481057975,23.7322983,0.237322983,14.6301008,14.6301008
166.116,34177.4375,0.03499018856,23.85474756,0.2385474756,14.70558632,14.70558632
166.243,34148.6125,0.03535662388,24.1045668,0.241045668,14.85959082,14.85959082
166.37,34124.2125,0.03566704859,24.31620049,0.2431620049,14.99005531,14.99005531
166.497,34179.7,0.0349614398,23.83514794,0.2383514794,14.69350387,14.69350387
166.624,34204.425,0.03464739231,23.62104439,0.2362104439,14.5615168,14.5615168
166.751,34167,0.03512283867,23.94518248,0.2394518248,14.76133617,14.76133617
166.878,34203.9875,0.03465294729,23.62483153,0.2362483153,14.56385143,14.56385143
167.005,34198.1625,0.03472691472,23.67525922,0.2367525922,14.59493827,14.59493827
167.132,34151.925,0.03531449828,24.07584745,0.2407584745,14.84188638,14.84188638
167.259,34235.9125,0.0342477786,23.34860562,0.2334860562,14.39356818,14.39356818
167.386,34190.5,0.0348242344,23.74160743,0.2374160743,14.63583954,14.63583954
167.513,34227.8625,0.03434990767,23.41823265,0.2341823265,14.43649072,14.43649072
167.64,34211.9,0.03455249241,23.55634588,0.2355634588,14.52163251,14.52163251
167.767,34221.3,0.03443318283,23.47500593,0.2347500593,14.47148939,14.47148939
167.894,34258.6125,0.03395991661,23.15235417,0.2315235417,14.27258628,14.27258628
168.021,34248.1625,0.03409241088,23.24268284,0.2324268284,14.32827063,14.32827063
168.148,34174,0.03503387125,23.88452847,0.2388452847,14.72394517,14.72394517
168.275,34178.15,0.03498113488,23.84857516,0.2384857516,14.70178126,14.70178126
168.402,34276.9875,0.03372704023,22.99358946,0.2299358946,14.1747136,14.1747136
168.529,34254.175,0.03401617419,23.19070807,0.2319070807,14.29623007,14.29623007
168.656,34164.975,0.03514857907,23.96273114,0.2396273114,14.77215428,14.77215428
168.783,34239.7875,0.03419862566,23.31509533,0.2331509533,14.37291031,14.37291031
168.91,34230.5625,0.03431565052,23.39487766,0.2339487766,14.42209321,14.42209321
169.037,34269.0125,0.03382809641,23.06248505,0.2306248505,14.21718523,14.21718523
169.164,34274.1875,0.03376251809,23.01777668,0.2301777668,14.18962414,14.18962414
169.291,34281.75,0.03366670285,22.95245412,0.2295245412,14.14935516,14.14935516
169.418,34303.075,0.03339663348,22.76833289,0.2276833289,14.0358511,14.0358511
169.545,34243.475,0.03415185625,23.28321004,0.2328321004,14.35325418,14.35325418
169.672,34254.7125,0.03400935951,23.18606213,0.2318606213,14.29336601,14.29336601
169.799,34252.7875,0.03403376609,23.20270144,0.2320270144,14.30362355,14.30362355
169.926,34260.0625,0.03394153544,23.1398227,0.231398227,14.26486109,14.26486109
170.053,34268.6,0.0338333241,23.06604905,0.2306604905,14.21938231,14.21938231
170.18,34200.425,0.03469818338,23.65567148,0.2365567148,14.58286314,14.58286314
170.307,34248.4625,0.03408860665,23.24008929,0.2324008929,14.3266718,14.3266718
170.434,34183.625,0.03491157079,23.80114948,0.2380114948,14.67254505,14.67254505
170.561,34167.8875,0.03511155786,23.93749173,0.2393749173,14.7565951,14.7565951
170.688,34067.925,0.03638400386,24.80498857,0.2480498857,15.29137543,15.29137543
170.815,34065.0625,0.03642049625,24.82986746,0.2482986746,15.30671236,15.30671236
170.942,34175.65,0.03501290301,23.87023326,0.2387023326,14.71513269,14.71513269
171.069,34178.1625,0.03498097604,23.84846688,0.2384846688,14.70171451,14.70171451
171.196,34203.7125,0.03465643903,23.62721204,0.2362721204,14.56531893,14.56531893
171.323,34245.7875,0.03412252885,23.26321593,0.2326321593,14.34092853,14.34092853
171.45,34204.9625,0.03464056771,23.61639168,0.2361639168,14.55864857,14.55864857
171.577,34189.6375,0.03483519018,23.74907659,0.2374907659,14.640444,14.640444
171.704,34248.0625,0.03409367896,23.24354736,0.2324354736,14.32880358,14.32880358
171.831,34210.3,0.03457280369,23.5701932,0.235701932,14.53016888,14.53016888
171.958,34217.0625,0.03448696327,23.51167104,0.2351167104,14.4940921,14.4940921
172.085,34183.0625,0.03491871727,23.80602163,0.2380602163,14.67554855,14.67554855
172.212,34180.85,0.03494682791,23.8251862,0.238251862,14.68736282,14.68736282
172.339,34194.4,0.03477469865,23.70783617,0.2370783617,14.61502078,14.61502078
172.466,34204.65,0.03464453549,23.61909674,0.2361909674,14.56031614,14.56031614
172.593,34188.65,0.0348477341,23.75762847,0.2375762847,14.64571593,14.64571593
