x_mm,intensity,net_od,dose_cgy,dose_gy,normalized_percent,smoothed_percent
0,35190.525,0.02230394031,15.20583019,0.1520583019,10.06070069,10.06070069
0.127,35148.825,0.0228188749,15.55688959,0.1555688959,10.29297368,10.29297368
0.254,35142.9125,0.02289193515,15.60669881,0.1560669881,10.32592917,10.32592917
0.381,35127.975,0.02307657132,15.73257551,0.1573257551,10.40921353,10.40921353
0.508,35157.9875,0.02270567895,15.47971765,0.1547971765,10.24191406,10.24191406
0.635,35037.7375,0.02419363174,16.4941374,0.164941374,10.91308909,10.91308909
0.762,34984.725,0.02485122188,16.94245299,0.1694245299,11.20971011,11.20971011
0.889,35054.9125,0.02398079893,16.3490375,0.163490375,10.817086,10.817086
1.016,35072.9125,0.02375785459,16.197044,0.16197044,10.71652187,10.71652187
1.143,35025.375,0.02434689257,16.59862379,0.1659862379,10.98222088,10.98222088
1.27,34969.2625,0.02504321318,17.07334408,0.1707334408,11.29631217,11.29631217
1.397,34940.5875,0.02539948329,17.31623312,0.1731623312,11.45701592,11.45701592
1.524,34937.1625,0.02544205646,17.34525761,0.1734525761,11.47621952,11.47621952
1.651,34940.7875,0.0253969974,17.31453835,0.1731453835,11.4558946,11.4558946
1.778,34909.3625,0.02578776836,17.58094854,0.1758094854,11.63216075,11.63216075
1.905,34854.2375,0.02647410015,18.04885889,0.1804885889,11.94174635,11.94174635
2.032,34850.95,0.02651506534,18.07678713,0.1807678713,11.96022463,11.96022463
2.159,34888.825,0.02604334299,17.75518791,0.1775518791,11.74744351,11.74744351
2.286,34815.2875,0.02695970047,18.3799195,0.183799195,12.16078744,12.16078744
2.413,34855,0.02646459927,18.04238162,0.1804238162,11.93746076,11.93746076
2.54,34803.3125,0.02710910527,18.48177702,0.1848177702,12.22817988,12.22817988
2.667,34833.075,0.02673787147,18.2286864,0.182286864,12.06072642,12.06072642
2.794,34786.4625,0.02731941956,18.62515991,0.1862515991,12.32304694,12.32304694
2.921,34784.6125,0.02734251665,18.64090647,0.1864090647,12.33346541,12.33346541
3.048,34488.3375,0.0310574265,21.17356607,0.2117356607,14.00916018,14.00916018
3.175,34704.4625,0.02834436387,19.32392115,0.1932392115,12.78537143,12.78537143
3.302,34778.5875,0.02741774678,18.69219502,0.1869219502,12.36739967,12.36739967
3.429,34795.525,0.02720629276,18.54803511,0.1854803511,12.27201852,12.27201852
3.556,34752.55,0.02774300949,18.9139446,0.189139446,12.51411683,12.51411683
3.683,34733.9375,0.02797566786,19.07256068,0.1907256068,12.61906269,12.61906269
3.81,34745.7375,0.02782815206,18.971991,0.18971991,12.55252233,12.55252233
3.937,34762.225,0.02762212011,18.83152762,0.1883152762,12.45958692,12.45958692
4.064,34756.05,0.02769927301,18.88412703,0.1888412703,12.4943885,12.4943885
4.191,34742.6375,0.02786690135,18.99840854,0.1899840854,12.57000108,12.57000108
4.318,34652.95,0.0289894744,19.7637287,0.197637287,13.07636324,13.07636324
4.445,34613.8125,0.02948024953,20.09831726,0.2009831726,13.29773855,13.29773855
4.572,34647.2625,0.02906075989,19.81232796,0.1981232796,13.10851819,13.10851819
4.699,34729.6625,0.02802912345,19.10900432,0.1910900432,12.64317505,12.64317505
4.826,34642.775,0.02911701319,19.85067895,0.1985067895,13.13389252,13.13389252
4.953,34713.925,0.02822596551,19.24320244,0.1924320244,12.73196515,12.73196515
5.08,34791.0875,0.0272616822,18.58579716,0.1858579716,12.29700319,12.29700319
5.207,34824.475,0.02684510845,18.30179578,0.1830179578,12.1090981,12.1090981
5.334,34735.5,0.02795613164,19.05924176,0.1905924176,12.61025043,12.61025043
5.461,34772.2,0.02749751744,18.74657909,0.1874657909,12.40338205,12.40338205
5.588,34834.8125,0.02671620907,18.21391794,0.1821391794,12.0509551,12.0509551
5.715,34835.075,0.02671293643,18.2116868,0.182116868,12.0494789,12.0494789
5.842,34866.025,0.02632724912,17.94874242,0.1794874242,11.87550584,11.87550584
5.969,34874.65,0.02621982859,17.8755079,0.178755079,11.82705137,11.82705137
6.096,34783.975,0.02735047607,18.64633285,0.1864633285,12.33705569,12.33705569
6.223,34825.2,0.0268360671,18.29563179,0.1829563179,12.10501979,12.10501979
6.35,34863.5375,0.02635823475,17.96986704,0.1796986704,11.88948262,11.88948262
6.477,34844.025,0.02660136967,18.13562557,0.1813562557,11.99915417,11.99915417
6.604,34816.9625,0.02693880661,18.365675,0.18365675,12.15136279,12.15136279
6.731,34840.575,0.02664437246,18.16494295,0.1816494295,12.01855156,12.01855156
6.858,34819.7125,0.02690450543,18.34228999,0.1834228999,12.13589046,12.13589046
6.985,34907.025,0.0258168493,17.60077463,0.1760077463,11.64527837,11.64527837
7.112,34941.8125,0.02538425741,17.3058528,0.173058528,11.45014794,11.45014794
7.239,34919.75,0.02565856053,17.49286041,0.1749286041,11.57387861,11.57387861
7.366,34878.5,0.02617188714,17.84282356,0.1784282356,11.80542628,11.80542628
7.493,34887.6875,0.02605750277,17.76484141,0.1776484141,11.7538306,11.7538306
7.62,34914.35,0.02572572514,17.53865024,0.1753865024,11.60417474,11.60417474
7.747,34906.875,0.02581871553,17.60204693,0.1760204693,11.64612018,11.64612018
7.874,34976.8125,0.02494945743,17.0094256,0.170094256,11.2540215,11.2540215
8.001,34907.3875,0.0258123393,17.59769991,0.1759769991,11.64324403,11.64324403
8.128,34935.4625,0.02546318922,17.35966498,0.1735966498,11.48575193,11.48575193
8.255,34965.6375,0.02508823555,17.10403832,0.1710403832,11.31662053,11.31662053
8.382,34934.075,0.02548043804,17.37142445,0.1737142445,11.4935324,11.4935324
8.509,35046.5375,0.024084569,16.4197833,0.164197833,10.86389385,10.86389385
8.636,34997.65,0.02469080274,16.83308638,0.1683308638,11.1373494,11.1373494
8.763,34990.375,0.0247810894,16.89463979,0.1689463979,11.17807526,11.17807526
8.89,35040.7375,0.02415644818,16.46878731,0.1646878731,10.8963166,10.8963166
9.017,35078.5875,0.02368758891,16.14914001,0.1614914001,10.68482694,10.68482694
9.144,35123.1625,0.02313607334,15.77314132,0.1577314132,10.43605327,10.43605327
9.271,35071.1875,0.02377921513,16.21160667,0.1621160667,10.72615703,10.72615703
9.398,35148.0125,0.02282891416,15.56373392,0.1556373392,10.29750212,10.29750212
9.525,35162.8,0.02264623586,15.43919201,0.1543919201,10.21510091,10.21510091
9.652,35155.5,0.02273640726,15.50066684,0.1550066684,10.25577477,10.25577477
9.779,35148.65,0.02282103718,15.55836374,0.1555836374,10.29394902,10.29394902
9.906,35165.325,0.0226150508,15.41793143,0.1541793143,10.20103417,10.20103417
10.033,35127.4375,0.0230832166,15.73710596,0.1573710596,10.41221103,10.41221103
10.16,35175.1375,0.02249388257,15.33532434,0.1533532434,10.14637848,10.14637848
10.287,35182.3625,0.02240468731,15.274515,0.15274515,10.10614493,10.10614493
10.414,35183.45,0.02239126331,15.26536312,0.1526536312,10.10008973,10.10008973
10.541,35171.275,0.02254157405,15.36783827,0.1536783827,10.16789081,10.16789081
10.668,35251.9125,0.02154700287,14.68978406,0.1468978406,9.719266807,9.719266807
10.795,35148.375,0.02282443507,15.56068028,0.1556068028,10.29548172,10.29548172
10.922,35064.4875,0.02386219068,16.26817569,0.1626817569,10.76358504,10.76358504
11.049,35234.825,0.0217575675,14.83333762,0.1483333762,9.814246785,9.814246785
11.176,35148.5375,0.02282242722,15.55931141,0.1555931141,10.29457604,10.29457604
11.303,35192.1875,0.02228342349,15.19184275,0.1519184275,10.05144612,10.05144612
11.43,35273.85,0.02127682258,14.5055872,0.145055872,9.597395828,9.597395828
11.557,35322.425,0.02067917468,14.09813756,0.1409813756,9.327813119,9.327813119
11.684,35219.0625,0.02195189509,14.96582149,0.1496582149,9.901902672,9.901902672
11.811,35370.4125,0.02008956163,13.69616573,0.1369616573,9.061854714,9.061854714
11.938,35338.0125,0.02048756631,13.96750754,0.1396750754,9.241383799,9.241383799
12.065,35388.9875,0.01986154895,13.54071687,0.1354071687,8.959004397,8.959004397
12.192,35368.125,0.02011764953,13.7153148,0.137153148,9.074524403,9.074524403
12.319,35330.1,0.02058481966,14.03381053,0.1403381053,9.285252137,9.285252137
12.446,35410.9125,0.01959256815,13.35733777,0.1335733777,8.837674477,8.837674477
12.573,35452.725,0.0190800644,13.00793561,0.1300793561,8.606497976,8.606497976
12.7,35487.4375,0.01865504568,12.71817683,0.1271817683,8.414783595,8.414783595
12.827,35423.9375,0.01943285339,13.24845138,0.1324845138,8.765631491,8.765631491
12.954,35423.85,0.01943392613,13.24918273,0.1324918273,8.766115377,8.766115377
13.081,35441.3125,0.01921988958,13.10326217,0.1310326217,8.669569311,8.669569311
13.208,35502.3,0.01847319681,12.59420039,0.1259420039,8.332756517,8.332756517
13.335,35504.175,0.01845026081,12.57856365,0.1257856365,8.322410712,8.322410712
13.462,35485.525,0.01867845144,12.73413383,0.1273413383,8.425341299,8.425341299
13.589,35854.8,0.01418238201,9.668914536,0.09668914536,6.397286695,6.397286695
13.716,35783.2875,0.01504944856,10.26004177,0.1026004177,6.788396824,6.788396824
13.843,35522.9125,0.01822112026,12.42234586,0.1242234586,8.219051643,8.219051643
13.97,35494.325,0.01857076478,12.66071788,0.1266071788,8.376766776,8.376766776
14.097,35565.0125,0.01770672067,12.0716512,0.120716512,7.987019981,7.987019981
14.224,35528.5625,0.01815205023,12.375257,0.12375257,8.18789603,8.18789603
14.351,35554.95,0.0178296141,12.15543445,0.1215543445,8.042453866,8.042453866
14.478,35545.7875,0.01794154608,12.23174468,0.1223174468,8.092943338,8.092943338
14.605,35579.3375,0.01753182924,11.95241803,0.1195241803,7.908131215,7.908131215
14.732,35630.4875,0.01690792189,11.52706587,0.1152706587,7.626703583,7.626703583
14.859,35655.6,0.01660193734,11.31845928,0.1131845928,7.488682278,7.488682278
14.986,35613.3875,0.01711640116,11.66919773,0.1166919773,7.720742913,7.720742913
15.113,35623.1,0.01699797631,11.58846096,0.1158846096,7.667324685,7.667324685
15.24,35613.8375,0.01711091359,11.66545654,0.1166545654,7.718267616,7.718267616
15.367,35625.025,0.01697450856,11.57246169,0.1157246169,7.656739018,7.656739018
15.494,35648.3875,0.01668979635,11.37835763,0.1137835763,7.528313088,7.528313088
15.621,35609.15,0.01716807927,11.70442955,0.1170442955,7.7440535,7.7440535
15.748,35677.45,0.01633588017,11.13707338,0.1113707338,7.368671126,7.368671126
15.875,35751.0375,0.01544103674,10.5270091,0.105270091,6.965031598,6.965031598
16.002,35762.475,0.01530211912,10.43230128,0.1043230128,6.902369642,6.902369642
16.129,35700.825,0.01605143413,10.94315078,0.1094315078,7.240365255,7.240365255
16.256,35766.675,0.01525111791,10.39753093,0.1039753093,6.879364381,6.879364381
16.383,35651.3125,0.01665416334,11.35406463,0.1135406463,7.512240008,7.512240008
16.51,35789.2375,0.01497724062,10.21081363,0.1021081363,6.755825788,6.755825788
16.637,35765.1875,0.01526918015,10.40984496,0.1040984496,6.887511769,6.887511769
16.764,35739.4625,0.01558166965,10.62288634,0.1062288634,7.028467279,7.028467279
16.891,35680.7,0.01629632037,11.11010328,0.1111010328,7.350826777,7.350826777
17.018,35771.1625,0.01519663215,10.36038497,0.1036038497,6.85478734,6.85478734
17.145,35716.525,0.01586048827,10.81297242,0.1081297242,7.154234775,7.154234775
17.272,35792.0875,0.01494265788,10.18723666,0.1018723666,6.740226454,6.740226454
17.399,35820.2875,0.01460061909,9.954049891,0.09954049891,6.585942061,6.585942061
17.526,35787.05,0.01500378626,10.22891126,0.1022891126,6.767799804,6.767799804
17.653,35838.925,0.01437471196,9.800036499,0.09800036499,6.4840415,6.4840415
17.78,35781.7375,0.015068261,10.27286726,0.1027286726,6.796882605,6.796882605
17.907,35755.3125,0.01538910823,10.49160657,0.1049160657,6.941608062,6.941608062
18.034,35785.175,0.01502654096,10.2444244,0.102444244,6.778063829,6.778063829
18.161,35752.225,0.01542661153,10.51717464,0.1051717464,6.958524779,6.958524779
18.288,35835.2625,0.01441909624,9.830295718,0.09830295718,6.50406204,6.50406204
18.415,35846.925,0.01427777913,9.733952031,0.09733952031,6.440317741,6.440317741
18.542,35825.1875,0.01454121428,9.913550344,0.09913550344,6.559146167,6.559146167
18.669,35847.6375,0.0142691471,9.728067099,0.09728067099,6.436424067,6.436424067
18.796,35831.45,0.01446530312,9.861797507,0.09861797507,6.524904708,6.524904708
18.923,35827.9,0.01450833297,9.891133334,0.09891133334,6.544314301,6.544314301
19.05,35833.9625,0.01443485147,9.841036935,0.09841036935,6.511168799,6.511168799
19.177,35833.45,0.01444106283,9.84527156,0.0984527156,6.513970573,6.513970573
19.304,35788.6125,0.01498482492,10.21598427,0.1021598427,6.759246861,6.759246861
19.431,35816.0625,0.01465184711,9.988974867,0.09988974867,6.609049627,6.609049627
19.558,35823.4125,0.01456273243,9.928220458,0.09928220458,6.568852419,6.568852419
19.685,35862.6,0.01408791409,9.604510525,0.09604510525,6.354674784,6.354674784
19.812,35832.4375,0.01445333431,9.853637705,0.09853637705,6.519505903,6.519505903
19.939,35920,0.01339335835,9.130993444,0.09130993444,6.041379583,6.041379583
20.066,35821.1375,0.01459031359,9.947024062,0.09947024062,6.581293531,6.581293531
20.193,35926.475,0.01331507874,9.077625907,0.09077625907,6.006069784,6.006069784
20.32,35983.9625,0.01262070084,8.604230071,0.08604230071,5.692854803,5.692854803
20.447,35898.125,0.01365792087,9.311360352,0.09311360352,6.160716539,6.160716539
20.574,35952.15,0.01300481929,8.866104874,0.08866104874,5.866120187,5.866120187
20.701,35922.125,0.01336766657,9.113477941,0.09113477941,6.029790723,6.029790723
20.828,35936.2625,0.0131967794,8.9969747,0.089969747,5.952708169,5.952708169
20.955,35923.7125,0.0133484743,9.100393506,0.09100393506,6.021133611,6.021133611
21.082,35924.9625,0.01333336287,9.090091208,0.09090091208,6.014317256,6.014317256
21.209,35982.1625,0.01264242579,8.619041169,0.08619041169,5.702654335,5.702654335
21.336,35980.4625,0.01266294479,8.633030108,0.08633030108,5.711909898,5.711909898
21.463,36006.525,0.01234847683,8.418639902,0.08418639902,5.570061958,5.570061958
21.59,36047.875,0.01185001792,8.078812884,0.08078812884,5.345220705,5.345220705
21.717,36011.5625,0.01228772103,8.377219308,0.08377219308,5.542656667,5.542656667
21.844,36012.45,0.01227701803,8.369922483,0.08369922483,5.537828837,5.537828837
21.971,36035.4,0.01200033916,8.181295192,0.08181295192,5.413026528,5.413026528
22.098,35971.8125,0.01276736532,8.704219359,0.08704219359,5.759011158,5.759011158
22.225,36045.1,0.01188345162,8.101606482,0.08101606482,5.360301734,5.360301734
22.352,36002.625,0.01239551942,8.450711439,0.08450711439,5.591281591,5.591281591
22.479,35994.975,0.01248781008,8.513631084,0.08513631084,5.632911394,5.632911394
22.606,36047.95,0.01184911435,8.078196865,0.08078196865,5.344813126,5.344813126
22.733,36068.35,0.01160341101,7.910687308,0.07910687308,5.233983036,5.233983036
22.86,35952.4875,0.01300074238,8.863325418,0.08863325418,5.864281203,5.864281203
22.987,36004.9125,0.01236792652,8.431899828,0.08431899828,5.578835181,5.578835181
23.114,35951.425,0.01301357723,8.872075644,0.08872075644,5.870070654,5.870070654
23.241,35985.9125,0.01259716671,8.588185552,0.08588185552,5.682239197,5.682239197
23.368,35995.0625,0.01248675435,8.512911339,0.08512911339,5.632435186,5.632435186
23.495,36016.0875,0.01223315358,8.340017659,0.08340017659,5.518042776,5.518042776
23.622,36051.275,0.01180905763,8.050887984,0.08050887984,5.32674463,5.32674463
23.749,36030.75,0.01205638404,8.219504087,0.08219504087,5.438306848,5.438306848
23.876,36046.15,0.01187080073,8.092981671,0.08092981671,5.354595262,5.354595262
24.003,36042.8625,0.01191041129,8.119986382,0.08119986382,5.372462509,5.372462509
24.13,35886.05,0.01380402844,9.410969971,0.09410969971,6.226621692,6.226621692
24.257,36057.25,0.01173708529,8.00182046,0.0800182046,5.294279867,5.294279867
24.384,36101.2875,0.01120699568,7.64042904,0.0764042904,5.055170863,5.055170863
24.511,35997.9375,0.01245206774,8.489263557,0.08489263557,5.616788999,5.616788999
24.638,36006.1625,0.01235284917,8.421620764,0.08421620764,5.572034199,5.572034199
24.765,36058.05,0.01172744973,7.995251367,0.07995251367,5.289933529,5.289933529
24.892,36098.45,0.01124113183,7.663701544,0.07663701544,5.070568753,5.070568753
25.019,36073.625,0.01153990004,7.867388365,0.07867388365,5.205334966,5.205334966
25.146,36050.7625,0.01181523154,8.055097084,0.08055097084,5.329529515,5.329529515
25.273,36075.2875,0.01151988548,7.853743328,0.07853743328,5.196306939,5.196306939
25.4,36067.9375,0.0116083779,7.914073511,0.07914073511,5.236223465,5.236223465
25.527,36093.4875,0.01130083895,7.704407192,0.07704407192,5.097501011,5.097501011
25.654,36070.15,0.01158173798,7.895911601,0.07895911601,5.22420692,5.22420692
25.781,36050.1125,0.011823062,8.06043554,0.0806043554,5.333061621,5.333061621
25.908,36096.1125,0.01126925481,7.68287454,0.0768287454,5.083254267,5.083254267
26.035,36025.9625,0.01211409372,8.258847968,0.08258847968,5.464338114,5.464338114
26.162,36070.0875,0.0115824905,7.896424634,0.07896424634,5.224546361,5.224546361
26.289,36044.3875,0.01189203636,8.107459176,0.08107459176,5.364174078,5.364174078
26.416,36014.2375,0.01225546209,8.355226608,0.08355226608,5.52810554,5.52810554
26.543,36066.95,0.01162026856,7.922180033,0.07922180033,5.241587019,5.241587019
26.67,36011.475,0.01228877627,8.377938723,0.08377938723,5.543132657,5.543132657
26.797,36071.1125,0.01157014937,7.888011005,0.07888011005,5.218979614,5.218979614
26.924,36029.675,0.01206934169,8.228338028,0.08228338028,5.444151688,5.444151688
27.051,36108.775,0.01111693122,7.579027118,0.07579027118,5.014545238,5.014545238
27.178,36101.05,0.01120985278,7.642376889,0.07642376889,5.056459627,5.056459627
27.305,36049.95,0.01182501964,8.061770169,0.08061770169,5.333944658,5.333944658
27.432,35994.5125,0.01249339037,8.517435478,0.08517435478,5.635428512,5.635428512
27.559,36021.8,0.01216427573,8.293059821,0.08293059821,5.486973854,5.486973854
27.686,36053.8125,0.01177849051,8.030048691,0.08030048691,5.312956636,5.312956636
27.813,36036.4375,0.01198783551,8.172770762,0.08172770762,5.407386471,5.407386471
27.94,36058.1,0.01172684752,7.994840803,0.07994840803,5.289661886,5.289661886
28.067,35956.8125,0.01294850092,8.82770952,0.0882770952,5.840716499,5.840716499
28.194,35968.8625,0.01280298268,8.728501689,0.08728501689,5.775077183,5.775077183
28.321,35997.2875,0.01245990969,8.494609847,0.08494609847,5.620326289,5.620326289
28.448,35993.35,0.01250741683,8.52699809,0.0852699809,5.641755466,5.641755466
28.575,36008.65,0.0123228468,8.401166488,0.08401166488,5.558500946,5.558500946
28.702,35989.725,0.01255115815,8.556818971,0.08556818971,5.661485987,5.661485987
28.829,36032.35,0.01203709897,8.206356384,0.08206356384,5.429607875,5.429607875
28.956,36076.7625,0.01150212896,7.841637732,0.07841637732,5.18829746,5.18829746
29.083,36054.6875,0.01176795063,8.022863067,0.08022863067,5.30820238,5.30820238
29.21,35923.4375,0.01335179888,9.102660059,0.09102660059,6.022633241,6.022633241
29.337,36035.175,0.01200305085,8.183143896,0.08183143896,5.414249694,5.414249694
29.464,36041.575,0.01192592515,8.130563043,0.08130563043,5.379460392,5.379460392
29.591,36047.9375,0.01184926494,8.078299535,0.08078299535,5.344881056,5.344881056
29.718,36046.55,0.01186598144,8.089696095,0.08089696095,5.352421412,5.352421412
29.845,36025.6875,0.01211740887,8.261108088,0.08261108088,5.465833488,5.465833488
29.972,36007.5125,0.01233656621,8.410519775,0.08410519775,5.564689403,5.564689403
30.099,36035.3625,0.01200079111,8.181603308,0.08181603308,5.413230388,5.413230388
30.226,35995.4875,0.01248162659,8.509415461,0.08509415461,5.630122193,5.630122193
30.353,35961.575,0.01289098218,8.788495813,0.08788495813,5.814771361,5.814771361
30.48,35917.0375,0.01342917824,9.155413845,0.09155413845,6.057536961,6.057536961
30.607,35963.975,0.01286199924,8.768736543,0.08768736543,5.801697948,5.801697948
30.734,35997.65,0.01245553628,8.49162825,0.0849162825,5.618353562,5.618353562
30.861,35988.1375,0.01257031522,8.569879406,0.08569879406,5.67012722,5.67012722
30.988,35928.3875,0.01329196025,9.061864749,0.09061864749,5.995641659,5.995641659
31.115,35966.825,0.01282758452,8.745274122,0.08745274122,5.786174402,5.786174402
31.242,35939.225,0.01316097867,8.972567363,0.08972567363,5.936559434,5.936559434
31.369,35953.3,0.01299092775,8.856634244,0.08856634244,5.859854092,5.859854092
31.496,35996.5625,0.01246865664,8.50057313,0.0850057313,5.624271802,5.624271802
31.623,35992.125,0.01252219788,8.537075155,0.08537075155,5.648422799,5.648422799
31.75,35898.65,0.01365156948,9.307030259,0.09307030259,6.1578516,6.1578516
31.877,36020.3,0.01218236076,8.305389386,0.08305389386,5.495131518,5.495131518
32.004,36058.3375,0.01172398701,7.992890634,0.07992890634,5.288371587,5.288371587
32.131,35987.7125,0.01257544403,8.573375998,0.08573375998,5.672440686,5.672440686
32.258,36010.1625,0.01230460516,8.388730157,0.08388730157,5.550272641,5.550272641
32.385,36001.2,0.01241270933,8.462430752,0.08462430752,5.599035492,5.599035492
32.512,35956.7125,0.01294970874,8.828532961,0.08828532961,5.841261316,5.841261316
32.639,36030.05,0.01206482153,8.225256391,0.08225256391,5.44211277,5.44211277
32.766,35989.4875,0.01255402411,8.558772858,0.08558772858,5.662778746,5.662778746
32.893,36049.675,0.01182833258,8.064028785,0.08064028785,5.335439036,5.335439036
33.02,36005.475,0.01236114164,8.427274205,0.08427274205,5.57577471,5.57577471
33.147,36004.125,0.01237742551,8.438375821,0.08438375821,5.583119922,5.583119922
33.274,36023.4875,0.01214393098,8.279189674,0.08279189674,5.477796887,5.477796887
33.401,36058.85,0.01171781439,7.988682419,0.07988682419,5.285587287,5.285587287
33.528,35976.6375,0.01270911609,8.664507637,0.08664507637,5.732736515,5.732736515
33.655,35991.7375,0.01252687363,8.54026287,0.0854026287,5.6505319,5.6505319
33.782,36016.9875,0.0122223012,8.332618993,0.08332618993,5.513147564,5.513147564
33.909,35998.2125,0.01244875004,8.487001694,0.08487001694,5.615292473,5.615292473
34.036,35981.375,0.01265193079,8.625521257,0.08625521257,5.706941784,5.706941784
34.163,35979.075,0.01267969263,8.64444804,0.0864444804,5.719464396,5.719464396
34.29,35991.925,0.01252461117,8.538720423,0.08538720423,5.649511365,5.649511365
34.417,36019.9625,0.01218643,8.308163608,0.08308163608,5.496967039,5.496967039
34.544,36101.2375,0.01120759717,7.640839113,0.07640839113,5.055442181,5.055442181
34.671,36023.0625,0.01214905475,8.282682835,0.08282682835,5.480108083,5.480108083
34.798,36025.7125,0.01211710749,8.260902622,0.08260902622,5.465697544,5.465697544
34.925,36022.95,0.01215041105,8.283607502,0.08283607502,5.480719874,5.480719874
35.052,35980.05,0.01266792381,8.636424582,0.08636424582,5.714155799,5.714155799
35.179,36047.2,0.01185815021,8.084357111,0.08084357111,5.348888957,5.348888957
35.306,36041.9625,0.01192125587,8.127379736,0.08127379736,5.377354206,5.377354206
35.433,36060.6125,0.01169658727,7.974210721,0.07974210721,5.276012313,5.276012313
35.56,36080.3875,0.01145849316,7.811888792,0.07811888792,5.168614538,5.168614538
35.687,36022.3,0.01215824756,8.28895008,0.0828895008,5.484254708,5.484254708
35.814,36005.2375,0.01236400635,8.429227237,0.08429227237,5.577066903,5.577066903
35.941,36046.65,0.01186477662,8.088874706,0.08088874706,5.351877953,5.351877953
36.068,35993.9875,0.01249972484,8.521754039,0.08521754039,5.638285821,5.638285821
36.195,36069.0875,0.01159453096,7.904633283,0.07904633283,5.229977485,5.229977485
36.322,36076.7375,0.01150242992,7.841842907,0.07841842907,5.188433211,5.188433211
36.449,36093.8875,0.01129602598,7.701125924,0.07701125924,5.095330011,5.095330011
36.576,36087.975,0.01136717311,7.749630859,0.07749630859,5.127422545,5.127422545
36.703,36051.4125,0.01180740123,8.049758724,0.08049758724,5.325997473,5.325997473
36.83,36048.35,0.0118442953,8.074911453,0.08074911453,5.342639384,5.342639384
36.957,36086.5,0.0113849241,7.761732694,0.07761732694,5.135429536,5.135429536
37.084,36099.1875,0.01123225918,7.657652567,0.07657652567,5.066566542,5.066566542
37.211,36100.1875,0.01122022876,7.649450763,0.07649450763,5.061139945,5.061139945
37.338,36041.85,0.01192261147,8.128303918,0.08128303918,5.377965677,5.377965677
37.465,36050.125,0.01182291141,8.060332876,0.08060332876,5.332993696,5.332993696
37.592,36156.325,0.01054540484,7.189385961,0.07189385961,4.756745235,4.756745235
37.719,36077.6875,0.01149099389,7.834046339,0.07834046339,5.183274733,5.183274733
37.846,36114.475,0.01104838048,7.532292287,0.07532292287,4.983623865,4.983623865
37.973,36034.9125,0.0120062145,8.185300732,0.08185300732,5.415676731,5.415676731
38.1,36037.225,0.01197834503,8.166300575,0.08166300575,5.403105573,5.403105573
38.227,36028.7125,0.01208094362,8.236247711,0.08236247711,5.449385006,5.449385006
38.354,36054.3875,0.01177156427,8.02532669,0.0802532669,5.309832398,5.309832398
38.481,36100.725,0.01121376254,7.645042387,0.07645042387,5.058223212,5.058223212
38.608,36110.8625,0.01109182476,7.561910655,0.07561910655,5.003220397,5.003220397
38.735,36127.375,0.01089327928,7.426551216,0.07426551216,4.913661932,4.913661932
38.862,36076.2125,0.01150874995,7.846151625,0.07846151625,5.191284007,5.191284007
38.989,36075.7125,0.01151476912,7.850255224,0.07850255224,5.19399909,5.19399909
39.116,36062.5125,0.01167370531,7.958610817,0.07958610817,5.26569088,5.26569088
39.243,36036.475,0.01198738358,8.172462654,0.08172462654,5.407182617,5.407182617
39.37,36029.4,0.01207265649,8.230597916,0.08230597916,5.445646907,5.445646907
39.497,36050.575,0.01181749031,8.056637013,0.08056637013,5.330548385,5.330548385
39.624,36119.625,0.01098645359,7.4900733,0.074900733,4.95569033,4.95569033
39.751,35990.6375,0.01254014699,8.549312053,0.08549312053,5.656519151,5.656519151
39.878,36021.1375,0.01217226319,8.298505315,0.08298505315,5.49057678,5.49057678
40.005,35987.4875,0.0125781593,8.575227152,0.08575227152,5.673665473,5.673665473
40.132,36037.175,0.0119789476,8.166711376,0.08166711376,5.403377373,5.403377373
40.259,35974.8125,0.01273114726,8.679527507,0.08679527507,5.742674178,5.742674178
40.386,35934.775,0.01321475641,9.00923062,0.0900923062,5.960817107,5.960817107
40.513,35960.3375,0.01290592726,8.798684702,0.08798684702,5.821512681,5.821512681
40.64,36053.2375,0.01178541686,8.034770767,0.08034770767,5.316080924,5.316080924
40.767,36026.7375,0.01210475117,8.25247863,0.0825247863,5.460123941,5.460123941
40.894,36013.0625,0.01226963161,8.364886752,0.08364886752,5.534497023,5.534497023
41.021,36060.3625,0.01169959815,7.976263401,0.07976263401,5.277370437,5.277370437
41.148,36032.5375,0.01203483905,8.204815676,0.08204815676,5.42858849,5.42858849
41.275,35993.6,0.01250440035,8.524941589,0.08524941589,5.640394813,5.640394813
41.402,36021.2375,0.01217105753,8.297683347,0.08297683347,5.490032938,5.490032938
41.529,36076.35,0.01150709469,7.845023146,0.07845023146,5.190537366,5.190537366
41.656,36071.75,0.01156247397,7.882778259,0.07882778259,5.215517449,5.215517449
41.783,36063.15,0.01166602807,7.953376823,0.07953376823,5.262227889,5.262227889
41.91,36064.4875,0.01164992138,7.942395999,0.07942395999,5.254962598,5.254962598
42.037,36037,0.01198105658,8.168149185,0.08168149185,5.404328677,5.404328677
42.164,36054.7375,0.01176734836,8.022452466,0.08022452466,5.307930712,5.307930712
42.291,35987.85,0.0125737847,8.572244743,0.08572244743,5.671692209,5.671692209
42.418,36008.0625,0.0123299326,8.40599727,0.0840599727,5.561697158,5.561697158
42.545,36083.475,0.01142133096,7.786553259,0.07786553259,5.151851677,5.151851677
42.672,36047.3875,0.01185589122,8.082817038,0.08082817038,5.347869991,5.347869991
42.799,36052.2,0.01179791469,8.043291225,0.08043291225,5.321718352,5.321718352
42.926,36023.55,0.01214317748,8.278675978,0.08278675978,5.477457008,5.477457008
43.053,36023.6625,0.0121418212,8.277751326,0.08277751326,5.476845226,5.476845226
43.18,35975.1875,0.01272662022,8.67644117,0.0867644117,5.740632151,5.740632151
43.307,35992.5625,0.01251691888,8.533476164,0.08533476164,5.646041582,5.646041582
43.434,35987.775,0.01257468979,8.572861791,0.08572861791,5.672100469,5.672100469
43.561,35996.4875,0.01246956151,8.501190028,0.08501190028,5.624679964,5.624679964
43.688,35960.7375,0.01290109647,8.795391286,0.08795391286,5.819333643,5.819333643
43.815,35929,0.01328455654,9.056817235,0.09056817235,5.99230205,5.99230205
43.942,35901.55,0.01361648729,9.283112792,0.09283112792,6.14202698,6.14202698
44.069,35950.05,0.0130301876,8.88339985,0.0888339985,5.877563138,5.877563138
44.196,35996.9875,0.0124635291,8.497077398,0.08497077398,5.621958905,5.621958905
44.323,35987.3,0.01258042205,8.576769789,0.08576769789,5.674686135,5.674686135
44.45,35960.4125,0.01290502148,8.798067184,0.08798067184,5.821104109,5.821104109
44.577,36016.9125,0.01222320556,8.333235542,0.08333235542,5.513555494,5.513555494
44.704,35978.4,0.01268784047,8.650002869,0.08650002869,5.723139662,5.723139662
44.831,35965.9125,0.01283860297,8.752786011,0.08752786011,5.791144526,5.791144526
44.958,35980.325,0.01266460446,8.634161595,0.08634161595,5.712658529,5.712658529
45.085,35995.525,0.01248117415,8.509107003,0.08509107003,5.629918107,5.629918107
45.212,35908.8375,0.01352834068,9.223018372,0.09223018372,6.102266443,6.102266443
45.339,35968.5,0.0128073596,8.731485672,0.08731485672,5.777051489,5.777051489
45.466,35904.9875,0.01357490647,9.254764848,0.09254764848,6.123271005,6.123271005
45.593,35918.2875,0.013414064,9.145109633,0.09145109633,6.05071934,6.05071934
45.72,35968.525,0.01280705774,8.73127988,0.0873127988,5.776915329,5.776915329
45.847,35969.15,0.01279951137,8.726135104,0.08726135104,5.773511369,5.773511369
45.974,35925.45,0.01332746955,9.086073409,0.09086073409,6.011658942,6.011658942
46.101,35925.625,0.01332535402,9.084631136,0.09084631136,6.010704684,6.010704684
46.228,35888.05,0.01377982503,9.394469168,0.09394469168,6.215704192,6.215704192
46.355,35924.2625,0.01334182521,9.095860451,0.09095860451,6.018134385,6.018134385
46.482,35960.9125,0.01289898302,8.793950428,0.08793950428,5.818380321,5.818380321
46.609,35898.9625,0.01364778893,9.304452853,0.09304452853,6.1561463,6.1561463
46.736,35962.6,0.01287860381,8.780056797,0.08780056797,5.809187817,5.809187817
46.863,35949.85,0.0130326037,8.885047043,0.08885047043,5.878652978,5.878652978
46.99,35903.8125,0.01358911911,9.264454385,0.09264454385,6.129681936,6.129681936
47.117,35971.3625,0.01277279829,8.707923315,0.08707923315,5.761461822,5.761461822
47.244,36029.75,0.01206843765,8.227721698,0.08227721698,5.443743903,5.443743903
47.371,35973.3875,0.01274835046,8.69125588,0.0869125588,5.750434074,5.750434074
47.498,36018.125,0.01220858539,8.323268166,0.08323268166,5.506960735,5.506960735
47.625,35945.925,0.01308002251,8.917375066,0.08917375066,5.900042311,5.900042311
47.752,35970.4875,0.01278336259,8.715125583,0.08715125583,5.766227091,5.766227091
47.879,36024.425,0.01213262874,8.271484318,0.08271484318,5.472698758,5.472698758
48.006,35988.8375,0.0125618679,8.564120403,0.08564120403,5.666316866,5.666316866
48.133,35955.7125,0.01296178717,8.836767493,0.08836767493,5.846709566,5.846709566
48.26,35945.4875,0.01308530836,8.920978726,0.08920978726,5.902426617,5.902426617
48.387,35927.1625,0.01330676803,9.071960035,0.09071960035,6.002321047,6.002321047
48.514,35954.025,0.01298217027,8.850663785,0.08850663785,5.855903831,5.855903831
48.641,35877.2875,0.01391008553,9.483274959,0.09483274959,6.27446116,6.27446116
48.768,35845.0625,0.01430034438,9.749336004,0.09749336004,6.450496307,6.450496307
48.895,35880.1875,0.01387498246,9.459343251,0.09459343251,6.258627118,6.258627118
49.022,35860.775,0.01411001532,9.619578156,0.09619578156,6.364644048,6.364644048
49.149,35886.4875,0.01379873383,9.407360342,0.09407360342,6.224233437,6.224233437
49.276,35843.7375,0.01431639821,9.760280794,0.09760280794,6.457737756,6.457737756
49.403,35809.25,0.01473446123,10.04529748,0.1004529748,6.64631461,6.64631461
49.53,35794.875,0.01490883619,10.16417854,0.1016417854,6.724970411,6.724970411
49.657,35818.775,0.01461895742,9.966552145,0.09966552145,6.594213983,6.594213983
49.784,35800.45,0.01484120072,10.1180677,0.101180677,6.694461891,6.694461891
49.911,35786.9875,0.01500454473,10.22942835,0.1022942835,6.76814193,6.76814193
50.038,35742.4125,0.01554582368,10.59844816,0.1059844816,7.012298136,7.012298136
50.165,35667.4875,0.01645716863,11.21976244,0.1121976244,7.423381051,7.423381051
50.292,35690.125,0.01618161732,11.03190386,0.1103190386,7.299087353,7.299087353
50.419,35660.8625,0.01653784345,11.27476293,0.1127476293,7.459771268,7.459771268
50.546,35618.2375,0.01705726091,11.62887855,0.1162887855,7.694066353,7.694066353
50.673,35594.6875,0.0173445019,11.82470662,0.1182470662,7.823632948,7.823632948
50.8,35565.575,0.01769985187,12.06696836,0.1206696836,7.983921655,7.983921655
50.927,35542.35,0.01798354711,12.2603791,0.122603791,8.111888857,8.111888857
51.054,35455.125,0.01905066549,12.98789274,0.1298789274,8.593236927,8.593236927
51.181,35407.025,0.01964024872,13.38984426,0.1338984426,8.859181884,8.859181884
51.308,35300.125,0.02095344309,14.28512151,0.1428512151,9.451528137,9.451528137
51.435,35254.9625,0.02150942928,14.66416806,0.1466416806,9.702318383,9.702318383
51.562,35143.5,0.02288467491,15.60174911,0.1560174911,10.32265428,10.32265428
51.689,35012.9125,0.0245014479,16.70399271,0.1670399271,11.05193658,11.05193658
51.816,34841.1,0.02663782828,18.16048142,0.1816048142,12.01559966,12.01559966
51.943,34531.9,0.03050921176,20.79981774,0.2079981774,13.76187542,13.76187542
52.07,34051.0625,0.03659901853,24.95157597,0.2495157597,16.50882158,16.50882158
52.197,33223.8125,0.04728021919,32.23354146,0.3223354146,21.32682062,21.32682062
52.324,31920.4125,0.06466119134,44.08311187,0.4408311187,29.1669043,29.1669043
52.451,30413.1,0.08566899641,60.50406577,0.6050406577,40.03157267,40.03157267
52.578,28674.5125,0.1112336432,82.28481493,0.8228481493,54.44246609,54.44246609
52.705,27293.275,0.1326740353,100.7992944,1.007992944,66.69228302,66.69228302
52.832,26197.875,0.1504636207,122.7557109,1.227557109,81.21940403,81.21940403
52.959,25500.5375,0.1621803518,137.2168364,1.372168364,90.78738245,90.78738245
53.086,24939.35,0.1718445562,149.1446747,1.491446747,98.67925084,98.67925084
53.213,24698.0875,0.1760663614,154.4676285,1.544676285,102.2011003,102.2011003
53.34,24432,0.1807706666,160.4235001,1.604235001,106.14171,106.14171
53.467,24402.9,0.1812882461,161.0787801,1.610787801,106.5752658,106.5752658
53.594,24287.45,0.1833477668,163.6862302,1.636862302,108.3004445,108.3004445
53.721,24256.125,0.1839082643,164.3958464,1.643958464,108.7699511,108.7699511
53.848,24179.85,0.185276084,166.1275704,1.661275704,109.9157193,109.9157193
53.975,24164.6375,0.1855494018,166.4736036,1.664736036,110.1446668,110.1446668
54.102,24119.8625,0.1863548586,167.4933499,1.674933499,110.819366,110.819366
54.229,24126,0.1862443629,167.353457,1.67353457,110.7268081,110.7268081
54.356,24095.9,0.1867865342,168.0398714,1.680398714,111.1809635,111.1809635
54.483,24069.7375,0.1872583324,168.6371901,1.686371901,111.5761701,111.5761701
54.61,24093.25,0.1868342993,168.1003443,1.681003443,111.2209744,111.2209744
54.737,24059.45,0.1874439912,168.872243,1.68872243,111.7316891,111.7316891
54.864,24038.7875,0.187817128,169.3446517,1.693446517,112.044251,112.044251
54.991,24043.1875,0.1877376431,169.24402,1.6924402,111.9776696,111.9776696
55.118,24030.725,0.1879628128,169.5290955,1.695290955,112.1662854,112.1662854
55.245,24037.7375,0.1878360981,169.3686688,1.693686688,112.0601415,112.0601415
55.372,24064.625,0.1873505879,168.75399,1.6875399,111.6534489,111.6534489
55.499,24088.125,0.1869266902,168.2173155,1.682173155,111.2983666,111.2983666
55.626,24074.725,0.1871683514,168.52327,1.6852327,111.5007966,111.5007966
55.753,24023.55,0.1880925021,169.6932883,1.696932883,112.274921,112.274921
55.88,24033.2125,0.1879178599,169.472183,1.69472183,112.1286301,112.1286301
56.007,24026.0125,0.1880479877,169.6369309,1.696369309,112.237633,112.237633
56.134,24076.4625,0.187137009,168.483589,1.68483589,111.4745423,111.4745423
56.261,24067.2125,0.1873038938,168.694873,1.68694873,111.6143351,111.6143351
56.388,24078.2375,0.1871049925,168.4430546,1.684430546,111.4477233,111.4477233
56.515,24090.425,0.1868852245,168.164818,1.68164818,111.2636324,111.2636324
56.642,24104.425,0.1866329103,167.8453764,1.678453764,111.0522788,111.0522788
56.769,24130.6125,0.1861613407,167.2483471,1.672483471,110.6572637,110.6572637
56.896,24126.425,0.1862367125,167.3437713,1.673437713,110.7203996,110.7203996
57.023,24099.6,0.186719852,167.9554487,1.679554487,111.1251065,111.1251065
57.15,24059.4375,0.1874442168,168.8725286,1.688725286,111.7318781,111.7318781
57.277,24068.3875,0.1872826913,168.6680297,1.686680297,111.5965746,111.5965746
57.404,24126.0125,0.1862441378,167.3531722,1.673531722,110.7266196,110.7266196
57.531,24094.775,0.1868068112,168.0655431,1.680655431,111.1979487,111.1979487
57.658,24102.9875,0.1866588108,167.8781676,1.678781676,111.0739747,111.0739747
57.785,24146.2625,0.1858797687,166.8918637,1.668918637,110.421402,110.421402
57.912,24161.275,0.1856098379,166.5501186,1.665501186,110.1952917,110.1952917
58.039,24134.5,0.1860913805,167.1597741,1.671597741,110.5986608,110.5986608
58.166,24154.7625,0.1857269147,166.6983433,1.666983433,110.2933623,110.2933623
58.293,24134.6125,0.1860893561,167.1572112,1.671572112,110.596965,110.596965
58.42,24159.4125,0.1856433173,166.5925051,1.665925051,110.2233361,110.2233361
58.547,24145.525,0.1858930336,166.9086576,1.669086576,110.4325135,110.4325135
58.674,24216.0125,0.1846270542,165.3058682,1.653058682,109.3720528,109.3720528
58.801,24195.7625,0.1849903734,165.7658474,1.657658474,109.6763909,109.6763909
58.928,24174.175,0.1853780246,166.2566321,1.662566321,110.0011109,110.0011109
59.055,24198.05,0.1849493166,165.7138675,1.657138675,109.6419992,109.6419992
59.182,24155.225,0.1857185992,166.6878155,1.666878155,110.2863967,110.2863967
59.309,24252.3125,0.1839765307,164.4822749,1.644822749,108.8271351,108.8271351
59.436,24260.025,0.1838384423,164.3074484,1.643074484,108.7114639,108.7114639
59.563,24287.975,0.1833383792,163.674345,1.63674345,108.2925809,108.2925809
59.69,24238.1375,0.1842304415,164.8037379,1.648037379,109.0398261,109.0398261
59.817,24235.3875,0.1842797183,164.8661246,1.648661246,109.0811033,109.0811033
59.944,24306.5875,0.1830056956,163.2531519,1.632531519,108.0139051,108.0139051
60.071,24261.9375,0.1838042067,164.2641046,1.642641046,108.6827861,108.6827861
60.198,24282.025,0.1834447844,163.8090591,1.638090591,108.3817124,108.3817124
60.325,24287.525,0.1833464257,163.6845323,1.636845323,108.2993212,108.2993212
60.452,24334.95,0.1824992281,162.6119403,1.626119403,107.5896573,107.5896573
60.579,24363.5875,0.1819884485,161.9652693,1.619652693,107.1617976,107.1617976
60.706,24346.5375,0.1822924806,162.3501882,1.623501882,107.4164732,107.4164732
60.833,24317.6625,0.1828078597,163.0026823,1.630026823,107.8481858,107.8481858
60.96,24314.2625,0.1828685853,163.0795638,1.630795638,107.8990532,107.8990532
61.087,24298.8625,0.1831437428,163.4279263,1.634279263,108.1295418,108.1295418
61.214,24313.5125,0.1828819817,163.0965244,1.630965244,107.9102749,107.9102749
61.341,24319.25,0.1827795091,162.9667892,1.629667892,107.8244376,107.8244376
61.468,24340.5125,0.1823999681,162.4862724,1.624862724,107.5065112,107.5065112
61.595,24310.6,0.1829340087,163.162393,1.63162393,107.9538558,107.9538558
61.722,24326.25,0.1826545207,162.808548,1.62808548,107.7197398,107.7197398
61.849,24354.3375,0.1821533662,162.1740628,1.621740628,107.2999426,107.2999426
61.976,24366.0125,0.1819452237,161.9105446,1.619105446,107.1255898,107.1255898
62.103,24341.65,0.1823796728,162.4605776,1.624605776,107.4895106,107.4895106
62.23,24407.375,0.1812086125,160.9779603,1.609779603,106.5085599,106.5085599
62.357,24420.3625,0.1809775799,160.6854621,1.606854621,106.3150331,106.3150331
62.484,24407.85,0.1812001607,160.9672598,1.609672598,106.5014801,106.5014801
62.611,24450.2,0.1804472704,160.0140653,1.600140653,105.8708138,105.8708138
62.738,24407.075,0.1812139507,160.9847186,1.609847186,106.5130315,106.5130315
62.865,24456.5625,0.1803342718,159.8710037,1.598710037,105.7761594,105.7761594
62.992,24522.45,0.1791658286,158.3916998,1.583916998,104.797401,104.797401
63.119,24462.975,0.1802204149,159.7268555,1.597268555,105.680786,105.680786
63.246,24427.775,0.1808457752,160.5185911,1.605185911,106.2046255,106.2046255
63.373,24463.175,0.1802168642,159.7223603,1.597223603,105.6778118,105.6778118
63.5,24470.675,0.1800837372,159.5538152,1.595538152,105.5662965,105.5662965
63.627,24457.625,0.1803154045,159.8471169,1.598471169,105.760355,105.760355
63.754,24442,0.1805929466,160.1984982,1.601984982,105.992841,105.992841
63.881,24481.4,0.1798934365,159.3128855,1.593128855,105.4068892,105.4068892
64.008,24484.8875,0.1798315734,159.234564,1.59234564,105.3550689,105.3550689
64.135,24508.975,0.1794045375,158.6939164,1.586939164,104.9973579,104.9973579
64.262,24532.2,0.1789931897,158.1731307,1.581731307,104.6527882,104.6527882
64.389,24529.9875,0.1790323594,158.2227215,1.582227215,104.6855991,104.6855991
64.516,24574.1,0.1782520651,157.2348321,1.572348321,104.0319775,104.0319775
64.643,24506.825,0.1794426368,158.7421519,1.587421519,105.0292722,105.0292722
64.77,24516.6125,0.1792692235,158.5226025,1.585226025,104.8840107,104.8840107
64.897,24484.825,0.179832682,159.2359675,1.592359675,105.3559975,105.3559975
65.024,24426.5875,0.1808668879,160.5453209,1.605453209,106.2223108,106.2223108
65.151,24487.475,0.1797856807,159.1764616,1.591764616,105.3166264,105.3166264
65.278,24539.2375,0.1788686224,158.0154227,1.580154227,104.5484431,104.5484431
65.405,24486.6375,0.1798005344,159.195267,1.59195267,105.3290687,105.3290687
65.532,24556.7125,0.1785594606,157.6240093,1.576240093,104.2894705,104.2894705
65.659,24551.225,0.1786565199,157.746891,1.57746891,104.3707733,104.3707733
65.786,24530.9125,0.179015983,158.2019881,1.582019881,104.6718812,104.6718812
65.913,24522.925,0.1791574164,158.3810495,1.583810495,104.7903544,104.7903544
66.04,24530.95,0.1790153191,158.2011476,1.582011476,104.6713251,104.6713251
66.167,24518.75,0.1792313609,158.4746666,1.584746666,104.8522947,104.8522947
66.294,24540.6625,0.1788434036,157.9834945,1.579834945,104.5273183,104.5273183
66.421,24509.3,0.1793987786,158.6866254,1.586866254,104.9925339,104.9925339
66.548,24473.6125,0.1800316069,159.4878158,1.594878158,105.5226291,105.5226291
66.675,24555.05,0.1785888635,157.6612348,1.576612348,104.3141002,104.3141002
66.802,24541.0875,0.1788358824,157.9739723,1.579739723,104.5210181,104.5210181
66.929,24490.4875,0.1797322562,159.1088237,1.591088237,105.2718748,105.2718748
67.056,24489.0875,0.1797570834,159.1402561,1.591402561,105.2926716,105.2926716
67.183,24529.0875,0.1790482939,158.2428953,1.582428953,104.6989468,104.6989468
67.31,24581,0.1781301395,157.0804686,1.570804686,103.9298453,103.9298453
67.437,24546.525,0.1787396677,157.8521599,1.578521599,104.4404228,104.4404228
67.564,24589.025,0.1779883778,156.9009916,1.569009916,103.8110972,103.8110972
67.691,24529.1375,0.1790474086,158.2417745,1.582417745,104.6982052,104.6982052
67.818,24585.525,0.1780501997,156.979261,1.56979261,103.8628829,103.8628829
67.945,24571.1875,0.1783035404,157.3000022,1.573000022,104.0750963,104.0750963
68.072,24592.6625,0.1779241366,156.8196592,1.568196592,103.7572848,103.7572848
68.199,24586.3875,0.1780349642,156.9599722,1.569599722,103.8501207,103.8501207
68.326,24577.725,0.1781880057,157.15373,1.5715373,103.9783175,103.9783175
68.453,24592.7125,0.1779232536,156.8185413,1.568185413,103.7565452,103.7565452
68.58,24565.4375,0.1784051832,157.4286868,1.574286868,104.1602385,104.1602385
68.707,24577.95,0.17818403,157.1486964,1.571486964,103.9749872,103.9749872
68.834,24576.5875,0.1782081061,157.179178,1.57179178,103.9951548,103.9951548
68.961,24605.6125,0.1776955061,156.5302022,1.565302022,103.5657701,103.5657701
69.088,24565.6125,0.1784020894,157.4247699,1.574247699,104.1576469,104.1576469
69.215,24622.3375,0.1774004064,156.1565922,1.561565922,103.3185768,103.3185768
69.342,24630.6875,0.1772531522,155.9701614,1.559701614,103.1952278,103.1952278
69.469,24628.625,0.1772895202,156.016205,1.56016205,103.2256919,103.2256919
69.596,24649.675,0.1769184888,155.5464617,1.555464617,102.9148935,102.9148935
69.723,24621.9625,0.1774070208,156.1649663,1.561649663,103.3241175,103.3241175
69.85,24643.675,0.1770242136,155.6803144,1.556803144,103.0034551,103.0034551
69.977,24652.3,0.1768722422,155.4879114,1.554879114,102.8761547,102.8761547
70.104,24653.85,0.176844937,155.4533418,1.554533418,102.8532822,102.8532822
70.231,24618.225,0.1774729497,156.2484354,1.562484354,103.3793435,103.3793435
70.358,24646.825,0.1769687049,155.6100377,1.556100377,102.9569576,102.9569576
70.485,24629.3875,0.1772760747,155.9991824,1.559991824,103.2144291,103.2144291
70.612,24628.3375,0.1772945899,156.0226235,1.560226235,103.2299386,103.2299386
70.739,24620.0625,0.1774405353,156.2073972,1.562073972,103.3521912,103.3521912
70.866,24661.625,0.1767079967,155.2799689,1.552799689,102.7385727,102.7385727
70.993,24627.9625,0.1773012027,156.0309956,1.560309956,103.2354778,103.2354778
71.12,24668.05,0.1765948663,155.1367405,1.551367405,102.6438079,102.6438079
71.247,24659.5875,0.1767438788,155.3253973,1.553253973,102.7686297,102.7686297
71.374,24648.4125,0.1769407329,155.5746239,1.555746239,102.9335266,102.9335266
71.501,24650.7125,0.1769002098,155.5233197,1.555233197,102.899582,102.899582
71.628,24675.2375,0.1764683449,154.9765584,1.549765584,102.5378259,102.5378259
71.755,24680.1625,0.1763816715,154.8668258,1.548668258,102.465223,102.465223
71.882,24662.55,0.1766917076,155.2593461,1.552593461,102.724928,102.724928
72.009,24739.725,0.1753348185,153.5414607,1.535414607,101.5883159,101.5883159
72.136,24727.6375,0.1755470609,153.8101695,1.538101695,101.7661028,101.7661028
72.263,24700.4375,0.1760250407,154.4153145,1.544153145,102.1664876,102.1664876
72.39,24671.6375,0.176531711,155.0567829,1.550567829,102.5909052,102.5909052
72.517,24665.675,0.1766366815,155.1896805,1.551896805,102.6788348,102.6788348
72.644,24696.3375,0.1760971348,154.506589,1.54506589,102.2268779,102.2268779
72.771,24693.65,0.176144398,154.5664265,1.545664265,102.2664685,102.2664685
72.898,24744.325,0.1752540751,153.4392358,1.534392358,101.5206803,101.5206803
73.025,24642.45,0.1770458023,155.7076467,1.557076467,103.0215391,103.0215391
73.152,24735.1125,0.1754157964,153.6439825,1.536439825,101.6561478,101.6561478
73.279,24692.9125,0.1761573689,154.5828482,1.545828482,102.2773336,102.2773336
73.406,24649.675,0.1769184888,155.5464617,1.555464617,102.9148935,102.9148935
73.533,24673.2625,0.1765031071,155.020569,1.55020569,102.5669448,102.5669448
73.66,24650.1625,0.1769098997,155.5355877,1.555355877,102.9076989,102.9076989
73.787,24683.1875,0.1763284441,154.7994375,1.547994375,102.4206366,102.4206366
73.914,24670.7875,0.1765466738,155.0757265,1.550757265,102.6034389,102.6034389
74.041,24715.75,0.1757558927,154.0745604,1.540745604,101.941033,101.941033
74.168,24670.5125,0.1765515148,155.0818555,1.550818555,102.607494,102.607494
74.295,24670.825,0.1765460137,155.0748908,1.550748908,102.6028859,102.6028859
74.422,24681.6625,0.1763552769,154.8334091,1.548334091,102.4431133,102.4431133
74.549,24687.65,0.1762499346,154.7000408,1.547000408,102.3548723,102.3548723
74.676,24691.775,0.1761773755,154.6081775,1.546081775,102.2940924,102.2940924
74.803,24640.975,0.1770717982,155.7405588,1.557405588,103.0433148,103.0433148
74.93,24613.5125,0.1775560917,156.3536971,1.563536971,103.4489882,103.4489882
75.057,24619.125,0.1774570729,156.2283347,1.562283347,103.3660441,103.3660441
75.184,24656.5625,0.1767971571,155.3928502,1.553928502,102.8132589,102.8132589
75.311,24627.1125,0.177316192,156.0499728,1.560499728,103.2480338,103.2480338
75.438,24633.95,0.1771956307,155.8973365,1.558973365,103.1470444,103.1470444
75.565,24660.3875,0.1767297898,155.3075599,1.553075599,102.7568279,102.7568279
75.692,24691.825,0.176176496,154.6070641,1.546070641,102.2933557,102.2933557
75.819,24690.775,0.1761949645,154.6304459,1.546304459,102.308826,102.308826
75.946,24673.1625,0.1765048673,155.0227975,1.550227975,102.5684193,102.5684193
76.073,24695.075,0.1761193369,154.5346979,1.545346979,102.2454757,102.2454757
76.2,24648.025,0.1769475605,155.583268,1.55583268,102.9392458,102.9392458
76.327,24648.65,0.1769365483,155.5693259,1.555693259,102.9300213,102.9300213
76.454,24687.6,0.1762508142,154.7011544,1.547011544,102.3556091,102.3556091
76.581,24691.3,0.1761857301,154.6187549,1.546187549,102.3010907,102.3010907
76.708,24680.7375,0.1763715534,154.8540158,1.548540158,102.4567475,102.4567475
76.835,24669.1375,0.1765757207,155.1125013,1.551125013,102.6277704,102.6277704
76.962,24473.95,0.1800256179,159.4802334,1.594802334,105.5176123,105.5176123
77.089,24664.075,0.176664854,155.2253482,1.552253482,102.7024338,102.7024338
77.216,24673,0.1765077276,155.0264188,1.550264188,102.5708152,102.5708152
77.343,24695.55,0.1761109835,154.5241221,1.545241221,102.2384784,102.2384784
77.47,24728.7375,0.1755277419,153.7857108,1.537857108,101.7499201,101.7499201
77.597,24670.15,0.1765578962,155.0899347,1.550899347,102.6128395,102.6128395
77.724,24703.7625,0.1759665829,154.3413042,1.543413042,102.1175198,102.1175198
77.851,24696.075,0.1761017509,154.5124333,1.545124333,102.2307447,102.2307447
77.978,24607.2375,0.1776668254,156.4938912,1.564938912,103.5417455,103.5417455
78.105,24644,0.1770184862,155.6730632,1.556730632,102.9986575,102.9986575
78.232,24676.7125,0.176442385,154.943692,1.54943692,102.5160804,102.5160804
78.359,24648.85,0.1769330244,155.5648646,1.555648646,102.9270695,102.9270695
78.486,24664.475,0.1766578107,155.2164311,1.552164311,102.6965339,102.6965339
78.613,24632.75,0.1772167872,155.9241216,1.559241216,103.1647663,103.1647663
78.74,24577.9625,0.1781838091,157.1484168,1.571484168,103.9748022,103.9748022
78.867,24600.0125,0.1777943586,156.6553541,1.566553541,103.6485749,103.6485749
78.994,24623.625,0.1773776978,156.127842,1.56127842,103.2995547,103.2995547
79.121,24654.4875,0.1768337072,155.4391243,1.554391243,102.8438754,102.8438754
79.248,24565.7375,0.1783998795,157.4219721,1.574219721,104.1557958,104.1557958
79.375,24651.675,0.1768832528,155.5018514,1.555018514,102.8853778,102.8853778
79.502,24687.85,0.1762464163,154.6955864,1.546955864,102.3519252,102.3519252
79.629,24680.475,0.1763761725,154.8598638,1.548598638,102.4606167,102.4606167
79.756,24693.1625,0.1761529719,154.5772814,1.545772814,102.2736505,102.2736505
79.883,24683.2125,0.1763280042,154.7988806,1.547988806,102.4202681,102.4202681
80.01,24677.6625,0.176425666,154.9225249,1.549225249,102.5020755,102.5020755
80.137,24625.3,0.1773481563,156.0904411,1.560904411,103.274809,103.274809
80.264,24638.95,0.1771074901,155.7857464,1.557857464,103.0732125,103.0732125
80.391,24623.95,0.1773719657,156.1205849,1.561205849,103.2947532,103.2947532
80.518,24587.0625,0.1780230411,156.944877,1.56944877,103.8401332,103.8401332
80.645,24595.6,0.1778722649,156.7539872,1.567539872,103.7138339,103.7138339
80.772,24644.175,0.1770154023,155.6691588,1.556691588,102.9960741,102.9960741
80.899,24622.9875,0.1773889417,156.1420773,1.561420773,103.3089733,103.3089733
81.026,24609.775,0.1776220432,156.4371948,1.564371948,103.5042332,103.5042332
81.153,24604,0.177723968,156.5662363,1.565662363,103.5896115,103.5896115
81.28,24621.875,0.1774085642,156.1669203,1.561669203,103.3254103,103.3254103
81.407,24627.35,0.1773120038,156.0446703,1.560446703,103.2445255,103.2445255
81.534,24592.625,0.1779247988,156.8204976,1.568204976,103.7578395,103.7578395
81.661,24598.175,0.1778267994,156.6964258,1.566964258,103.6757493,103.6757493
81.788,24659.8625,0.1767390356,155.3192657,1.553192657,102.7645728,102.7645728
81.915,24615.975,0.1775126442,156.2986905,1.562986905,103.412594,103.412594
82.042,24656.95,0.1767903318,155.3842091,1.553842091,102.8075416,102.8075416
82.169,24604.1875,0.1777206584,156.5620462,1.565620462,103.5868392,103.5868392
82.296,24533.975,0.1789617679,158.1333493,1.581333493,104.6264674,104.6264674
82.423,24560.625,0.1784902721,157.5364134,1.575364134,104.2315141,104.2315141
82.55,24596.3,0.1778599049,156.7383388,1.567383388,103.7034804,103.7034804
82.677,24581.2625,0.1781255017,157.074597,1.57074597,103.9259604,103.9259604
82.804,24636.6875,0.1771473715,155.8362381,1.558362381,103.1066196,103.1066196
82.931,24648.275,0.1769431556,155.5776911,1.555776911,102.935556,102.935556
83.058,24596.475,0.1778568149,156.7344268,1.567344268,103.7008921,103.7008921
83.185,24657.4,0.1767824059,155.3741744,1.553741744,102.8009023,102.8009023
83.312,24612.175,0.1775796919,156.3835761,1.563835761,103.4687572,103.4687572
83.439,24527.925,0.1790688768,158.2689541,1.582689541,104.7161882,104.7161882
83.566,24626.2875,0.177330741,156.0683925,1.560683925,103.2602209,103.2602209
83.693,24643.2375,0.1770319238,155.6900758,1.556900758,103.0099135,103.0099135
83.82,24633.9,0.1771965122,155.8984526,1.558984526,103.1477828,103.1477828
83.947,24604,0.177723968,156.5662363,1.565662363,103.5896115,103.5896115
84.074,24629.3625,0.1772765155,155.9997405,1.559997405,103.2147984,103.2147984
84.201,24633.025,0.1772119387,155.9179832,1.559179832,103.1607049,103.1607049
84.328,24597.4,0.1778404827,156.7137495,1.567137495,103.6872113,103.6872113
84.455,24634.6,0.1771841715,155.8828285,1.558828285,103.1374454,103.1374454
84.582,24637.4,0.1771348118,155.8203369,1.558203369,103.0960988,103.0960988
84.709,24652.925,0.1768612319,155.4739718,1.554739718,102.8669317,102.8669317
84.836,24635.725,0.1771643388,155.8577194,1.558577194,103.1208323,103.1208323
84.963,24595.6875,0.1778707199,156.7520311,1.567520311,103.7125397,103.7125397
85.09,24648.3375,0.1769420544,155.5762969,1.555762969,102.9346335,102.9346335
85.217,24633.4875,0.1772037847,155.9076598,1.559076598,103.1538746,103.1538746
85.344,24661.425,0.1767115187,155.2844279,1.552844279,102.741523,102.741523
85.471,24638.9125,0.1771081511,155.7865832,1.557865832,103.0737662,103.0737662
85.598,24703.275,0.1759751533,154.3521547,1.543521547,102.1246989,102.1246989
85.725,24646.575,0.1769731101,155.6156149,1.556156149,102.9606477,102.9606477
85.852,24585.9125,0.1780433547,156.9705949,1.569705949,103.8571491,103.8571491
85.979,24603.8125,0.1777272776,156.5704265,1.565704265,103.5923839,103.5923839
86.106,24629.825,0.1772683602,155.9894155,1.559894155,103.207967,103.207967
86.233,24645.175,0.17699778,155.6468482,1.556468482,102.9813127,102.9813127
86.36,24610.8625,0.1776028523,156.4128982,1.564128982,103.4881577,103.4881577
86.487,24600.225,0.177790607,156.6506045,1.566506045,103.6454324,103.6454324
86.614,24585.8375,0.1780446795,156.9722722,1.569722722,103.8582588,103.8582588
86.741,24608.975,0.1776361613,156.4550689,1.564550689,103.5160593,103.5160593
86.868,24531.675,0.1790024839,158.1848976,1.581848976,104.6605735,104.6605735
86.995,24593.5125,0.1779091263,156.8006554,1.568006554,103.7447113,103.7447113
87.122,24626.6625,0.1773241278,156.0600198,1.560600198,103.2546812,103.2546812
87.249,24590.3125,0.1779656384,156.8722025,1.568722025,103.7920493,103.7920493
87.376,24599.65,0.1778007583,156.6634565,1.566634565,103.6539357,103.6539357
87.503,24602.7625,0.1777458121,156.593892,1.56593892,103.6079095,103.6079095
87.63,24603.5625,0.1777316905,156.5760135,1.565760135,103.5960804,103.5960804
87.757,24597.575,0.1778373929,156.7098376,1.567098376,103.6846231,103.6846231
87.884,24604.45,0.1777160249,156.5561801,1.565561801,103.5829579,103.5829579
88.011,24596.9375,0.1778486487,156.724088,1.56724088,103.6940516,103.6940516
88.138,24602.4375,0.1777515491,156.6011554,1.566011554,103.6127152,103.6127152
88.265,24577.5,0.1781919816,157.1587636,1.571587636,103.9816479,103.9816479
88.392,24560.7625,0.1784878408,157.5333352,1.575333352,104.2294774,104.2294774
88.519,24635.5625,0.1771672034,155.8613462,1.558613462,103.123232,103.123232
88.646,24643.875,0.1770206891,155.6758521,1.556758521,103.0005027,103.0005027
88.773,24570.725,0.1783117151,157.3103518,1.573103518,104.0819439,104.0819439
88.9,24622.15,0.1774037136,156.1607792,1.561607792,103.3213471,103.3213471
89.027,24613.3625,0.1775587384,156.3570479,1.563570479,103.4512053,103.4512053
89.154,24607,0.1776710171,156.499198,1.56499198,103.5452567,103.5452567
89.281,24651.1875,0.1768918413,155.5127249,1.555127249,102.8925721,102.8925721
89.408,24623.8875,0.177373068,156.1219805,1.561219805,103.2956766,103.2956766
89.535,24581.0625,0.1781290353,157.0790706,1.570790706,103.9289203,103.9289203
89.662,24573.3375,0.1782655409,157.2518931,1.572518931,104.0432656,104.0432656
89.789,24640.7625,0.1770755435,155.7453005,1.557453005,103.0464521,103.0464521
89.916,24627.7,0.1773058317,156.0368561,1.560368561,103.2393554,103.2393554
90.043,24677.8375,0.1764225862,154.9186258,1.549186258,102.4994957,102.4994957
90.17,24725.5375,0.175583945,153.8568666,1.538568666,101.7969992,101.7969992
90.297,24689.2625,0.1762215691,154.6641287,1.546641287,102.3311117,102.3311117
90.424,24694.25,0.1761338458,154.5530668,1.545530668,102.2576293,102.2576293
90.551,24678.825,0.176405208,154.8966241,1.548966241,102.4849386,102.4849386
90.678,24710.7,0.1758446382,154.1869164,1.541869164,102.0153715,102.0153715
90.805,24671.85,0.1765279704,155.0520471,1.550520471,102.5877718,102.5877718
90.932,24682.325,0.1763436198,154.8186506,1.548186506,102.4333487,102.4333487
91.059,24663.675,0.1766718974,155.2342655,1.552342655,102.7083338,102.7083338
91.186,24637.7,0.1771295236,155.8136418,1.558136418,103.0916691,103.0916691
91.313,24693.8125,0.1761415401,154.5628082,1.545628082,102.2640745,102.2640745
91.44,24678.3875,0.1764129071,154.9063716,1.549063716,102.4913879,102.4913879
91.567,24688.2,0.1762402594,154.6877914,1.546877914,102.3467677,102.3467677
91.694,24511.275,0.1793637839,158.6423204,1.586423204,104.9632202,104.9632202
91.821,24636.7,0.1771471512,155.8359591,1.558359591,103.106435,103.106435
91.948,24611.925,0.1775841033,156.3891611,1.563891611,103.4724525,103.4724525
92.075,24608.35,0.1776471913,156.4690334,1.564690334,103.5252987,103.5252987
92.202,24632.9625,0.1772130406,155.9193783,1.559193783,103.161628,103.161628
92.329,24679.0625,0.1764010285,154.8913327,1.548913327,102.4814376,102.4814376
92.456,24696.925,0.1760868035,154.4935091,1.544935091,102.2182238,102.2182238
92.583,24680.7625,0.1763711135,154.8534589,1.548534589,102.456379,102.456379
92.71,24659.35,0.1767480616,155.3306929,1.553306929,102.7721335,102.7721335
92.837,24642.125,0.1770515301,155.7148983,1.557148983,103.026337,103.026337
92.964,24651.3875,0.1768883178,155.5082639,1.555082639,102.8896206,102.8896206
93.091,24682.5375,0.1763398808,154.8139169,1.548139169,102.4302167,102.4302167
93.218,24641.8375,0.177056597,155.7213133,1.557213133,103.0305814,103.0305814
93.345,24706.9875,0.1759098908,154.2695293,1.542695293,102.0700311,102.0700311
93.472,24723.7375,0.1756155624,153.8968957,1.538968957,101.8234839,101.8234839
93.599,24702.7,0.1759852622,154.364953,1.54364953,102.1331667,102.1331667
93.726,24741.1,0.1753106817,153.5109024,1.535109024,101.5680974,101.5680974
93.853,24711.25,0.1758349719,154.1746785,1.541746785,102.0072745,102.0072745
93.98,24693.925,0.1761395616,154.5603033,1.545603033,102.2624172,102.2624172
94.107,24723.075,0.1756272,153.9116294,1.539116294,101.8332322,101.8332322
94.234,24721.1625,0.175660797,153.9541648,1.539541648,101.8613751,101.8613751
94.361,24679.875,0.1763867306,154.8732309,1.548732309,102.4694609,102.4694609
94.488,24749.9625,0.1751551411,153.3139807,1.533139807,101.4378072,101.4378072
94.615,24719.275,0.1756939573,153.9961473,1.539961473,101.8891522,101.8891522
94.742,24719.85,0.1756838552,153.9833576,1.539833576,101.88069,101.88069
94.869,24733.875,0.1754375247,153.6714916,1.536714916,101.6743488,101.6743488
94.996,24713.625,0.1757932339,154.1218361,1.541218361,101.9723122,101.9723122
95.123,24741.7875,0.1752986138,153.4956238,1.534956238,101.5579886,101.5579886
95.25,24784.1375,0.1745558765,152.5552835,1.525552835,100.935827,100.935827
95.377,24724.775,0.1755973382,153.873823,1.53873823,101.8082182,101.8082182
95.504,24728,0.1755406943,153.8021091,1.538021091,101.7607698,101.7607698
95.631,24755.3375,0.1750608347,153.1945843,1.531945843,101.3588105,101.3588105
95.758,24766.5375,0.1748643923,152.945879,1.52945879,101.1942585,101.1942585
95.885,24773.775,0.1747374974,152.7852241,1.527852241,101.0879637,101.0879637
96.012,24779.775,0.1746323277,152.6520743,1.526520743,100.9998672,100.9998672
96.139,24761.95,0.174944844,153.0477347,1.530477347,101.2616497,101.2616497
96.266,24761.4625,0.1749533943,153.0585597,1.530585597,101.2688119,101.2688119
96.393,24778.4875,0.1746548932,152.6806433,1.526806433,101.0187694,101.0187694
96.52,24791.65,0.1744242543,152.3886436,1.523886436,100.8255723,100.8255723
96.647,24771.6875,0.1747740937,152.8315567,1.528315567,101.1186189,101.1186189
96.774,24827.975,0.1737883869,151.5836056,1.515836056,100.2929315,100.2929315
96.901,24780.3875,0.174621593,152.6384837,1.526384837,100.9908752,100.9908752
97.028,24775.2,0.1747125173,152.7535981,1.527535981,101.0670388,101.0670388
97.155,24787.425,0.1744982732,152.482355,1.52482355,100.887575,100.887575
97.282,24799.925,0.1742793189,152.2051486,1.522051486,100.7041657,100.7041657
97.409,24765.3375,0.1748854355,152.9725206,1.529725206,101.2118855,101.2118855
97.536,24791.2625,0.1744310425,152.3972378,1.523972378,100.8312585,100.8312585
97.663,24770.5375,0.1747942558,152.8570829,1.528570829,101.1355079,101.1355079
97.79,24785.1125,0.1745387918,152.5336535,1.525336535,100.9215159,100.9215159
97.917,24766.425,0.1748663651,152.9483766,1.529483766,101.195911,101.195911
98.044,24792,0.1744181231,152.3808812,1.523808812,100.8204365,100.8204365
98.171,24794,0.1743830895,152.336527,1.52336527,100.7910902,100.7910902
98.298,24791.8875,0.1744200938,152.3833763,1.523833763,100.8220873,100.8220873
98.425,24786.675,0.1745114139,152.4989918,1.524989918,100.8985825,100.8985825
98.552,24753.7625,0.1750884666,153.2295676,1.532295676,101.3819566,101.3819566
98.679,24769.175,0.1748181448,152.8873275,1.528873275,101.1555188,101.1555188
98.806,24779.6125,0.1746351757,152.65568,1.5265568,101.0022528,101.0022528
98.933,24781.7,0.1745985911,152.6093622,1.526093622,100.9716074,100.9716074
99.06,24744.675,0.1752479322,153.4314586,1.534314586,101.5155347,101.5155347
99.187,24793.6625,0.1743890012,152.3440115,1.523440115,100.7960422,100.7960422
99.314,24771.35,0.1747800107,152.839048,1.52839048,101.1235754,101.1235754
99.441,24765.875,0.1748760097,152.9605872,1.529605872,101.20399,101.20399
99.568,24760.725,0.1749663296,153.0749364,1.530749364,101.2796473,101.2796473
99.695,24784.3125,0.17455281,152.5514011,1.525514011,100.9332583,100.9332583
99.822,24762.9,0.1749281825,153.0266404,1.530266404,101.247693,101.247693
99.949,24764.3375,0.1749029722,152.994723,1.52994723,101.2265753,101.2265753
100.076,24775.825,0.1747015615,152.7397276,1.527397276,101.0578616,101.0578616
100.203,24764.375,0.1749023146,152.9938904,1.529938904,101.2260244,101.2260244
100.33,24788.425,0.1744807528,152.4601733,1.524601733,100.8728989,100.8728989
100.457,24801.45,0.174252614,152.171339,1.52171339,100.6817961,100.6817961
100.584,24789.5,0.1744619191,152.436329,1.52436329,100.8571227,100.8571227
100.711,24786.1,0.1745214888,152.5117471,1.525117471,100.9070218,100.9070218
100.838,24786.2,0.1745197366,152.5095287,1.525095287,100.9055541,100.9055541
100.965,24774.825,0.1747190909,152.7619206,1.527619206,101.0725452,101.0725452
101.092,24757.6375,0.1750204866,153.1435017,1.531435017,101.3250125,101.3250125
101.219,24767.5375,0.1748468571,152.9236786,1.529236786,101.17957,101.17957
101.346,24708.2125,0.1758883586,154.2422685,1.542422685,102.0519944,102.0519944
101.473,24769.6875,0.1748091589,152.8759509,1.528759509,101.1479916,101.1479916
101.6,24814.1625,0.1740300644,151.8895806,1.518895806,100.4953751,100.4953751
101.727,24810.6875,0.1740908877,151.9665858,1.519665858,100.5463244,100.5463244
101.854,24825.1,0.1738386798,151.6472787,1.516472787,100.3350598,100.3350598
101.981,24807.4875,0.1741469051,152.0375065,1.520375065,100.593248,100.593248
102.108,24791.0625,0.1744345461,152.4016735,1.524016735,100.8341934,100.8341934
102.235,24776.2,0.1746949882,152.7314055,1.527314055,101.0523554,101.0523554
102.362,24789.8875,0.1744551305,152.4277343,1.524277343,100.8514361,100.8514361
102.489,24766.3125,0.1748683378,152.9508742,1.529508742,101.1975635,101.1975635
102.616,24813.925,0.1740342211,151.8948432,1.518948432,100.498857,100.498857
102.743,24764.725,0.1748961766,152.9861195,1.529861195,101.2208829,101.2208829
102.87,24787.5375,0.1744963021,152.4798595,1.524798595,100.8859239,100.8859239
102.997,24799.975,0.1742784433,152.20404,1.5220404,100.7034323,100.7034323
103.124,24847.975,0.1734386849,151.1408664,1.511408664,100,100
103.251,24869.375,0.1730648153,150.6675299,1.506675299,99.68682429,99.68682429
103.378,24786.3125,0.1745177655,152.5070331,1.525070331,100.9039029,100.9039029
103.505,24777.6125,0.1746702297,152.70006,1.5270006,101.0316162,101.0316162
103.632,24807.95,0.1741388084,152.0272557,1.520272557,100.5864657,100.5864657
103.759,24874.8125,0.1729698705,150.5473253,1.505473253,99.60729279,99.60729279
103.886,24925.0125,0.1720943016,149.4529176,1.494529176,98.88319497,98.88319497
104.013,24881.7375,0.1728489823,150.3942752,1.503942752,99.50602956,99.50602956
104.14,24884.5,0.1728007674,150.3332328,1.503332328,99.46564181,99.46564181
104.267,24861.4625,0.1732030135,150.8424953,1.508424953,99.8025874,99.8025874
104.394,24816.8375,0.1739832494,151.8303106,1.518303106,100.45616,100.45616
104.521,24839.45,0.173587711,151.3295404,1.513295404,100.1248332,100.1248332
104.648,24864.5125,0.1731497376,150.7750455,1.507750455,99.75796029,99.75796029
104.775,24861.9875,0.1731938426,150.8308845,1.508308845,99.7949053,99.7949053
104.902,24865.375,0.173134673,150.7559731,1.507559731,99.74534132,99.74534132
105.029,24896.6,0.1725896445,150.0659414,1.500659414,99.2887926,99.2887926
105.156,24908.15,0.1723882139,149.8156726,1.498156726,99.1232062,99.1232062
105.283,24872.925,0.173002826,150.5890485,1.505890485,99.63489831,99.63489831
105.41,24900.8875,0.1725148601,149.9719831,1.499719831,99.22662656,99.22662656
105.537,24858.825,0.1732490893,150.9008294,1.509008294,99.8411833,99.8411833
105.664,24844.25,0.1735037956,151.2232996,1.512232996,100.0545406,100.0545406
105.791,24801.4625,0.1742523952,152.1710618,1.521710618,100.6816128,100.6816128
105.918,24878.6625,0.1729026578,150.4622308,1.504622308,99.55099134,99.55099134
106.045,24822.4375,0.1738852605,151.7062521,1.517062521,100.3740786,100.3740786
106.172,24823.7125,0.1738629536,151.6780105,1.516780105,100.355393,100.355393
106.299,24796.8875,0.1743325146,152.2724969,1.522724969,100.7487257,100.7487257
106.426,24796.35,0.1743419286,152.2844153,1.522844153,100.7566114,100.7566114
106.553,24821.5875,0.1739001324,151.7250806,1.517250806,100.3865362,100.3865362
106.68,24806.5,0.1741641932,152.0593941,1.520593941,100.6077295,100.6077295
106.807,24808.9,0.1741221778,152.0062005,1.520062005,100.5725349,100.5725349
106.934,24830.7375,0.1737400676,151.522431,1.51522431,100.2524563,100.2524563
107.061,24799.2375,0.1742913585,152.2203913,1.522203913,100.7142508,100.7142508
107.188,24794.05,0.1743822137,152.3354182,1.523354182,100.7903566,100.7903566
107.315,24813.6625,0.1740388154,151.9006598,1.519006598,100.5027055,100.5027055
107.442,24895.675,0.1726057805,150.0863702,1.500863702,99.30230903,99.30230903
107.569,24840.05,0.1735772207,151.3162592,1.513162592,100.1160459,100.1160459
107.696,24855.5375,0.1733065272,150.9735485,1.509735485,99.8892967,99.8892967
107.823,24885.4125,0.1727848423,150.3130709,1.503130709,99.45230204,99.45230204
107.95,24806.8375,0.1741582846,152.0519134,1.520519134,100.6027801,100.6027801
108.077,24854.1875,0.173330116,151.0034131,1.510034131,99.90905614,99.90905614
108.204,24804.2875,0.1742029298,152.1084364,1.521084364,100.6401776,100.6401776
108.331,24829.4875,0.1737619309,151.550111,1.51550111,100.2707703,100.2707703
108.458,24850.6875,0.1733912782,151.0808473,1.510808473,99.96028932,99.96028932
108.585,24850.1875,0.1734000164,151.0919103,1.510919103,99.96760894,99.96760894
108.712,24825.1625,0.1738375864,151.6458944,1.516458944,100.3341439,100.3341439
108.839,24871.8125,0.1730222513,150.6136418,1.506136418,99.65117009,99.65117009
108.966,24832.675,0.1737061816,151.4795298,1.514795298,100.2240714,100.2240714
109.093,24788.95,0.1744715548,152.4485283,1.524485283,100.8651941,100.8651941
109.22,24751.325,0.1751312336,153.2837126,1.532837126,101.4177808,101.4177808
109.347,24823.5625,0.1738655779,151.681333,1.51681333,100.3575913,100.3575913
109.474,24876.65,0.1729377904,150.5067104,1.505067104,99.58042056,99.58042056
109.601,24787.975,0.1744886369,152.470155,1.52470155,100.8795031,100.8795031
109.728,24797.9,0.174314782,152.2500465,1.522500465,100.7338718,100.7338718
109.855,24786.275,0.1745184225,152.507865,1.52507865,100.9044533,100.9044533
109.982,24818.525,0.1739537191,151.792924,1.51792924,100.4314237,100.4314237
110.109,24835.6,0.1736550298,151.4147692,1.514147692,100.1812235,100.1812235
110.236,24849.025,0.1734203333,151.1176324,1.511176324,99.98462761,99.98462761
110.363,24887.0625,0.1727560479,150.2766158,1.502766158,99.42818206,99.42818206
110.49,24857.5875,0.1732707095,150.9282016,1.509282016,99.85929368,99.85929368
110.617,24847.0375,0.1734550709,151.1616118,1.511616118,100.0137259,100.0137259
110.744,24783.75,0.1745626667,152.5638803,1.525638803,100.941515,100.941515
110.871,24835.2375,0.1736613688,151.4227947,1.514227947,100.1865335,100.1865335
110.998,24856.35,0.1732923308,150.9555752,1.509555752,99.87740497,99.87740497
111.125,24815.2625,0.1740108127,151.8652071,1.518652071,100.4792488,100.4792488
111.252,24869.55,0.1730617593,150.6636608,1.506636608,99.68426439,99.68426439
111.379,24857.2375,0.1732768245,150.9359435,1.509359435,99.86441597,99.86441597
111.506,24880.95,0.1728627279,150.4116777,1.504116777,99.51754364,99.51754364
111.633,24867.7,0.1730940669,150.7045637,1.507045637,99.71132715,99.71132715
111.76,24838.65,0.1736016984,151.3472492,1.513472492,100.13655,100.13655
111.887,24842.2875,0.1735381028,151.2667341,1.512667341,100.0832784,100.0832784
112.014,24833.95,0.173683884,151.4512999,1.514512999,100.2053935,100.2053935
112.141,24855.7625,0.1733025958,150.9685712,1.509685712,99.88600357,99.88600357
112.268,24799.25,0.1742911396,152.2201142,1.522201142,100.7140675,100.7140675
112.395,24846.25,0.1734688356,151.1790386,1.511790386,100.025256,100.025256
112.522,24836.575,0.1736379806,151.393184,1.51393184,100.166942,100.166942
112.649,24806.7875,0.1741591599,152.0530217,1.520530217,100.6035133,100.6035133
112.776,24824.9625,0.1738410852,151.6503241,1.516503241,100.3370748,100.3370748
112.903,24835.575,0.173655467,151.4153227,1.514153227,100.1815897,100.1815897
113.03,24803.825,0.1742110278,152.1186888,1.521186888,100.6469609,100.6469609
113.157,24785.8125,0.1745265263,152.5181248,1.525181248,100.9112416,100.9112416
113.284,24768.95,0.1748220899,152.8923222,1.528923222,101.1588234,101.1588234
113.411,24819.0125,0.1739451886,151.7821238,1.517821238,100.424278,100.424278
113.538,24846.7,0.17346097,151.1690804,1.511690804,100.0186673,100.0186673
113.665,24824.9,0.1738421786,151.6517084,1.516517084,100.3379906,100.3379906
113.792,24878.3375,0.1729083312,150.4694136,1.504694136,99.55574373,99.55574373
113.919,24797.725,0.1743178469,152.2539268,1.522539268,100.7364391,100.7364391
114.046,24785.5,0.174532002,152.5250572,1.525250572,100.9158283,100.9158283
114.173,24781.3,0.1746056011,152.6182372,1.526182372,100.9774794,100.9774794
114.3,24840.55,0.1735684789,151.3051917,1.513051917,100.1087233,100.1087233
114.427,24805.9625,0.1741736035,152.0713079,1.520713079,100.6156121,100.6156121
114.554,24768.9875,0.1748214324,152.8914897,1.528914897,101.1582727,101.1582727
114.681,24814.3125,0.1740274391,151.8862569,1.518862569,100.493176,100.493176
114.808,24798.6875,0.1743009905,152.2325858,1.522325858,100.7223191,100.7223191
114.935,24775.0125,0.1747158041,152.7577593,1.527577593,101.069792,101.069792
115.062,24836.15,0.1736454122,151.4025929,1.514025929,100.1731672,100.1731672
115.189,24811.45,0.1740775408,151.949688,1.51949688,100.5351442,100.5351442
115.316,24827.875,0.1737901361,151.5858202,1.515858202,100.2943968,100.2943968
115.443,24827.1875,0.1738021622,151.6010458,1.516010458,100.3044705,100.3044705
115.57,24857.2375,0.1732768245,150.9359435,1.509359435,99.86441597,99.86441597
115.697,24836.475,0.1736397292,151.3953979,1.513953979,100.1684068,100.1684068
115.824,24844.6125,0.1734974589,151.215277,1.51215277,100.0492326,100.0492326
115.951,24842.4,0.173536136,151.2642441,1.512642441,100.0816309,100.0816309
116.078,24860.775,0.1732150233,150.8577003,1.508577003,99.81264755,99.81264755
116.205,24828.75,0.1737748307,151.5664428,1.515664428,100.281576,100.281576
116.332,24831.45,0.173727606,151.5066541,1.515066541,100.2420177,100.2420177
116.459,24823.6375,0.1738642657,151.6796717,1.516796717,100.3564922,100.3564922
116.586,24841.3,0.1735553667,151.288591,1.51288591,100.0977397,100.0977397
116.713,24869.075,0.1730700543,150.6741627,1.506741627,99.69121274,99.69121274
116.84,24859.325,0.1732403542,150.8897704,1.508897704,99.83386622,99.83386622
116.967,24820.8125,0.1739136925,151.7422483,1.517422483,100.397895,100.397895
117.094,24586.5,0.178032977,156.9574563,1.569574563,103.8484561,103.8484561
117.221,24876.4125,0.1729419367,150.5119598,1.505119598,99.58389373,99.58389373
117.348,24836.775,0.1736344833,151.3887564,1.513887564,100.1640126,100.1640126
117.475,24862.9875,0.1731763747,150.8087693,1.508087693,99.78027316,99.78027316
117.602,24881.45,0.1728540005,150.4006284,1.504006284,99.51023307,99.51023307
117.729,24816.875,0.1739825931,151.8294798,1.518294798,100.4556103,100.4556103
117.856,24840.3875,0.17357132,151.3087886,1.513087886,100.1111031,100.1111031
117.983,24840.3875,0.17357132,151.3087886,1.513087886,100.1111031,100.1111031
118.11,24769.9875,0.1748038989,152.8692915,1.528692915,101.1435856,101.1435856
118.237,24773.4125,0.1747438522,152.7932696,1.527932696,101.0932869,101.0932869
118.364,24755.425,0.1750592997,153.1926409,1.531926409,101.3575246,101.3575246
118.491,24802.55,0.1742333525,152.146953,1.52146953,100.6656615,100.6656615
118.618,24750.675,0.1751426388,153.2981522,1.532981522,101.4273346,101.4273346
118.745,24782.6625,0.1745817238,152.5880074,1.525880074,100.9574783,100.9574783
118.872,24796.225,0.1743441179,152.2871871,1.522871871,100.7584453,100.7584453
118.999,24789.1375,0.1744682699,152.4443694,1.524443694,100.8624425,100.8624425
119.126,24813.7,0.1740381591,151.8998289,1.518998289,100.5021557,100.5021557
119.253,24788.3875,0.1744814098,152.4610051,1.524610051,100.8734492,100.8734492
119.38,24789.2625,0.17446608,152.4415969,1.524415969,100.8606081,100.8606081
119.507,24785.1,0.1745390109,152.5339308,1.525339308,100.9216994,100.9216994
119.634,24823.6,0.1738649218,151.6805023,1.516805023,100.3570417,100.3570417
119.761,24792.5625,0.1744082696,152.3684062,1.523684062,100.8121826,100.8121826
119.888,24776.2875,0.1746934545,152.7294637,1.527294637,101.0510707,101.0510707
120.015,24789.9875,0.1744533786,152.4255163,1.524255163,100.8499686,100.8499686
120.142,24819.3,0.1739401578,151.7757546,1.517757546,100.4200639,100.4200639
120.269,24809.725,0.1741077359,151.9879164,1.519879164,100.5604375,100.5604375
120.396,24790.7,0.1744408965,152.4097134,1.524097134,100.8395129,100.8395129
120.523,24825.225,0.173836493,151.6445101,1.516445101,100.333228,100.333228
120.65,24826.9,0.1738071914,151.6074129,1.516074129,100.3086833,100.3086833
120.777,24762.0875,0.1749424324,153.0446815,1.530446815,101.2596296,101.2596296
120.904,24781.05,0.1746099824,152.6237841,1.526237841,100.9811494,100.9811494
121.031,24781,0.1746108586,152.6248935,1.526248935,100.9818834,100.9818834
121.158,24803.0125,0.1742252542,152.1367001,1.521367001,100.6588779,100.6588779
121.285,24819.4875,0.1739368769,151.7716009,1.517716009,100.4173156,100.4173156
121.412,24784.1875,0.1745550003,152.5541742,1.525541742,100.9350931,100.9350931
121.539,24857.7125,0.1732685256,150.9254367,1.509254367,99.85746431,99.85746431
121.666,24875,0.1729665969,150.5431808,1.505431808,99.60455064,99.60455064
121.793,24800.4,0.1742710008,152.1946175,1.521946175,100.697198,100.697198
121.92,24802.85,0.1742280995,152.1403024,1.521403024,100.6612613,100.6612613
122.047,24793.1,0.1743988543,152.356486,1.52356486,100.8042958,100.8042958
122.174,24755.8625,0.1750516245,153.1829238,1.531829238,101.3510955,101.3510955
122.301,24759.0625,0.1749954902,153.1118551,1.531118551,101.304074,101.304074
122.428,24738.3375,0.1753591761,153.5722986,1.535722986,101.6087193,101.6087193
122.555,24729.0125,0.1755229123,153.7795962,1.537795962,101.7458745,101.7458745
122.682,24775.875,0.1747006851,152.738618,1.52738618,101.0571275,101.0571275
122.809,24779.4,0.1746389,152.6603952,1.526603952,101.0053726,101.0053726
122.936,24855.7,0.1733036879,150.9699538,1.509699538,99.88691833,99.88691833
123.063,24844.1375,0.1735057622,151.2257893,1.512257893,100.0561879,100.0561879
123.19,24871.675,0.1730246522,150.6166815,1.506166815,99.65318126,99.65318126
123.317,24849.4125,0.1734135609,151.1090582,1.511090582,99.97895463,99.97895463
123.444,24812.6,0.1740574119,151.9242039,1.519242039,100.5182831,100.5182831
123.571,24808.5,0.1741291801,152.0150658,1.520150658,100.5784004,100.5784004
123.698,24791.6375,0.1744244733,152.3889208,1.523889208,100.8257558,100.8257558
123.825,24731.0125,0.1754877894,153.735129,1.53735129,101.7164535,101.7164535
123.952,24758.575,0.1750040414,153.1226814,1.531226814,101.311237,101.311237
124.079,24781.0625,0.1746097633,152.6235067,1.526235067,100.9809659,100.9809659
124.206,24804.6375,0.1741968018,152.100678,1.52100678,100.6350444,100.6350444
124.333,24804.65,0.1741965829,152.1004009,1.521004009,100.6348611,100.6348611
124.46,24818.8625,0.1739478133,151.7854469,1.517854469,100.4264767,100.4264767
124.587,24809.6,0.1741099241,151.9906867,1.519906867,100.5622704,100.5622704
124.714,24767.8375,0.1748415967,152.9170187,1.529170187,101.1751635,101.1751635
124.841,24821.0125,0.1739101931,151.7378179,1.517378179,100.3949637,100.3949637
124.968,24781,0.1746108586,152.6248935,1.526248935,100.9818834,100.9818834
125.095,24847.15,0.1734531045,151.1591223,1.511591223,100.0120788,100.0120788
125.222,24771.325,0.174780449,152.8396029,1.528396029,101.1239425,101.1239425
125.349,24809.0875,0.1741188955,152.002045,1.52002045,100.5697854,100.5697854
125.476,24814.7625,0.1740195634,151.8762859,1.518762859,100.4865788,100.4865788
125.603,24769.775,0.1748076247,152.8740086,1.528740086,101.1467065,101.1467065
125.73,24789.225,0.174466737,152.4424286,1.524424286,100.8611584,100.8611584
125.857,24774.1625,0.1747307044,152.7766239,1.527766239,101.0822735,101.0822735
125.984,24773.35,0.1747449479,152.7946568,1.527946568,101.0942047,101.0942047
126.111,24775.8625,0.1747009042,152.7388954,1.527388954,101.057311,101.057311
126.238,24759.55,0.1749869391,153.1010291,1.531010291,101.2969111,101.2969111
126.365,24751.6625,0.1751253117,153.2762153,1.532762153,101.4128203,101.4128203
126.492,24781.325,0.174605163,152.6176825,1.526176825,100.9771124,100.9771124
126.619,24793.275,0.1743957888,152.352605,1.52352605,100.801728,100.801728
126.746,24739.8,0.1753335019,153.5397939,1.535397939,101.587213,101.587213
126.873,24745.85,0.1752273103,153.4053502,1.534053502,101.4982605,101.4982605
127,24760.7,0.1749667681,153.0754915,1.530754915,101.2800146,101.2800146
127.127,24778.5,0.1746546741,152.6803659,1.526803659,101.0185859,101.0185859
127.254,24796.9875,0.1743307632,152.2702795,1.522702795,100.7472586,100.7472586
127.381,24772.8625,0.1747534942,152.8054768,1.528054768,101.1013636,101.1013636
127.508,24792,0.1744181231,152.3808812,1.523808812,100.8204365,100.8204365
127.635,24795.025,0.1743651358,152.3137968,1.523137968,100.7760512,100.7760512
127.762,24792.2,0.1744146196,152.3764456,1.523764456,100.8175018,100.8175018
127.889,24806.35,0.1741668193,152.0627188,1.520627188,100.6099293,100.6099293
128.016,24747.9625,0.1751902371,153.3584138,1.533584138,101.4672057,101.4672057
128.143,24780.6,0.1746178688,152.6337687,1.526337687,100.9877556,100.9877556
128.27,24786.0875,0.1745217078,152.5120244,1.525120244,100.9072053,100.9072053
128.397,24748.75,0.1751764177,153.3409178,1.533409178,101.4556298,101.4556298
128.524,24758.75,0.1750009718,153.118795,1.53118795,101.3086657,101.3086657
128.651,24799.65,0.1742841347,152.2112456,1.522112456,100.7081997,100.7081997
128.778,24769.9375,0.1748047756,152.8704014,1.528704014,101.1443199,101.1443199
128.905,24789.925,0.1744544735,152.4269025,1.524269025,100.8508858,100.8508858
129.032,24787.0375,0.1745050625,152.4909506,1.524909506,100.8932622,100.8932622
129.159,24750.625,0.1751435162,153.299263,1.53299263,101.4280695,101.4280695
129.286,24812.0125,0.1740676951,151.9372228,1.519372228,100.5268968,100.5268968
129.413,24778.1875,0.1746601514,152.6873004,1.526873004,101.023174,101.023174
129.54,24772.6,0.1747580961,152.8113031,1.528113031,101.1052184,101.1052184
129.667,24770.575,0.1747935983,152.8562505,1.528562505,101.1349572,101.1349572
129.794,24747.2125,0.1752033988,153.3750772,1.533750772,101.4782308,101.4782308
129.921,24739.575,0.1753374517,153.5447945,1.535447945,101.5905216,101.5905216
130.048,24778.525,0.1746542359,152.6798112,1.526798112,101.0182188,101.0182188
130.175,24802.7,0.174230726,152.1436277,1.521436277,100.6634614,100.6634614
130.302,24855.2375,0.173311769,150.9801849,1.509801849,99.8936876,99.8936876
130.429,24766.8,0.1748597892,152.9400513,1.529400513,101.1904027,101.1904027
130.556,24756.1875,0.175045923,153.1757054,1.531757054,101.3463196,101.3463196
130.683,24816.9125,0.1739819369,151.8286489,1.518286489,100.4550606,100.4550606
130.81,24797.8125,0.1743163144,152.2519866,1.522519866,100.7351554,100.7351554
130.937,24820.8875,0.1739123802,151.7405869,1.517405869,100.3967957,100.3967957
131.064,24815.2625,0.1740108127,151.8652071,1.518652071,100.4792488,100.4792488
131.191,24831.8875,0.1737199543,151.4969667,1.514969667,100.2356082,100.2356082
131.318,24808.15,0.1741353072,152.022823,1.52022823,100.5835328,100.5835328
131.445,24777.975,0.1746638759,152.6920158,1.526920158,101.0262939,101.0262939
131.572,24727,0.1755582575,153.824345,1.53824345,101.7754818,101.7754818
131.699,24833.525,0.1736913164,151.4607097,1.514607097,100.2116194,100.2116194
131.826,24843.175,0.1735225877,151.2470913,1.512470913,100.0702821,100.0702821
131.953,24828.8375,0.1737733002,151.5645051,1.515645051,100.280294,100.280294
132.08,24831.3125,0.1737300108,151.5096987,1.515096987,100.2440322,100.2440322
132.207,24804.15,0.1742053373,152.1114844,1.521114844,100.6421943,100.6421943
132.334,24777.7875,0.1746671623,152.6961766,1.526961766,101.0290468,101.0290468
132.461,24824.625,0.1738469896,151.6577993,1.516577993,100.3420206,100.3420206
132.588,24833.025,0.1737000606,151.4717803,1.514717803,100.218944,100.218944
132.715,24850.4875,0.1733947735,151.0852725,1.510852725,99.96321715,99.96321715
132.842,24856.9375,0.173282066,150.9425795,1.509425795,99.86880657,99.86880657
132.969,24824.55,0.1738483017,151.6594605,1.516594605,100.3431197,100.3431197
133.096,24804.1875,0.1742046807,152.1106531,1.521106531,100.6416443,100.6416443
133.223,24883.5375,0.1728175656,150.3545002,1.503545002,99.47971305,99.47971305
133.35,24848.9125,0.1734222995,151.1201217,1.511201217,99.98627462,99.98627462
133.477,24878.225,0.1729102951,150.4719,1.504719,99.5573888,99.5573888
133.604,24901.8875,0.1724974196,149.9504574,1.499504574,99.21238444,99.21238444
133.731,24899.25,0.1725434206,150.0074197,1.500074197,99.25007263,99.25007263
133.858,24887.1125,0.1727551754,150.2755111,1.502755111,99.42745118,99.42745118
133.985,24918.75,0.1722034333,149.5876112,1.495876112,98.97231287,98.97231287
134.112,24891.2375,0.1726831977,150.184384,1.50184384,99.36715834,99.36715834
134.239,24938.8625,0.1718530456,149.1551526,1.491551526,98.68618337,98.68618337
134.366,24914.2375,0.1722820862,149.6846868,1.496846868,99.03654145,99.03654145
134.493,24903.95,0.1724614506,149.9060635,1.499060635,99.18301188,99.18301188
134.62,24919.4,0.172192105,149.5736294,1.495736294,98.96306207,98.96306207
134.747,24916.9375,0.1722350235,149.6266006,1.496266006,98.99810966,98.99810966
134.874,24957.6625,0.1715257788,148.7512305,1.487512305,98.41893467,98.41893467
135.001,24937.7375,0.1718726372,149.1793331,1.491793331,98.70218203,98.70218203
135.128,24952.6875,0.1716123587,148.8580899,1.488580899,98.48963647,98.48963647
135.255,24938.7625,0.171854787,149.1573019,1.491573019,98.68760544,98.68760544
135.382,24918.6125,0.1722058297,149.5905689,1.495905689,98.9742698,98.9742698
135.509,24968.5,0.1713372337,148.5185228,1.485185228,98.2649672,98.2649672
135.636,24974.2375,0.1712374489,148.3953654,1.483953654,98.18348207,98.18348207
135.763,24927.1125,0.1720577126,149.4077585,1.494077585,98.85331613,98.85331613
135.89,24894.5,0.1726262783,150.1123215,1.501123215,99.31947927,99.31947927
136.017,24880.975,0.1728622915,150.4111252,1.504111252,99.51717811,99.51717811
136.144,24887.5125,0.1727481952,150.2666739,1.502666739,99.42160416,99.42160416
136.271,24937.875,0.1718702426,149.1763776,1.491763776,98.7002266,98.7002266
136.398,24987.3875,0.1710088345,148.113203,1.48113203,97.99679371,97.99679371
136.525,24980.2125,0.1711335579,148.2671402,1.482671402,98.09864381,98.09864381
136.652,24964.8,0.1714015952,148.5979595,1.485979595,98.31752528,98.31752528
136.779,25032.425,0.1702267627,147.1479476,1.471479476,97.35814746,97.35814746
136.906,25033.6625,0.1702052935,147.1214497,1.471214497,97.34061553,97.34061553
137.033,24991.0875,0.1709445313,148.0338381,1.480338381,97.94428313,97.94428313
137.16,24977.0375,0.1711887605,148.3352728,1.483352728,98.1437227,98.1437227
137.287,25020.725,0.1704297967,147.3985379,1.473985379,97.52394668,97.52394668
137.414,25008.0125,0.1706505086,147.6709469,1.476709469,97.70418182,97.70418182
137.541,25033.025,0.1702163533,147.1350999,1.471350999,97.34964702,97.34964702
137.668,25029.1125,0.170284236,147.2188827,1.472188827,97.40508061,97.40508061
137.795,25069.4,0.1695857465,146.356787,1.46356787,96.83468836,96.83468836
137.922,25053.675,0.1698582469,146.6931149,1.466931149,97.05721448,97.05721448
138.049,25072.825,0.1695264169,146.2835607,1.462835607,96.78623934,96.78623934
138.176,25114.9875,0.16879672,145.3829479,1.453829479,96.19036289,96.19036289
138.303,25049.7625,0.1699260737,146.7768286,1.467768286,97.11260238,97.11260238
138.43,25117.35,0.168755869,145.3325284,1.453325284,96.15700363,96.15700363
138.557,25073.6625,0.1695119105,146.2656565,1.462656565,96.77439332,96.77439332
138.684,25070.1375,0.1695729704,146.3410184,1.463410184,96.82425535,96.82425535
138.811,25092.2,0.1691909459,145.8695127,1.458695127,96.51229096,96.51229096
138.938,25111.575,0.1688557338,145.4557844,1.454557844,96.23855403,96.23855403
139.065,25137.9875,0.1683991804,144.8922931,1.448922931,95.8657288,95.8657288
139.192,25177.625,0.1677149255,144.0477661,1.440477661,95.30696069,95.30696069
139.319,25164.0125,0.1679497941,144.3376476,1.443376476,95.49875627,95.49875627
139.446,25145.5875,0.1682678994,144.7302623,1.447302623,95.75852369,95.75852369
139.573,25161.95,0.1679853913,144.3815827,1.443815827,95.52782526,95.52782526
139.7,25173.525,0.1677856531,144.1350601,1.441350601,95.3647174,95.3647174
139.827,25195.2875,0.1674103679,143.6718724,1.436718724,95.05825646,95.05825646
139.954,25277.125,0.1660020102,141.9336369,1.419336369,93.90818003,93.90818003
140.081,25247.925,0.1665039949,142.5532008,1.425532008,94.31810482,94.31810482
140.208,25252.425,0.1664265964,142.4576734,1.424576734,94.25490058,94.25490058
140.335,25304.2875,0.1655355731,141.3579468,1.413579468,93.52728363,93.52728363
140.462,25319.375,0.1652767053,141.0384447,1.410384447,93.31589007,93.31589007
140.589,25342.725,0.1648763754,140.5443461,1.405443461,92.98897739,92.98897739
140.716,25370.375,0.1644027998,139.9598455,1.399598455,92.60225167,92.60225167
140.843,25368.2125,0.1644398194,140.0055362,1.400055362,92.6324822,92.6324822
140.97,25381.5625,0.1642113324,139.723531,1.39723531,92.44589787,92.44589787
141.097,25402.7375,0.1638491659,139.2765347,1.392765347,92.15014974,92.15014974
141.224,25364.9,0.1644965319,140.0755323,1.400755323,92.67879408,92.67879408
141.351,25430.875,0.1633683831,138.6831388,1.386831388,91.7575386,91.7575386
141.478,25409.9,0.1637267304,139.1254213,1.391254213,92.05016794,92.05016794
141.605,25431.975,0.1633495984,138.6599541,1.386599541,91.74219879,91.74219879
141.732,25444.6625,0.1631329916,138.3926118,1.383926118,91.56531595,91.56531595
141.859,25545.225,0.1614199541,136.2783318,1.362783318,90.16643549,90.16643549
141.986,25502.0875,0.1621539548,137.1842566,1.371842566,90.7658265,90.7658265
142.113,25567.75,0.1610371752,135.8058951,1.358058951,89.85385512,89.85385512
142.24,25606.35,0.160382009,134.9972702,1.349972702,89.31884105,89.31884105
142.367,25643.65,0.1597498456,134.217036,1.34217036,88.80261124,88.80261124
142.494,25658.9125,0.1594914406,133.8981051,1.338981051,88.59159559,88.59159559
142.621,25703.85,0.1587315082,132.9601748,1.329601748,87.97102859,87.97102859
142.748,25720.125,0.1584566114,132.6208893,1.326208893,87.74654562,87.74654562
142.875,25761.8625,0.1577524284,131.7517664,1.317517664,87.17150403,87.17150403
143.002,25831.7125,0.1565764879,130.3003869,1.303003869,86.21122137,86.21122137
143.129,25847.8875,0.1563046315,129.964854,1.29964854,85.98922126,85.98922126
143.256,25847.9375,0.1563037914,129.9638171,1.299638171,85.98853523,85.98853523
143.383,25922.875,0.1550465206,128.4120575,1.284120575,84.96183761,84.96183761
143.51,25964.4625,0.1543503498,127.5528234,1.275528234,84.39333881,84.39333881
143.637,26003.2625,0.1537018462,126.7524217,1.267524217,83.86376544,83.86376544
143.764,26078.0125,0.1524551972,125.2137717,1.252137717,82.84574166,82.84574166
143.891,26102.75,0.1520434224,124.7055475,1.247055475,82.50948302,82.50948302
144.018,26153.325,0.1512027756,123.6679971,1.236679971,81.823004,81.823004
144.145,26180.6625,0.1507490542,123.1080011,1.231080011,81.45249134,81.45249134
144.272,26218.8,0.1501168756,122.3277482,1.223277482,80.93624915,80.93624915
144.399,26334.6,0.1482029602,119.9655388,1.199655388,79.37333012,79.37333012
144.526,26406.625,0.1470167883,118.5015315,1.185015315,78.40469245,78.40469245
144.653,26445.15,0.1463836516,117.720096,1.17720096,77.88766788,77.88766788
144.78,26441.5875,0.1464421606,117.7923095,1.177923095,77.93544678,77.93544678
144.907,26524.4,0.1450841177,116.116174,1.16116174,76.82645785,76.82645785
145.034,26573.6875,0.1442778628,115.1210711,1.151210711,76.16806354,76.16806354
145.161,26654.2,0.1429640342,113.4995062,1.134995062,75.09518034,75.09518034
145.288,26647.35,0.1430756601,113.6372781,1.136372781,75.18633497,75.18633497
145.415,26751.8,0.1413766774,111.5403449,1.115403449,73.79893179,73.79893179
145.542,26819.7875,0.1402743538,110.1798255,1.101798255,72.89876534,72.89876534
145.669,26926.5,0.1385497804,108.0513075,1.080513075,71.49046453,71.49046453
145.796,27002.175,0.1373309388,106.5469782,1.065469782,70.4951485,70.4951485
145.923,27009.0625,0.1372201765,106.4102723,1.064102723,70.40469914,70.40469914
146.05,27119.1625,0.1354534129,104.229682,1.04229682,68.96194554,68.96194554
146.177,27200.0625,0.1341597844,102.6330485,1.026330485,67.9055579,67.9055579
146.304,27300.7625,0.1325549094,100.6522659,1.006522659,66.5950039,66.5950039
146.431,27419.4,0.1306717392,98.84582183,0.9884582183,65.39979834,65.39979834
146.558,27493.925,0.1294929427,97.84150247,0.9784150247,64.73530608,64.73530608
146.685,27562.4125,0.1284124582,96.92094365,0.9692094365,64.12623267,64.12623267
146.812,27699.8375,0.126252465,95.08065731,0.9508065731,62.90863589,62.90863589
146.939,27730.45,0.1257727691,94.67196259,0.9467196259,62.63822939,62.63822939
147.066,27829.95,0.1242172603,93.34668911,0.9334668911,61.76138284,61.76138284
147.193,27892.85,0.123236795,92.51134537,0.9251134537,61.20869066,61.20869066
147.32,27938.425,0.1225277668,91.90726246,0.9190726246,60.80900861,60.80900861
147.447,28039.45,0.1209601957,90.57171217,0.9057171217,59.92536257,59.92536257
147.574,28112.7375,0.1198265489,89.60585969,0.8960585969,59.28632132,59.28632132
147.701,28229.8125,0.1180216927,88.06814552,0.8806814552,58.26891669,58.26891669
147.828,28321.475,0.1166138184,86.86865477,0.8686865477,57.47529232,57.47529232
147.955,28413.4625,0.1152055257,85.66880758,0.8566880758,56.68143211,56.68143211
148.082,28524.4625,0.1135122168,84.22613022,0.8422613022,55.72690711,55.72690711
148.209,28611.7,0.1121860236,83.09623075,0.8309623075,54.97932673,54.97932673
148.336,28697.125,0.1108912969,81.99314029,0.8199314029,54.24948411,54.24948411
148.463,28839.875,0.1087363126,80.15712151,0.8015712151,53.03471088,53.03471088
148.59,28928.9,0.1073977661,79.01669714,0.7901669714,52.28016686,52.28016686
148.717,29064.6375,0.1053647756,77.28461548,0.7728461548,51.13416201,51.13416201
148.844,29161.875,0.1039142423,76.04877979,0.7604877979,50.31649058,50.31649058
148.971,29262.8125,0.1024136217,74.77027046,0.7477027046,49.47058479,49.47058479
149.098,29363.55,0.1009211265,73.49868378,0.7349868378,48.62925927,48.62925927
149.225,29418.0875,0.100115251,72.81208822,0.7281208822,48.17498401,48.17498401
149.352,29537.575,0.09835484896,71.31224843,0.7131224843,47.18263838,47.18263838
149.479,29682.8875,0.09622354026,69.49640092,0.6949640092,45.98121116,45.98121116
149.606,29790.625,0.09465007164,68.15582596,0.6815582596,45.09424062,45.09424062
149.733,29919.8125,0.09277081875,66.55472676,0.6655472676,44.03489827,44.03489827
149.86,30025.8,0.09123509888,65.24631324,0.6524631324,43.16920685,43.16920685
149.987,30143.9125,0.08953006587,63.79364712,0.6379364712,42.20807294,42.20807294
150.114,30224.25,0.08837415348,62.80882468,0.6280882468,41.55648051,41.55648051
150.241,30330.5875,0.08684886371,61.50929749,0.6150929749,40.69666858,40.69666858
150.368,30387.7625,0.08603096289,60.81245654,0.6081245654,40.23561462,40.23561462
150.495,30502.1375,0.08439941185,59.42239611,0.5942239611,39.31590279,39.31590279
150.622,30619.325,0.08273407385,58.00354962,0.5800354962,38.37714512,38.37714512
150.749,30720.9625,0.08129486815,56.77736494,0.5677736494,37.56585912,37.56585912
150.876,30885.9125,0.07896924959,54.79596794,0.5479596794,36.25489866,36.25489866
151.003,30920.6375,0.07848124702,54.38019605,0.5438019605,35.97980966,35.97980966
151.13,30962.175,0.07789822537,53.88346913,0.5388346913,35.65115803,35.65115803
151.257,31173.65,0.07494203125,51.36482989,0.5136482989,33.98473961,33.98473961
151.384,31262.675,0.07370355053,50.30966029,0.5030966029,33.28660309,33.28660309
151.511,31356.725,0.07239898911,49.35839674,0.4935839674,32.65721437,32.65721437
151.638,31400.6,0.07179173973,48.94440124,0.4894440124,32.3833007,32.3833007
151.765,31583.3625,0.06927132136,47.22609258,0.4722609258,31.24640854,31.24640854
151.892,31629.1375,0.06864233711,46.79727921,0.4679727921,30.96269085,30.96269085
152.019,31745.525,0.06704717261,45.70976732,0.4570976732,30.24315555,30.24315555
152.146,31840.1125,0.06575509279,44.82888501,0.4482888501,29.66033349,29.66033349
152.273,31925.2375,0.06459554957,44.03836024,0.4403836024,29.13729509,29.13729509
152.4,32044.925,0.06297042687,42.93042418,0.4293042418,28.40424645,28.40424645
152.527,32053.0125,0.06286083343,42.85570827,0.4285570827,28.35481183,28.35481183
152.654,32161.925,0.06138765149,41.85135862,0.4185135862,27.69029954,27.69029954
152.781,32244.1625,0.06027858515,41.09524674,0.4109524674,27.19002988,27.19002988
152.908,32311.025,0.05937895102,40.48191637,0.4048191637,26.7842294,26.7842294
153.035,32330.2125,0.05912112719,40.3061436,0.403061436,26.66793208,26.66793208
153.162,32474.575,0.05718621024,38.98700366,0.3898700366,25.79514369,25.79514369
153.289,32545.8375,0.05623423465,38.33798922,0.3833798922,25.3657334,25.3657334
153.416,32548.925,0.05619303673,38.30990232,0.3830990232,25.34715014,25.34715014
153.543,32681.3875,0.05442919996,37.1073972,0.371073972,24.55153136,24.55153136
153.67,32817.525,0.05262386159,35.87659814,0.3587659814,23.73719233,23.73719233
153.797,32885.0875,0.05173068458,35.26766996,0.3526766996,23.33430448,23.33430448
153.924,32984.925,0.05041418541,34.37013963,0.3437013963,22.74046752,22.74046752
154.051,33109.875,0.04877214518,33.25066995,0.3325066995,21.99978784,21.99978784
154.178,33100.925,0.04888955611,33.33071548,0.3333071548,22.05274872,22.05274872
154.305,33194.9125,0.04765815813,32.49120334,0.3249120334,21.49729859,21.49729859
154.432,33233.15,0.04715817856,32.15033961,0.3215033961,21.27177141,21.27177141
154.559,33342.65,0.04572957271,31.17637995,0.3117637995,20.62736618,20.62736618
154.686,33462.1125,0.04417633136,30.11744938,0.3011744938,19.92674126,19.92674126
154.813,33539.6625,0.04317099823,29.43205816,0.2943205816,19.47326283,19.47326283
154.94,33564.1875,0.04285354781,29.21563465,0.2921563465,19.33006959,19.33006959
155.067,33606.4875,0.04230656331,28.84272505,0.2884272505,19.08333976,19.08333976
155.194,33681.3375,0.04134035716,28.18400885,0.2818400885,18.64751045,18.64751045
155.321,33689.975,0.04122899763,28.1080889,0.281080889,18.5972792,18.5972792
155.448,33737.4875,0.04061694969,27.69082195,0.2769082195,18.32120102,18.32120102
155.575,33803.8875,0.03976303865,27.10866355,0.2710866355,17.93602498,17.93602498
155.702,33839.025,0.03931184507,26.80105992,0.2680105992,17.73250383,17.73250383
155.829,33849.175,0.03918159817,26.71226341,0.2671226341,17.673753,17.673753
155.956,33926.625,0.0381890279,26.03557333,0.2603557333,17.22603155,17.22603155
156.083,33980.3,0.03750247756,25.56751398,0.2556751398,16.91634737,16.91634737
156.21,34029.625,0.03687252306,25.13803914,0.2513803914,16.63219204,16.63219204
156.337,34121.5875,0.03570045791,24.33897748,0.2433897748,16.10350533,16.10350533
156.464,34141.0625,0.03545265372,24.17003565,0.2417003565,15.99172761,15.99172761
156.591,34197.2875,0.03473802679,23.68283493,0.2368283493,15.66937884,15.66937884
156.718,34221.325,0.03443286556,23.47478964,0.2347478964,15.53172891,15.53172891
156.845,34239.525,0.0342019552,23.31736527,0.2331736527,15.42757153,15.42757153
156.972,34293.65,0.0335159752,22.84969474,0.2284969474,15.11814461,15.11814461
157.099,34255.025,0.03400539753,23.18336103,0.2318336103,15.33890971,15.33890971
157.226,34311.1375,0.0332945701,22.69875064,0.2269875064,15.01827479,15.01827479
157.353,34392.675,0.03226373057,21.99597029,0.2199597029,14.55329112,14.55329112
157.48,34382.5,0.03239223468,22.08357865,0.2208357865,14.61125583,14.61125583
157.607,34408.725,0.03206110601,21.85782992,0.2185782992,14.4618927,14.4618927
157.734,34451.35,0.03152344163,21.49127437,0.2149127437,14.21936693,14.21936693
157.861,34491.2125,0.03102122457,21.1488852,0.211488852,13.99283047,13.99283047
157.988,34475.9125,0.03121391654,21.28025398,0.2128025398,14.07974858,14.07974858
158.115,34491.2625,0.031020595,21.14845599,0.2114845599,13.99254649,13.99254649
158.242,34510.8375,0.03077418758,20.98046642,0.2098046642,13.8813988,13.8813988
158.369,34562.3625,0.03012626545,20.53874205,0.2053874205,13.58913876,13.58913876
158.496,34583.0375,0.02986655074,20.36168017,0.2036168017,13.47198852,13.47198852
158.623,34545.45,0.03033883203,20.68366045,0.2068366045,13.68502176,13.68502176
158.75,34655.825,0.02895344443,19.73916507,0.1973916507,13.0601111,13.0601111
158.877,34724.5875,0.02809259097,19.15227364,0.1915227364,12.67180353,12.67180353
159.004,34800.2125,0.02714779046,18.50815085,0.1850815085,12.24562972,12.24562972
159.131,34794.5375,0.02721861825,18.55643808,0.1855643808,12.27757821,12.27757821
159.258,34809.0875,0.02703704768,18.43265138,0.1843265138,12.19567667,12.19567667
159.385,34844.9375,0.02658999646,18.12787182,0.1812787182,11.99402402,11.99402402
159.512,34808.15,0.02704874453,18.44062576,0.1844062576,12.2009528,12.2009528
159.639,34811.225,0.02701038005,18.41447058,0.1841447058,12.18364762,12.18364762
159.766,34846.9625,0.02656475834,18.1106656,0.181106656,11.98263979,11.98263979
159.893,34883.85,0.02610527598,17.79741105,0.1779741105,11.7753798,11.7753798
160.02,34825.8125,0.02682842886,18.29042438,0.1829042438,12.10157439,12.10157439
160.147,34926.6125,0.02557322048,17.43467938,0.1743467938,11.53538404,11.53538404
160.274,35008.375,0.02455773396,16.74236603,0.1674236603,11.07732569,11.07732569
160.401,35030.6125,0.02428195544,16.55435256,0.1655435256,10.95292951,10.95292951
160.528,35032.15,0.0242628946,16.54135772,0.1654135772,10.94433168,10.94433168
160.655,34998.75,0.02467715278,16.82378045,0.1682378045,11.13119228,11.13119228
160.782,34946.2875,0.02532864085,17.26793591,0.1726793591,11.42506082,11.42506082
160.909,35054.8125,0.02398203783,16.34988212,0.1634988212,10.81764483,10.81764483
161.036,35071.1875,0.02377921513,16.21160667,0.1621160667,10.72615703,10.72615703
161.163,35114.925,0.02323794117,15.84259026,0.1584259026,10.48200307,10.48200307
161.29,35102.3625,0.0233933395,15.9485339,0.159485339,10.55209903,10.55209903
161.417,35085.125,0.02360665818,16.09396505,0.1609396505,10.64832129,10.64832129
161.544,35060.4875,0.02391173588,16.30195339,0.1630195339,10.78593353,10.78593353
161.671,35087.825,0.02357323804,16.07118069,0.1607118069,10.63324637,10.63324637
161.798,35164.8625,0.02262076275,15.42182558,0.1542182558,10.20361068,10.20361068
161.925,35092.6625,0.02351336671,16.03036309,0.1603036309,10.60624004,10.60624004
162.052,35173.7625,0.02251085952,15.34689847,0.1534689847,10.15403632,10.15403632
162.179,35140.1375,0.02292622983,15.63007939,0.1563007939,10.34139857,10.34139857
162.306,35135.5125,0.02298339364,15.66905112,0.1566905112,10.36718361,10.36718361
162.433,35198.55,0.0222049132,15.13831794,0.1513831794,10.01603226,10.01603226
162.56,35264.75,0.02138887696,14.58198088,0.1458198088,9.647940514,9.647940514
162.687,35211.3875,0.02204654762,15.03035135,0.1503035135,9.944597854,9.944597854
162.814,35209.175,0.02207383728,15.04895622,0.1504895622,9.956907476,9.956907476
162.941,35209.875,0.02206520307,15.04306981,0.1504306981,9.953012823,9.953012823
163.068,35195.0125,0.02224856256,15.16807612,0.1516807612,10.0357213,10.0357213
163.195,35214.9125,0.02200307272,15.00071211,0.1500071211,9.924987511,9.924987511
163.322,35274.5125,0.0212686659,14.50002635,0.1450002635,9.593716573,9.593716573
163.449,35262.4375,0.02141735693,14.60139725,0.1460139725,9.660787052,9.660787052
163.576,35262.05,0.02142212943,14.60465093,0.1460465093,9.662939798,9.662939798
163.703,35266.3875,0.0213687112,14.56823276,0.1456823276,9.638844285,9.638844285
163.83,35267.875,0.02135039349,14.55574457,0.1455574457,9.630581665,9.630581665
163.957,35280.5875,0.02119387785,14.4490392,0.144490392,9.559981721,9.559981721
164.084,35314.825,0.02077262786,14.16184977,0.1416184977,9.369967309,9.369967309
164.211,35319,0.0207212876,14.12684828,0.1412684828,9.346809115,9.346809115
164.338,35332.625,0.02055378226,14.01265061,0.1401265061,9.271252011,9.271252011
164.465,35259.075,0.02145877167,14.62963197,0.1462963197,9.679468116,9.679468116
164.592,35287.725,0.02110602605,14.38914576,0.1438914576,9.520354161,9.520354161
164.719,35312.325,0.02080337344,14.18281073,0.1418281073,9.383835802,9.383835802
164.846,35270.925,0.0213128369,14.53014017,0.1453014017,9.613640912,9.613640912
164.973,35297.6625,0.02098374007,14.30577665,0.1430577665,9.465194284,9.465194284
165.1,35277.5625,0.02123111638,14.47442676,0.1447442676,9.576779007,9.576779007
165.227,35323.925,0.02066073234,14.0855644,0.140855644,9.319494284,9.319494284
165.354,35305.175,0.0208913178,14.24276727,0.1424276727,9.423505112,9.423505112
165.481,35273.8625,0.02127666868,14.50548228,0.1450548228,9.597326407,9.597326407
165.608,35269.2625,0.02133330792,14.54409639,0.1454409639,9.622874829,9.622874829
165.735,35265.325,0.02138179575,14.57715322,0.1457715322,9.64474637,9.64474637
165.862,35314.8375,0.02077247414,14.16174497,0.1416174497,9.369897969,9.369897969
165.989,35306.2125,0.02087855554,14.23406653,0.1423406653,9.417748403,9.417748403
166.116,35212.4375,0.02203359719,15.02152233,0.1502152233,9.93875627,9.93875627
166.243,35307.3875,0.02086410235,14.22421299,0.1422421299,9.41122896,9.41122896
166.37,35233.35,0.02177574832,14.84573249,0.1484573249,9.822447656,9.822447656
166.497,35260.3875,0.0214426056,14.61861066,0.1461861066,9.672176039,9.672176039
166.624,35277.2,0.02123557906,14.47746922,0.1447746922,9.578792002,9.578792002
166.751,35291.9125,0.02105449254,14.35401252,0.1435401252,9.497108797,9.497108797
166.878,35312.2625,0.02080414211,14.18333477,0.1418333477,9.384182527,9.384182527
167.005,35231.35,0.02180040148,14.86253991,0.1486253991,9.833568028,9.833568028
167.132,35259.1625,0.02145769392,14.62889721,0.1462889721,9.678981969,9.678981969
167.259,35347.7875,0.02036745086,13.88561819,0.1388561819,9.187202984,9.187202984
167.386,35320.2,0.02070653224,14.11678873,0.1411678873,9.340153374,9.340153374
167.513,35275.1,0.02126143275,14.49509511,0.1449509511,9.590453895,9.590453895
167.64,35272.7875,0.02128990436,14.51450578,0.1451450578,9.603296664,9.603296664
167.767,35305.15,0.02089162533,14.24297693,0.1424297693,9.42364383,9.42364383
167.894,35371.4375,0.02007697638,13.68758567,0.1368758567,9.056177851,9.056177851
168.021,35320.55,0.02070222869,14.11385476,0.1411385476,9.338212158,9.338212158
168.148,35396.25,0.01977243252,13.47996127,0.1347996127,8.918806402,8.918806402
168.275,35336.425,0.02050707669,13.98080884,0.1398080884,9.2501844,9.2501844
168.402,35381.175,0.01995743472,13.6060875,0.136060875,9.002255858,9.002255858
168.529,35383,0.01993503391,13.59081563,0.1359081563,8.992151462,8.992151462
168.656,35217.8875,0.02196638453,14.97569974,0.1497569974,9.908438465,9.908438465
168.783,35309.7625,0.02083488991,14.20429726,0.1420429726,9.398052026,9.398052026
168.91,35232.175,0.02179023188,14.85560674,0.1485560674,9.828980798,9.828980798
169.037,35337.0125,0.02049985621,13.97588625,0.1397588625,9.246927439,9.246927439
169.164,35302.9625,0.02091853496,14.26132272,0.1426132272,9.435782033,9.435782033
169.291,35282.5125,0.02117018227,14.43288461,0.1443288461,9.549293288,9.549293288
169.418,35361.225,0.02020238471,13.77308346,0.1377308346,9.112746135,9.112746135
169.545,35315.5,0.02076432693,14.15619057,0.1415619057,9.366222984,9.366222984
169.672,35204.2375,0.02213474411,15.09047978,0.1509047978,9.984380892,9.984380892
169.799,35345.7875,0.02039202421,13.9023712,0.139023712,9.198287354,9.198287354
169.926,35207.0125,0.02210051188,15.06714178,0.1506714178,9.968939662,9.968939662
170.053,35278.9625,0.02121388163,14.46267688,0.1446267688,9.569004877,9.569004877
170.18,35281.7375,0.0211797219,14.4393883,0.144393883,9.553596353,9.553596353
170.307,35331.0125,0.02057360291,14.02616345,0.1402616345,9.28019257,9.28019257
170.434,35222.65,0.02190765904,14.93566333,0.1493566333,9.881948995,9.881948995
170.561,35272.175,0.0212974458,14.5196472,0.145196472,9.606698403,9.606698403
170.688,35200.7125,0.02217823219,15.12012801,0.1512012801,10.00399718,10.00399718
170.815,35179.9125,0.0224349314,15.29513407,0.1529513407,10.11978721,10.11978721
170.942,35172.5625,0.02252567631,15.35699989,0.1535699989,10.16071977,10.16071977
171.069,35243.95,0.0216451099,14.75666905,0.1475666905,9.763520219,9.763520219
171.196,35278.125,0.02122419162,14.46970577,0.1446970577,9.573655436,9.573655436
171.323,35300.15,0.02095313551,14.28491182,0.1428491182,9.4513894,9.4513894
171.45,35276.7625,0.02124096512,14.48114119,0.1448114119,9.581221506,9.581221506
171.577,35215.4,0.02199706058,14.9966133,0.149966133,9.922275596,9.922275596
171.704,35197.45,0.02221848568,15.14757104,0.1514757104,10.02215443,10.02215443
171.831,35246.15,0.02161800119,14.73818754,0.1473818754,9.751292217,9.751292217
171.958,35244.525,0.0216380245,14.75183854,0.1475183854,9.76032419,9.76032419
172.085,35311.1,0.02081843957,14.19308214,0.1419308214,9.390631722,9.390631722
172.212,35196.1875,0.0222340637,15.15819144,0.1515819144,10.02918126,10.02918126
172.339,35205.225,0.02212256206,15.08217461,0.1508217461,9.9788859,9.9788859
172.466,35277.9,0.02122696151,14.47159416,0.1447159416,9.574904858,9.574904858
172.593,35251.825,0.02154808085,14.69051898,0.1469051898,9.719753054,9.719753054
