x_mm,intensity,net_od,dose_cgy,dose_gy,normalized_percent,smoothed_percent
0,34487.4,0.03106923214,21.18161462,0.2118161462,13.69380461,13.69380461
0.127,34515.15,0.0307199212,20.94347003,0.2094347003,13.53984536,13.53984536
0.254,34519.25,0.03066833511,20.90830094,0.2090830094,13.51710872,13.51710872
0.381,34484.7375,0.03110276188,21.2044737,0.212044737,13.70858289,13.70858289
0.508,34495.375,0.03096881581,21.11315525,0.2111315525,13.64954598,13.64954598
0.635,34438.2375,0.03168876956,21.60398756,0.2160398756,13.96686654,13.96686654
0.762,34359.3625,0.03268458896,22.28289275,0.2228289275,14.40577524,14.40577524
0.889,34403.5625,0.03212627011,21.90225589,0.2190225589,14.15969547,14.15969547
1.016,34375.575,0.032479715,22.14321883,0.2214321883,14.31547677,14.31547677
1.143,34434.8,0.03173212143,21.63354293,0.2163354293,13.98597393,13.98597393
1.27,34400.1,0.03216998129,21.93205622,0.2193205622,14.17896123,14.17896123
1.397,34422.4375,0.03188806627,21.73985916,0.2173985916,14.05470682,14.05470682
1.524,34434.65,0.03173401324,21.63483268,0.2163483268,13.98680775,13.98680775
1.651,34412.7625,0.03201014914,21.8230898,0.218230898,14.108515,14.108515
1.778,34461.675,0.03139330395,21.40255231,0.2140255231,13.83663969,13.83663969
1.905,34488.525,0.03105506542,21.17195638,0.2117195638,13.68756061,13.68756061
2.032,34467.6875,0.03131753956,21.35089953,0.2135089953,13.80324643,13.80324643
2.159,34497.275,0.03094489559,21.09684752,0.2109684752,13.63900311,13.63900311
2.286,34470.35,0.03128399323,21.32802914,0.2132802914,13.78846084,13.78846084
2.413,34469.5625,0.03129391512,21.33479344,0.2133479344,13.79283393,13.79283393
2.54,34450.2875,0.03153683574,21.50040587,0.2150040587,13.89990151,13.89990151
2.667,34437.3125,0.03170043473,21.61194035,0.2161194035,13.97200798,13.97200798
2.794,34525.375,0.03059128194,20.85576953,0.2085576953,13.48314744,13.48314744
2.921,34459,0.03142701627,21.42553586,0.2142553586,13.85149843,13.85149843
3.048,34400.9625,0.03215909253,21.92463275,0.2192463275,14.174162,14.174162
3.175,34473.9625,0.03123848147,21.29700125,0.2129700125,13.76840147,13.76840147
3.302,34443.1125,0.03162729616,21.56207774,0.2156207774,13.93977205,13.93977205
3.429,34512.4,0.03075452506,20.9670614,0.209670614,13.55509706,13.55509706
3.556,34430.45,0.03178698745,21.67094813,0.2167094813,14.0101562,14.0101562
3.683,34465.0875,0.03135030092,21.37323476,0.2137323476,13.81768604,13.81768604
3.81,34521.925,0.03063468164,20.8853575,0.208853575,13.50227591,13.50227591
3.937,34511.6,0.03076459216,20.97392469,0.2097392469,13.55953414,13.55953414
4.064,34573.975,0.02998037271,20.4392789,0.204392789,13.2138884,13.2138884
4.191,34524.7375,0.03059930112,20.86123665,0.2086123665,13.4866819,13.4866819
4.318,34535.6375,0.0304622092,20.7677735,0.207677735,13.42625846,13.42625846
4.445,34555.525,0.03021219078,20.5973221,0.205973221,13.31606251,13.31606251
4.572,34544.7875,0.03034716085,20.68933867,0.2068933867,13.37555075,13.37555075
4.699,34553.8125,0.03023371404,20.6119957,0.206119957,13.32554892,13.32554892
4.826,34588.2875,0.02980062614,20.31673572,0.2031673572,13.13466486,13.13466486
4.953,34584.675,0.02984598747,20.34766105,0.2034766105,13.15465793,13.15465793
5.08,34528.3,0.03055448994,20.83068639,0.2083068639,13.46693132,13.46693132
5.207,34559.2125,0.03016584868,20.56572813,0.2056572813,13.29563717,13.29563717
5.334,34530.6625,0.0305247756,20.81042848,0.2081042848,13.45383468,13.45383468
5.461,34583.3,0.02986325427,20.35943278,0.2035943278,13.16226829,13.16226829
5.588,34593.1125,0.02974004711,20.27543565,0.2027543565,13.10796458,13.10796458
5.715,34625.675,0.02933143796,19.99686418,0.1999686418,12.92786956,12.92786956
5.842,34636.625,0.02919411868,19.90324603,0.1990324603,12.86734591,12.86734591
5.969,34567.775,0.03005825983,20.49237886,0.2049237886,13.24821725,13.24821725
6.096,34580.7375,0.02989543515,20.38137227,0.2038137227,13.17645205,13.17645205
6.223,34630.6375,0.02926919998,19.95443311,0.1995443311,12.90043809,12.90043809
6.35,34723.4,0.02810744308,19.16239914,0.1916239914,12.38839222,12.38839222
6.477,34689.7125,0.02852898581,19.44978815,0.1944978815,12.57418773,12.57418773
6.604,34724.2125,0.02809728105,19.15547113,0.1915547113,12.38391329,12.38391329
6.731,34655.8125,0.02895360107,19.73927187,0.1973927187,12.76133746,12.76133746
6.858,34678.975,0.02866343371,19.54144872,0.1954144872,12.63344581,12.63344581
6.985,34781.3625,0.0273830956,18.66857139,0.1866857139,12.06913512,12.06913512
7.112,34732.3125,0.02799598646,19.086413,0.19086413,12.33926757,12.33926757
7.239,34770.325,0.02752093627,18.762545,0.18762545,12.12988857,12.12988857
7.366,34882.3,0.02612457349,17.81056723,0.1781056723,11.51443986,11.51443986
7.493,34822.575,0.02686880391,18.31795029,0.1831795029,11.84246039,11.84246039
7.62,34757.1875,0.02768505961,18.87443696,0.1887443696,12.20222615,12.20222615
7.747,34768.3875,0.02754513705,18.77904401,0.1877904401,12.1405551,12.1405551
7.874,34825.0375,0.02683809359,18.29701336,0.1829701336,11.82892477,11.82892477
8.001,34821.9625,0.02687644285,18.32315818,0.1832315818,11.84582726,11.84582726
8.128,34849.3375,0.02653515994,18.09048673,0.1809048673,11.69540637,11.69540637
8.255,34800.325,0.0271463865,18.5071937,0.185071937,11.96480528,11.96480528
8.382,34836.7875,0.02669158694,18.19713168,0.1819713168,11.76435178,11.76435178
8.509,34870.55,0.02627088895,17.91031857,0.1791031857,11.57892859,11.57892859
8.636,34853.95,0.0264776825,18.05130118,0.1805130118,11.67007312,11.67007312
8.763,34796.9875,0.0271880392,18.53559065,0.1853559065,11.98316376,11.98316376
8.89,34839.7,0.02665527964,18.17237898,0.1817237898,11.74834929,11.74834929
9.017,34751.325,0.0277583183,18.92438146,0.1892438146,12.23451502,12.23451502
9.144,34832.175,0.0267490927,18.23633653,0.1823633653,11.78969752,11.78969752
9.271,34901.1125,0.02589041569,17.6509289,0.176509289,11.4112345,11.4112345
9.398,34994.8,0.02472617054,16.85719856,0.1685719856,10.89809193,10.89809193
9.525,34922.35,0.02562622571,17.47081598,0.1747081598,11.29479243,11.29479243
9.652,34971.825,0.02501138984,17.05164834,0.1705164834,11.02380271,11.02380271
9.779,34897.6875,0.02593303701,17.67998622,0.1767998622,11.4300199,11.4300199
9.906,35018.35,0.02443400727,16.6580147,0.166580147,10.76932059,10.76932059
10.033,34992.6,0.02475347396,16.87581282,0.1687581282,10.91012595,10.91012595
10.16,34975.6875,0.02496342638,17.018949,0.17018949,11.00266275,11.00266275
10.287,34948.175,0.0253051846,17.25194449,0.1725194449,11.15329314,11.15329314
10.414,34965.325,0.02509211701,17.10668452,0.1710668452,11.05938332,11.05938332
10.541,35054.45,0.02398652887,16.35294391,0.1635294391,10.5720939,10.5720939
10.668,35082.25,0.02364224728,16.1182281,0.161182281,10.42035134,10.42035134
10.795,35055.9125,0.02396841013,16.34059137,0.1634059137,10.56410804,10.56410804
10.922,35000.45,0.02465605824,16.80939913,0.1680939913,10.86718985,10.86718985
11.049,35036.025,0.02421485878,16.50860905,0.1650860905,10.67273061,10.67273061
11.176,35011.6125,0.02451757318,16.71498621,0.1671498621,10.80615238,10.80615238
11.303,35025.325,0.02434751255,16.59904646,0.1659904646,10.73119793,10.73119793
11.43,34967.1375,0.02506960504,17.09133687,0.1709133687,11.04946114,11.04946114
11.557,35131.1,0.02303793802,15.70623704,0.1570623704,10.15400124,10.15400124
11.684,35129.6,0.02305648158,15.71887921,0.1571887921,10.16217434,10.16217434
11.811,35143.7125,0.0228820489,15.59995881,0.1559995881,10.08529291,10.08529291
11.938,35197.575,0.02221694333,15.14651954,0.1514651954,9.792146765,9.792146765
12.065,35195.625,0.02224100458,15.16292343,0.1516292343,9.802751793,9.802751793
12.192,35133.3875,0.02300966061,15.68695877,0.1568695877,10.14153794,10.14153794
12.319,35192.2,0.02228326924,15.19173758,0.1519173758,9.821379995,9.821379995
12.446,35092.6875,0.02351305732,16.03015216,0.1603015216,10.3634107,10.3634107
12.573,35245.75,0.02162292992,14.74154773,0.1474154773,9.530334578,9.530334578
12.7,35285.9625,0.0211277181,14.40393443,0.1440393443,9.312069324,9.312069324
12.827,35257.525,0.02147786382,14.64264814,0.1464264814,9.466396505,9.466396505
12.954,35306.5,0.02087501908,14.23165553,0.1423165553,9.200691899,9.200691899
13.081,35258.95,0.02146031133,14.63068164,0.1463068164,9.458660225,9.458660225
13.208,35304.05,0.02090515682,14.2522021,0.142522021,9.213975151,9.213975151
13.335,35306.9875,0.02086902253,14.22756735,0.1422756735,9.198048913,9.198048913
13.462,35273.4,0.02128236305,14.50936445,0.1450936445,9.380229286,9.380229286
13.589,35569.625,0.01765039977,12.03325413,0.1203325413,7.779436732,7.779436732
13.716,35789.5875,0.01497299347,10.20791811,0.1020791811,6.599366411,6.599366411
13.843,35348.4625,0.02035915766,13.87996426,0.1387996426,8.973325309,8.973325309
13.97,35279.4125,0.02120834203,14.45890023,0.1445890023,9.347604425,9.347604425
14.097,35420.5125,0.01947484563,13.27707981,0.1327707981,8.583563624,8.583563624
14.224,35400.1,0.0197251975,13.44775854,0.1344775854,8.693906538,8.693906538
14.351,35356.4625,0.02026088004,13.81296297,0.1381296297,8.93000932,8.93000932
14.478,35367.925,0.02012010539,13.7169891,0.137169891,8.867962708,8.867962708
14.605,35389.2875,0.01985786736,13.53820692,0.1353820692,8.752380952,8.752380952
14.732,35430.4625,0.0193528648,13.19391874,0.1319391874,8.529800418,8.529800418
14.859,35434.45,0.01930399014,13.16059818,0.1316059818,8.508258847,8.508258847
14.986,35425.2625,0.0194166093,13.23737689,0.1323737689,8.557895888,8.557895888
15.113,35415.6375,0.01953462261,13.31783309,0.1331783309,8.609910407,8.609910407
15.24,35338.5875,0.02048049978,13.96268989,0.1396268989,9.026807004,9.026807004
15.367,35406.0875,0.01965174803,13.39768397,0.1339768397,8.661533591,8.661533591
15.494,35406.2375,0.01964990812,13.3964296,0.133964296,8.660722648,8.660722648
15.621,35404.45,0.01967183423,13.41137785,0.1341137785,8.670386609,8.670386609
15.748,35430.5,0.01935240514,13.19360536,0.1319360536,8.529597821,8.529597821
15.875,35439.2,0.01924577672,13.12091087,0.1312091087,8.482601206,8.482601206
16.002,35469.9125,0.01886956922,12.8644294,0.128644294,8.316787258,8.316787258
16.129,35451.3375,0.01909706155,13.01952351,0.1301952351,8.417054799,8.417054799
16.256,35407.075,0.01963963543,13.38942614,0.1338942614,8.656194946,8.656194946
16.383,35427.875,0.01938458265,13.21554255,0.1321554255,8.5437801,8.5437801
16.51,35425.825,0.01940971341,13.23267558,0.1323267558,8.554856516,8.554856516
16.637,35470.4625,0.01886283506,12.85983835,0.1285983835,8.313819168,8.313819168
16.764,35411.4,0.01958658928,13.35326165,0.1335326165,8.632814787,8.632814787
16.891,35374.4375,0.02004014361,13.66247473,0.1366247473,8.832719446,8.832719446
17.018,35439.2375,0.01924531717,13.12059757,0.1312059757,8.48239866,8.48239866
17.145,35475.0375,0.01880682313,12.82165191,0.1282165191,8.289131836,8.289131836
17.272,35529.775,0.01813722911,12.36515262,0.1236515262,7.994007398,7.994007398
17.399,35474,0.01881952465,12.83031125,0.1283031125,8.29473005,8.29473005
17.526,35515.025,0.01831756162,12.48809527,0.1248809527,8.073489189,8.073489189
17.653,35495.85,0.01855210589,12.64799708,0.1264799708,8.176864881,8.176864881
17.78,35392.1375,0.0198228938,13.51436351,0.1351436351,8.736966309,8.736966309
17.907,35525.8125,0.01818566701,12.39817542,0.1239817542,8.015356467,8.015356467
18.034,35526.3625,0.01817894345,12.3935916,0.123935916,8.012393047,8.012393047
18.161,35566.425,0.01768947257,12.05989222,0.1205989222,7.796658119,7.796658119
18.288,35574.2125,0.01759439138,11.99507011,0.1199507011,7.75475096,7.75475096
18.415,35595,0.01734068907,11.8221072,0.118221072,7.642931336,7.642931336
18.542,35554.7625,0.01783190437,12.15699586,0.1215699586,7.859435122,7.859435122
18.669,35574.7375,0.01758798216,11.99070059,0.1199070059,7.751926088,7.751926088
18.796,35598.6,0.0172967677,11.79216358,0.1179216358,7.623572936,7.623572936
18.923,35563.2125,0.01772870153,12.08663677,0.1208663677,7.813948337,7.813948337
19.05,35551.1125,0.0178764907,12.18739282,0.1218739282,7.879086603,7.879086603
19.177,35604.1625,0.01722891182,11.74590247,0.1174590247,7.593665368,7.593665368
19.304,35610.425,0.01715252946,11.69382839,0.1169382839,7.559999742,7.559999742
19.431,35553.0125,0.01785328081,12.17156935,0.1217156935,7.868856813,7.868856813
19.558,35630.275,0.01691051202,11.52883171,0.1152883171,7.453330243,7.453330243
19.685,35556.6625,0.01780869686,12.14117401,0.1214117401,7.849206382,7.849206382
19.812,35532.175,0.01810789395,12.34515322,0.1234515322,7.981077889,7.981077889
19.939,35642.7125,0.01675893882,11.42549587,0.1142549587,7.386524154,7.386524154
20.066,35637.825,0.01681849545,11.46609892,0.1146609892,7.412773816,7.412773816
20.193,35603.4,0.01723821279,11.75224345,0.1175224345,7.597764781,7.597764781
20.32,35604.125,0.01722936924,11.74621432,0.1174621432,7.593866977,7.593866977
20.447,35587.05,0.01743769783,11.88824344,0.1188824344,7.685688073,7.685688073
20.574,35674.4125,0.01637285662,11.16228228,0.1116228228,7.216357924,7.216357924
20.701,35633.95,0.01686572006,11.49829455,0.1149829455,7.433588127,7.433588127
20.828,35562.4625,0.01773786056,12.09288098,0.1209288098,7.817985188,7.817985188
20.955,35588.7875,0.01741649438,11.87378788,0.1187378788,7.676342624,7.676342624
21.082,35538.9875,0.01802463567,12.28839145,0.1228839145,7.944381696,7.944381696
21.209,35575.35,0.01758050486,11.9856029,0.119856029,7.748630458,7.748630458
21.336,35581.5875,0.01750436578,11.93369467,0.1193369467,7.715072059,7.715072059
21.463,35590.475,0.01739590209,11.85974898,0.1185974898,7.667266547,7.667266547
21.59,35590.025,0.01740139327,11.86349262,0.1186349262,7.669686792,7.669686792
21.717,35539.9625,0.01801272112,12.28026864,0.1228026864,7.939130339,7.939130339
21.844,35638.325,0.01681240232,11.4619449,0.114619449,7.410088263,7.410088263
21.971,35603.025,0.0172427871,11.75536202,0.1175536202,7.599780918,7.599780918
22.098,35609.6375,0.01716213369,11.70037612,0.1170037612,7.564232819,7.564232819
22.225,35575.8,0.01757501141,11.98185771,0.1198185771,7.746209214,7.746209214
22.352,35555.2125,0.01782640774,12.1532485,0.121532485,7.857012476,7.857012476
22.479,35546.5125,0.0179326882,12.22570577,0.1222570577,7.903855728,7.903855728
22.606,35590.9125,0.01739056351,11.85610937,0.1185610937,7.66491356,7.66491356
22.733,35546.1125,0.01793757529,12.22903757,0.1222903757,7.906009716,7.906009716
22.86,35540.45,0.01800676396,12.27620731,0.1227620731,7.936504714,7.936504714
22.987,35535.825,0.01806328386,12.31474006,0.1231474006,7.961415934,7.961415934
23.114,35557.0375,0.01780411658,12.13805138,0.1213805138,7.847187616,7.847187616
23.241,35562.8125,0.01773358632,12.089967,0.12089967,7.816101314,7.816101314
23.368,35542.1375,0.01798614367,12.26214932,0.1226214932,7.927416293,7.927416293
23.495,35540.075,0.01801134638,12.2793314,0.122793314,7.938524422,7.938524422
23.622,35597.3,0.01731262768,11.8029762,0.118029762,7.630563243,7.630563243
23.749,35568.0625,0.01766947785,12.04626071,0.1204626071,7.787845419,7.787845419
23.876,35538.1625,0.01803471748,12.29526477,0.1229526477,7.948825264,7.948825264
24.003,35556.7,0.01780823883,12.14086175,0.1214086175,7.849004504,7.849004504
24.13,35521.4,0.01823961211,12.43495278,0.1243495278,8.039132839,8.039132839
24.257,35539.6,0.01801715085,12.28328863,0.1228328863,7.941082749,7.941082749
24.384,35610.275,0.01715435882,11.69507556,0.1169507556,7.560806036,7.560806036
24.511,35452.675,0.01908067689,13.00835318,0.1300835318,8.409833241,8.409833241
24.638,35377.8625,0.01999809667,13.633809,0.13633809,8.814187206,8.814187206
24.765,35416.2,0.01952772484,13.3131305,0.133131305,8.606870209,8.606870209
24.892,35380.4125,0.0199667943,13.61246845,0.1361246845,8.800390645,8.800390645
25.019,35451.95,0.01908955822,13.01440807,0.1301440807,8.413747697,8.413747697
25.146,35459.0125,0.0190030496,12.95543036,0.1295543036,8.375618909,8.375618909
25.273,35543.375,0.01797102274,12.25184055,0.1225184055,7.920751724,7.920751724
25.4,35595.0375,0.01734023153,11.82179528,0.1182179528,7.642729676,7.642729676
25.527,35541.4,0.01799515538,12.2682931,0.122682931,7.931388217,7.931388217
25.654,35541.3875,0.01799530812,12.26839723,0.1226839723,7.931455538,7.931455538
25.781,35542.1625,0.01798583819,12.26194106,0.1226194106,7.927281653,7.927281653
25.908,35604.3875,0.01722616731,11.74403139,0.1174403139,7.592455722,7.592455722
26.035,35513.5,0.01833621044,12.50080921,0.1250080921,8.08170868,8.08170868
26.162,35562.7375,0.01773450223,12.09059142,0.1209059142,7.816505,7.816505
26.289,35534,0.01808558833,12.32994625,0.1232994625,7.971246659,7.971246659
26.416,35493.725,0.01857810621,12.66572294,0.1266572294,8.188324556,8.188324556
26.543,35523.1125,0.01821867511,12.42067887,0.1242067887,8.029904832,8.029904832
26.67,35507.425,0.01841050795,12.55146193,0.1255146193,8.114455405,8.114455405
26.797,35531.025,0.01812195013,12.3547361,0.123547361,7.987273169,7.987273169
26.924,35434.675,0.01930123249,13.15871813,0.1315871813,8.507043408,8.507043408
27.051,35505.4125,0.01843512372,12.56824386,0.1256824386,8.125304836,8.125304836
27.178,35522.975,0.01822035615,12.42182493,0.1242182493,8.03064575,8.03064575
27.305,35513.4625,0.01833666903,12.50112185,0.1250112185,8.081910803,8.081910803
27.432,35555.05,0.01782839263,12.15460171,0.1215460171,7.857887317,7.857887317
27.559,35463.2125,0.01895161193,12.92036246,0.1292036246,8.352947691,8.352947691
27.686,35461.35,0.01897442134,12.93591289,0.1293591289,8.363000966,8.363000966
27.813,35478.05,0.0187699449,12.79650998,0.1279650998,8.272877708,8.272877708
27.94,35437.7875,0.01926308674,13.13271207,0.1313271207,8.490230619,8.490230619
28.067,35456.825,0.01902984246,12.97369653,0.1297369653,8.387427899,8.387427899
28.194,35424.525,0.01942565075,13.24354094,0.1324354094,8.561880916,8.561880916
28.321,35461.4125,0.0189736559,12.93539105,0.1293539105,8.362663599,8.362663599
28.448,35365.9125,0.02014481825,13.73383722,0.1373383722,8.878854932,8.878854932
28.575,35406.75,0.01964362182,13.39214388,0.1339214388,8.657951952,8.657951952
28.702,35468.075,0.0188920682,12.8797682,0.128797682,8.326703712,8.326703712
28.829,35484.8125,0.01868717156,12.74007882,0.1274007882,8.236395252,8.236395252
28.956,35403.8875,0.01967873428,13.41608199,0.1341608199,8.673427816,8.673427816
29.083,35489.275,0.01863255898,12.7028464,0.127028464,8.212324684,8.212324684
29.21,35495.8625,0.01855195295,12.64789281,0.1264789281,8.176797473,8.176797473
29.337,35450.35,0.01910915903,13.02777103,0.1302777103,8.422386778,8.422386778
29.464,35474.2375,0.01881661704,12.82832897,0.1282832897,8.293448516,8.293448516
29.591,35487.4875,0.01865443378,12.71775967,0.1271775967,8.221966033,8.221966033
29.718,35432.25,0.01933095479,13.17898147,0.1317898147,8.520143552,8.520143552
29.845,35461.775,0.0189692164,12.93236439,0.1293236439,8.360706883,8.360706883
29.972,35475.65,0.01879932481,12.8165399,0.128165399,8.285826943,8.285826943
30.099,35471.325,0.01885227488,12.85263889,0.1285263889,8.309164755,8.309164755
30.226,35490.8875,0.01861282671,12.68939382,0.1268939382,8.203627661,8.203627661
30.353,35442.4625,0.01920579782,13.09365503,0.1309365503,8.46498045,8.46498045
30.48,35366.5375,0.0201371433,13.72860478,0.1372860478,8.875472188,8.875472188
30.607,35405.3375,0.0196609477,13.4039559,0.134039559,8.665588357,8.665588357
30.734,35464.4625,0.01893630428,12.90992638,0.1290992638,8.346200823,8.346200823
30.861,35427.7625,0.01938596174,13.21648275,0.1321648275,8.544387936,8.544387936
30.988,35484.0125,0.01869696278,12.74675404,0.1274675404,8.240710743,8.240710743
31.115,35432.35,0.01932972909,13.17814584,0.1317814584,8.519603322,8.519603322
31.242,35441.0125,0.01922356576,13.10576843,0.1310576843,8.472811697,8.472811697
31.369,35466.7,0.01890890493,12.89124673,0.1289124673,8.334124524,8.334124524
31.496,35440.0125,0.01923581995,13.11412278,0.1311412278,8.478212744,8.478212744
31.623,35476.775,0.01878555273,12.80715071,0.1280715071,8.27975688,8.27975688
31.75,35502.15,0.01847503174,12.59545137,0.1259545137,8.142894349,8.142894349
31.877,35458.625,0.01900779564,12.958666,0.12958666,8.377710734,8.377710734
32.004,35467.825,0.01889512937,12.88185517,0.1288185517,8.328052929,8.328052929
32.131,35439.2125,0.01924562354,13.12080644,0.1312080644,8.482533691,8.482533691
32.258,35402.625,0.01969422147,13.42664046,0.1342664046,8.680253813,8.680253813
32.385,35501.85,0.01847870163,12.59795333,0.1259795333,8.144511857,8.144511857
32.512,35490.3375,0.01861955699,12.69398223,0.1269398223,8.206594043,8.206594043
32.639,35493.8,0.01857718852,12.6650973,0.126650973,8.187920085,8.187920085
32.766,35498.9,0.01851479051,12.62255712,0.1262255712,8.160418077,8.160418077
32.893,35507.6625,0.01840760308,12.54948152,0.1254948152,8.113175078,8.113175078
33.02,35500.4375,0.0184959811,12.6097337,0.126097337,8.152127806,8.152127806
33.147,35487.9625,0.01864862079,12.71379663,0.1271379663,8.219403949,8.219403949
33.274,35523.1375,0.01821836947,12.4204705,0.124204705,8.029770119,8.029770119
33.401,35496.15,0.01854843538,12.64549469,0.1264549469,8.1752471,8.1752471
33.528,35501.4,0.01848420652,12.60170632,0.1260170632,8.146938144,8.146938144
33.655,35484.3875,0.01869237312,12.74362501,0.1274362501,8.238687845,8.238687845
33.782,35484.425,0.01869191415,12.74331211,0.1274331211,8.238485556,8.238485556
33.909,35506.825,0.01841784667,12.55646514,0.1255646514,8.117689954,8.117689954
34.036,35448.975,0.01912600418,13.0392553,0.130392553,8.429811301,8.429811301
34.163,35482.825,0.01871149702,12.75666283,0.1275666283,8.247116731,8.247116731
34.29,35452.0875,0.01908787382,13.01325972,0.1301325972,8.413005294,8.413005294
34.417,35511.05,0.01836617252,12.52123601,0.1252123601,8.094914504,8.094914504
34.544,35524.875,0.01819712787,12.40598893,0.1240598893,8.020407857,8.020407857
34.671,35466.35,0.01891319075,12.89416861,0.1289416861,8.336013504,8.336013504
34.798,35511.2375,0.01836387943,12.51967269,0.1251967269,8.093903822,8.093903822
34.925,35546.3125,0.01793513174,12.22737166,0.1222737166,7.904932719,7.904932719
35.052,35509.9375,0.01837977843,12.53051191,0.1253051191,8.100911327,8.100911327
35.179,35521.725,0.01823563859,12.43224381,0.1243224381,8.037381504,8.037381504
35.306,35483.8125,0.01869941062,12.74842286,0.1274842286,8.241789632,8.241789632
35.433,35495.85,0.01855210589,12.64799708,0.1264799708,8.176864881,8.176864881
35.56,35545.8125,0.01794124064,12.23153644,0.1223153644,7.907625223,7.907625223
35.687,35496.2625,0.01854705895,12.6445563,0.126445563,8.174640436,8.174640436
35.814,35532.6125,0.01810254661,12.34150764,0.1234150764,7.978721041,7.978721041
35.941,35449.4625,0.01912003173,13.03518355,0.1303518355,8.427178937,8.427178937
36.068,35364.525,0.02016185713,13.74545357,0.1374545357,8.886364839,8.886364839
36.195,35459.675,0.01899493551,12.94989854,0.1294989854,8.372042616,8.372042616
36.322,35432.7375,0.01932497953,13.1749078,0.131749078,8.517509946,8.517509946
36.449,35426.7875,0.01939791403,13.22463129,0.1322463129,8.549655924,8.549655924
36.576,35417.55,0.01951117066,13.3018446,0.133018446,8.599573929,8.599573929
36.703,35477.325,0.01877881987,12.80256054,0.1280256054,8.276789363,8.276789363
36.83,35408.3625,0.01962384356,13.37865995,0.1337865995,8.649234658,8.649234658
36.957,35403.275,0.0196862478,13.42120437,0.1342120437,8.676739408,8.676739408
37.084,35440.2625,0.01923275637,13.11203417,0.1311203417,8.476862468,8.476862468
37.211,35481.4,0.01872893876,12.76855383,0.1276855383,8.254804199,8.254804199
37.338,35453.425,0.01907148951,13.00208963,0.1300208963,8.405783889,8.405783889
37.465,35441.3875,0.01921897054,13.10263561,0.1310263561,8.470786344,8.470786344
37.592,35432.3375,0.0193298823,13.1782503,0.131782503,8.519670851,8.519670851
37.719,35480.65,0.0187381189,12.77481244,0.1277481244,8.258850358,8.258850358
37.846,35407.8875,0.01962966962,13.3826319,0.133826319,8.651802502,8.651802502
37.973,35436.4375,0.01927963147,13.14399153,0.1314399153,8.497522732,8.497522732
38.1,35444.05,0.01918634581,13.08039352,0.1308039352,8.456406953,8.456406953
38.227,35455.3875,0.0190474501,12.98570064,0.1298570064,8.395188489,8.395188489
38.354,35437.15,0.01927089945,13.13803842,0.1313803842,8.493674082,8.493674082
38.481,35477.25,0.01877973798,12.80318647,0.1280318647,8.277194022,8.277194022
38.608,35435.875,0.0192865253,13.14869143,0.1314869143,8.500561194,8.500561194
38.735,35406.0625,0.01965205469,13.39789304,0.1339789304,8.661668748,8.661668748
38.862,35396.275,0.01977212579,13.47975215,0.1347975215,8.714590242,8.714590242
38.989,35411.6125,0.01958398314,13.35148489,0.1335148489,8.631666125,8.631666125
39.116,35358.8875,0.02023109403,13.7926562,0.137926562,8.916881096,8.916881096
39.243,35356.4,0.02026164775,13.81348636,0.1381348636,8.930347688,8.930347688
39.37,35346,0.02038941322,13.90059115,0.1390059115,8.986660485,8.986660485
39.497,35340.725,0.02045423171,13.9447815,0.139447815,9.015229319,9.015229319
39.624,35241.2,0.02167899816,14.77977256,0.1477977256,9.555046732,9.555046732
39.751,35287.7875,0.02110525685,14.38862135,0.1438862135,9.302169497,9.302169497
39.878,35206.525,0.02210652545,15.07124156,0.1507124156,9.743479941,9.743479941
40.005,35253.525,0.02152713774,14.6762409,0.146762409,9.48811405,9.48811405
40.132,35181.0625,0.02242073493,15.28545555,0.1528545555,9.881968181,9.881968181
40.259,35103.3375,0.02338127674,15.94031005,0.1594031005,10.30532824,10.30532824
40.386,35130.95,0.02303979234,15.70750124,0.1570750124,10.15481854,10.15481854
40.513,35036.4,0.02421021043,16.50544001,0.1650544001,10.67068184,10.67068184
40.64,34929.675,0.02553514154,17.40871886,0.1740871886,11.25464696,11.25464696
40.767,34882.525,0.02612177218,17.80865742,0.1780865742,11.51320518,11.51320518
40.894,34738.5875,0.02791753065,19.03292533,0.1903292533,12.30468806,12.30468806
41.021,34668.0125,0.02880074186,19.63505928,0.1963505928,12.69396456,12.69396456
41.148,34622.1,0.02937627991,20.02743542,0.2002743542,12.94763371,12.94763371
41.275,34432.725,0.03175829228,21.65138505,0.2165138505,13.99750877,13.99750877
41.402,34235.225,0.03425649987,23.35455138,0.2335455138,15.09859702,15.09859702
41.529,33932.375,0.03811542843,25.9853965,0.259853965,16.79942482,16.79942482
41.656,33563.85,0.04285791482,29.21861188,0.2921861188,18.88968189,18.88968189
41.783,32980.05,0.05047837661,34.41390232,0.3441390232,22.24841037,22.24841037
41.91,32335.5375,0.0590496019,40.25738085,0.4025738085,26.0261891,26.0261891
42.037,31523.225,0.07009904453,47.79039726,0.4779039726,30.89624535,30.89624535
42.164,30583.6125,0.08324090389,58.43536227,0.5843536227,37.77816033,37.77816033
42.291,29577.225,0.09777226123,70.8158912,0.708158912,45.78210843,45.78210843
42.418,28622.3875,0.1120238293,82.95804327,0.8295804327,53.63194712,53.63194712
42.545,27677.2875,0.1266061613,95.38200196,0.9538200196,61.66397234,61.66397234
42.672,26797.05,0.1406426997,110.6344486,1.106344486,71.52460043,71.52460043
42.799,26155.2625,0.1511706033,123.6282891,1.236282891,79.92505129,79.92505129
42.926,25646.9375,0.1596941729,134.1483231,1.341483231,86.72619905,86.72619905
43.053,25146.0875,0.1682592639,144.7196041,1.447196041,93.5604777,93.5604777
43.18,24880.6,0.1728688371,150.4194123,1.504194123,97.24537425,97.24537425
43.307,24727.65,0.1755468413,153.8098916,1.538098916,99.43730165,99.43730165
43.434,24570.4875,0.178315913,157.3156666,1.573156666,101.7037671,101.7037671
43.561,24466.7875,0.1801527363,159.6411713,1.596411713,103.2071939,103.2071939
43.688,24425.075,0.1808937804,160.579368,1.60579368,103.8137332,103.8137332
43.815,24405.5,0.1812419768,161.020201,1.61020201,104.0987295,104.0987295
43.942,24381.025,0.1816777265,161.5718807,1.615718807,104.4553876,104.4553876
44.069,24343.6125,0.18234466,162.4162498,1.624162498,105.0012678,105.0012678
44.196,24326.9,0.1826429164,162.7938565,1.627938565,105.2453886,105.2453886
44.323,24306.55,0.1830063656,163.2540002,1.632540002,105.5428692,105.5428692
44.45,24316.8875,0.1828217008,163.0202058,1.630202058,105.3917223,105.3917223
44.577,24301.5875,0.1830950416,163.3662681,1.633662681,105.6154498,105.6154498
44.704,24287.375,0.1833491079,163.6879281,1.636879281,105.8234013,105.8234013
44.831,24272.025,0.1836236756,164.0355437,1.640355437,106.048133,106.048133
44.958,24250.65,0.1840063027,164.5199676,1.645199676,106.3613105,106.3613105
45.085,24274.425,0.183580735,163.9811789,1.639811789,106.0129864,106.0129864
45.212,24274.475,0.1835798404,163.9800463,1.639800463,106.0122542,106.0122542
45.339,24252.925,0.1839655626,164.4683887,1.644683887,106.3279651,106.3279651
45.466,24208.825,0.1847559753,165.4690884,1.654690884,106.9749123,106.9749123
45.593,24243.4,0.1841361592,164.6843721,1.646843721,106.4675972,106.4675972
45.72,24243.9,0.1841272024,164.6730323,1.646730323,106.4602661,106.4602661
45.847,24190.1875,0.1850904517,165.8925513,1.658925513,107.2486788,107.2486788
45.974,24184.525,0.1851921244,166.0212736,1.660212736,107.3318971,107.3318971
46.101,24191.7375,0.1850626249,165.8573213,1.658573213,107.2259028,107.2259028
46.228,24110.1,0.1865306747,167.7159413,1.677159413,108.427491,108.427491
46.355,24136.1125,0.1860623649,167.1230391,1.671230391,108.0441828,108.0441828
46.482,24055.2125,0.1875204886,168.9690923,1.689690923,109.2376467,109.2376467
46.609,24066.8875,0.1873097585,168.702298,1.68702298,109.0651656,109.0651656
46.736,23996.675,0.1885786167,170.3087322,1.703087322,110.103717,110.103717
46.863,24002.8625,0.1884666491,170.1669759,1.701669759,110.0120723,110.0120723
46.99,23956.425,0.1893076772,171.2317571,1.712317571,110.7004479,110.7004479
47.117,24007.4625,0.1883834272,170.0616131,1.700616131,109.9439558,109.9439558
47.244,24062.35,0.1873916468,168.8059725,1.688059725,109.1321906,109.1321906
47.371,24027.525,0.1880206485,169.6023183,1.696023183,109.6470241,109.6470241
47.498,24054.6,0.1875315469,168.9830925,1.689830925,109.2466978,109.2466978
47.625,24005.6125,0.1884168949,170.1039848,1.701039848,109.9713489,109.9713489
47.752,24008.0125,0.1883734778,170.0490167,1.700490167,109.9358123,109.9358123
47.879,24009.3,0.1883501881,170.0195309,1.700195309,109.9167498,109.9167498
48.006,23993.05,0.1886442273,170.3917983,1.703917983,110.1574188,110.1574188
48.133,24034.55,0.1878936911,169.4415842,1.694415842,109.5431103,109.5431103
48.26,23969.15,0.1890770531,170.9397761,1.709397761,110.5116837,110.5116837
48.387,23979.3625,0.1888920533,170.7055577,1.707055577,110.3602626,110.3602626
48.514,24031.05,0.1879569393,169.5216594,1.695216594,109.5948785,109.5948785
48.641,23959.125,0.189258733,171.1697914,1.711697914,110.6603874,110.6603874
48.768,23946.875,0.1894808391,171.4509882,1.714509882,110.8421796,110.8421796
48.895,23961.55,0.1892147785,171.114143,1.71114143,110.6244109,110.6244109
49.022,23938.1875,0.189638422,171.6504956,1.716504956,110.9711601,110.9711601
49.149,24000.15,0.1885157303,170.2291151,1.702291151,110.0522449,110.0522449
49.276,24001.8375,0.1884851952,170.1904562,1.701904562,110.0272522,110.0272522
49.403,24016.8,0.1882145448,169.8478001,1.698478001,109.8057268,109.8057268
49.53,24051.0375,0.1875958709,169.0645298,1.690645298,109.2993466,109.2993466
49.657,24006.9625,0.1883924723,170.0730646,1.700730646,109.9513591,109.9513591
49.784,24041.7125,0.187764287,169.2777524,1.692777524,109.4371939,109.4371939
49.911,24016.625,0.1882177094,169.8518066,1.698518066,109.8083169,109.8083169
50.038,24058.1625,0.1874672324,168.9016674,1.689016674,109.1940568,109.1940568
50.165,24042.8375,0.1877439652,169.2520241,1.692520241,109.4205607,109.4205607
50.292,23966.2375,0.1891298276,171.0065911,1.710065911,110.5548792,110.5548792
50.419,24020.6,0.1881458351,169.7608103,1.697608103,109.7494883,109.7494883
50.546,24012.4125,0.188293891,169.9482561,1.699482561,109.8706711,109.8706711
50.673,23960.1125,0.1892408335,171.1471298,1.711471298,110.6457367,110.6457367
50.8,23984.95,0.1887908689,170.5774535,1.705774535,110.2774439,110.2774439
50.927,23998.4875,0.1885458151,170.2672038,1.702672038,110.0768691,110.0768691
51.054,23988.9,0.1887193523,170.4869101,1.704869101,110.2189081,110.2189081
51.181,23986.3875,0.1887648409,170.5445008,1.705445008,110.2561402,110.2561402
51.308,24023.2625,0.1880976995,169.6998685,1.696998685,109.7100897,109.7100897
51.435,23994.425,0.1886193393,170.360289,1.70360289,110.1370482,110.1370482
51.562,24014.35,0.1882588503,169.9038929,1.699038929,109.8419905,109.8419905
51.689,23969.35,0.1890734293,170.9351883,1.709351883,110.5087176,110.5087176
51.816,24028.5625,0.1880018963,169.578577,1.69578577,109.6316755,109.6316755
51.943,23988.725,0.1887225205,170.4909212,1.704909212,110.2215013,110.2215013
52.07,24011.975,0.1883018038,169.9582741,1.699582741,109.8771476,109.8771476
52.197,24039.8125,0.1877986103,169.3212074,1.693212074,109.4652873,109.4652873
52.324,24005.625,0.1884166688,170.1036985,1.701036985,109.9711638,109.9711638
52.451,24033.0625,0.1879205705,169.4756147,1.694756147,109.5651109,109.5651109
52.578,24034.3875,0.1878966274,169.4453017,1.694453017,109.5455137,109.5455137
52.705,24020.4375,0.1881487731,169.76453,1.6976453,109.7518931,109.7518931
52.832,24057.025,0.1874877668,168.927665,1.68927665,109.2108642,109.2108642
52.959,24021.475,0.1881300153,169.7407817,1.697407817,109.73654,109.73654
53.086,24033.8875,0.1879056624,169.4567404,1.694567404,109.5529087,109.5529087
53.213,24041.5625,0.1877669966,169.281183,1.69281183,109.4394117,109.4394117
53.34,24081.1125,0.1870531397,168.3774066,1.683774066,108.855125,108.855125
53.467,24113.075,0.1864770894,167.6480998,1.676480998,108.3836319,108.3836319
53.594,24126.65,0.1862326623,167.3386436,1.673386436,108.18357,108.18357
53.721,24160.8625,0.1856172526,166.5595059,1.665595059,107.6798616,107.6798616
53.848,24181.725,0.1852424084,166.0849355,1.660849355,107.3730543,107.3730543
53.975,24142.3,0.185951044,166.9821016,1.669821016,107.9530675,107.9530675
54.102,24187.7125,0.1851348885,165.9488103,1.659488103,107.28505,107.28505
54.229,24163.5125,0.1855696211,166.4992022,1.664992022,107.6408755,107.6408755
54.356,24150.3125,0.1858069315,166.7996484,1.667996484,107.8351124,107.8351124
54.483,24193.125,0.185037717,165.8257866,1.658257866,107.2055158,107.2055158
54.61,24154.3875,0.1857336571,166.7068795,1.667068795,107.7751378,107.7751378
54.737,24158.3375,0.1856626421,166.6169712,1.666169712,107.7170126,107.7170126
54.864,24105.1625,0.1866196228,167.8285538,1.678285538,108.5002945,108.5002945
54.991,24155.625,0.1857114075,166.6787105,1.666787105,107.7569267,107.7569267
55.118,24122.7375,0.1863030954,167.4278152,1.674278152,108.241219,108.241219
55.245,24141.3625,0.185967909,167.0034535,1.670034535,107.9668713,107.9668713
55.372,24183.4625,0.1852112047,166.0454302,1.660454302,107.3475142,107.3475142
55.499,24212.375,0.1846922947,165.3884658,1.653884658,106.9227901,106.9227901
55.626,24237.1875,0.1842474638,164.8252888,1.648252888,106.5586992,106.5586992
55.753,24201.7625,0.1848826916,165.6295172,1.656295172,107.0786286,107.0786286
55.88,24153.15,0.1857559078,166.73505,1.6673505,107.7933499,107.7933499
56.007,24176.7125,0.1853324403,166.1989202,1.661989202,107.4467447,107.4467447
56.134,24121.8375,0.1863192989,167.4483296,1.674483296,108.2544815,108.2544815
56.261,24177.3875,0.1853203152,166.1835692,1.661835692,107.4368204,107.4368204
56.388,24154.4125,0.1857332076,166.7063104,1.667063104,107.7747699,107.7747699
56.515,24139.8125,0.1859957938,167.038757,1.67038757,107.9896949,107.9896949
56.642,24158.3375,0.1856626421,166.6169712,1.666169712,107.7170126,107.7170126
56.769,24214.6375,0.1846517144,165.3370892,1.653370892,106.8895755,106.8895755
56.896,24226.1875,0.1844446122,165.074888,1.65074888,106.7200638,106.7200638
57.023,24194.65,0.1850103424,165.791129,1.65791129,107.1831099,107.1831099
57.15,24226.8875,0.1844320637,165.0590011,1.650590011,106.7097929,106.7097929
57.277,24201.2125,0.1848925613,165.6420127,1.656420127,107.0867069,107.0867069
57.404,24257.6,0.1838818559,164.3624122,1.643624122,106.2594518,106.2594518
57.531,24227.2,0.1844264618,165.0519088,1.650519088,106.7052078,106.7052078
57.658,24183.075,0.1852181636,166.0542405,1.660542405,107.3532101,107.3532101
57.785,24230.15,0.1843735836,164.9849625,1.649849625,106.6619274,106.6619274
57.912,24284.0125,0.1834092386,163.7640564,1.637640564,105.8726178,105.8726178
58.039,24246.2875,0.1840844358,164.6188878,1.646188878,106.425262,106.425262
58.166,24282.3,0.183439866,163.8028321,1.638028321,105.8976861,105.8976861
58.293,24251.9125,0.1839836937,164.4913435,1.644913435,106.3428052,106.3428052
58.42,24259.9875,0.1838391136,164.3082983,1.643082983,106.2244675,106.2244675
58.547,24253.7875,0.1839501182,164.4488353,1.644488353,106.3153239,106.3153239
58.674,24287.5625,0.1833457551,163.6836833,1.636836833,105.8206571,105.8206571
58.801,24274.8375,0.183573355,163.9718354,1.639718354,106.0069459,106.0069459
58.928,24313.8125,0.1828766231,163.0897401,1.630897401,105.4366758,105.4366758
59.055,24323.2625,0.1827078595,162.8760775,1.628760775,105.2985441,105.2985441
59.182,24293.8375,0.1832335641,163.5416443,1.635416443,105.7288296,105.7288296
59.309,24278.9,0.18350068,163.8798255,1.638798255,105.947462,105.947462
59.436,24301.4,0.1830983924,163.3705104,1.633705104,105.6181924,105.6181924
59.563,24322.1375,0.182727947,162.9015092,1.629015092,105.3149855,105.3149855
59.69,24320.2,0.1827625443,162.9453109,1.629453109,105.3433031,105.3433031
59.817,24292.4375,0.1832585923,163.5733311,1.635733311,105.7493149,105.7493149
59.944,24388.2875,0.1815483803,161.4081222,1.614081222,104.3495186,104.3495186
60.071,24338.7375,0.1824316396,162.5263701,1.625263701,105.07246,105.07246
60.198,24317.475,0.1828112083,163.0069219,1.630069219,105.3831343,105.3831343
60.325,24318.0375,0.1828011625,162.9942034,1.629942034,105.3749119,105.3749119
60.452,24319.0125,0.1827837504,162.9721589,1.629721589,105.3606602,105.3606602
60.579,24299.475,0.1831327957,163.4140667,1.634140667,105.6463513,105.6463513
60.706,24283.3375,0.1834213104,163.7793399,1.637793399,105.8824986,105.8824986
60.833,24326.35,0.1826527354,162.8062877,1.628062877,105.2534254,105.2534254
60.96,24361.3625,0.1820281122,162.0154853,1.620154853,104.7421757,104.7421757
61.087,24352.9125,0.182178778,162.2062354,1.622062354,104.8654946,104.8654946
61.214,24347.975,0.1822668392,162.317725,1.62317725,104.9375721,104.9375721
61.341,24316.4,0.1828304075,163.031229,1.63031229,105.3988487,105.3988487
61.468,24329.1625,0.1826025272,162.7427218,1.627427218,105.2123303,105.2123303
61.595,24371.9375,0.1818396306,161.7768588,1.617768588,104.5879049,104.5879049
61.722,24339.925,0.1824104507,162.4995439,1.624995439,105.055117,105.055117
61.849,24362.975,0.1819993668,161.9790923,1.619790923,104.7186478,104.7186478
61.976,24350.25,0.1822262619,162.2663523,1.622663523,104.9043599,104.9043599
62.103,24323.775,0.1826987089,162.8644923,1.628644923,105.2910543,105.2910543
62.23,24456.7625,0.1803307202,159.8665073,1.598665073,103.3528725,103.3528725
62.357,24409.975,0.1811623517,160.9193919,1.609193919,104.0335569,104.0335569
62.484,24426.7,0.1808648878,160.5427885,1.605427885,103.7900848,103.7900848
62.611,24424.5625,0.1809028931,160.5909051,1.605909051,103.8211919,103.8211919
62.738,24385.3625,0.1816004704,161.4740707,1.614740707,104.3921539,104.3921539
62.865,24395.8,0.181414622,161.238778,1.61238778,104.2400384,104.2400384
62.992,24430.275,0.1808013307,160.4623223,1.604623223,103.7380638,103.7380638
63.119,24421.475,0.1809577956,160.6604142,1.606604142,103.8661292,103.8661292
63.246,24388.8625,0.1815381411,161.3951589,1.613951589,104.3411379,104.3411379
63.373,24347.225,0.1822802171,162.3346621,1.623346621,104.9485218,104.9485218
63.5,24372.675,0.181826489,161.7602209,1.617602209,104.5771485,104.5771485
63.627,24357.7625,0.1820922948,162.0967435,1.620967435,104.7947087,104.7947087
63.754,24362.6,0.1820060516,161.9875556,1.619875556,104.7241193,104.7241193
63.881,24379.5625,0.1817037786,161.6048637,1.616048637,104.4767109,104.4767109
64.008,24360.5625,0.1820423741,162.0335417,1.620335417,104.753849,104.753849
64.135,24388.9625,0.1815363604,161.3929045,1.613929045,104.3396804,104.3396804
64.262,24366.15,0.1819427729,161.9074418,1.619074418,104.6723261,104.6723261
64.389,24429.1125,0.1808219968,160.4884866,1.604884866,103.7549789,103.7549789
64.516,24423.6,0.1809200077,160.612573,1.60612573,103.8352001,103.8352001
64.643,24432.8125,0.1807562242,160.4052153,1.604052153,103.7011444,103.7011444
64.77,24437.0125,0.1806815754,160.3107064,1.603107064,103.6400449,103.6400449
64.897,24427.625,0.180848442,160.5219674,1.605219674,103.7766241,103.7766241
65.024,24349.175,0.1822454353,162.2906267,1.622906267,104.9200531,104.9200531
65.151,24424.15,0.1809102278,160.6001912,1.606001912,103.8271953,103.8271953
65.278,24424.325,0.1809071161,160.5962516,1.605962516,103.8246484,103.8246484
65.405,24464.7125,0.1801895699,159.6878043,1.596878043,103.2373419,103.2373419
65.532,24466.2625,0.1801620553,159.6529696,1.596529696,103.2148215,103.2148215
65.659,24443.2875,0.1805700704,160.1695359,1.601695359,103.5487789,103.5487789
65.786,24456.975,0.1803269467,159.8617299,1.598617299,103.3497839,103.3497839
65.913,24428.075,0.1808404416,160.5118386,1.605118386,103.7700758,103.7700758
66.04,24406.45,0.1812250719,160.9987986,1.609987986,104.084893,104.084893
66.167,24407.35,0.1812090574,160.9785235,1.609785235,104.0717852,104.0717852
66.294,24446.075,0.1805205465,160.1068363,1.601068363,103.5082439,103.5082439
66.421,24370.15,0.181871484,161.8171868,1.618171868,104.6139767,104.6139767
66.548,24432.3625,0.180764223,160.4153422,1.604153422,103.7076914,103.7076914
66.675,24390.95,0.1815009704,161.3480991,1.613480991,104.3107139,104.3107139
66.802,24461.9125,0.180239278,159.7507371,1.597507371,103.2780276,103.2780276
66.929,24427.725,0.1808466641,160.5197166,1.605197166,103.7751689,103.7751689
67.056,24379.625,0.1817026652,161.6034542,1.616034542,104.4757997,104.4757997
67.183,24412.95,0.1811094247,160.8523838,1.608523838,103.9902365,103.9902365
67.31,24477.4375,0.179963736,159.401888,1.59401888,103.0524985,103.0524985
67.437,24461.0875,0.1802539252,159.7692812,1.597692812,103.2900163,103.2900163
67.564,24498.6,0.1795884195,158.9267197,1.589267197,102.7453046,102.7453046
67.691,24477.825,0.1799568608,159.3931837,1.593931837,103.0468712,103.0468712
67.818,24474.975,0.1800074295,159.457206,1.59457206,103.0882613,103.0882613
67.945,24456.8625,0.1803289444,159.8642591,1.598642591,103.351419,103.351419
68.072,24394.6125,0.1814357625,161.2655427,1.612655427,104.2573417,104.2573417
68.199,24398.6125,0.1813645568,161.175393,1.61175393,104.1990603,104.1990603
68.326,24365.025,0.181962825,161.9328287,1.619328287,104.6887386,104.6887386
68.453,24496.6625,0.1796227676,158.9702059,1.589702059,102.7734182,102.7734182
68.58,24471.5625,0.1800679866,159.5338741,1.595338741,103.1378268,103.1378268
68.707,24472.525,0.1800509055,159.5122487,1.595122487,103.1238461,103.1238461
68.834,24451.325,0.1804272881,159.9887668,1.599887668,103.4319126,103.4319126
68.961,24456.225,0.180340265,159.8785915,1.598785915,103.3606848,103.3606848
69.088,24474.5125,0.1800156364,159.4675963,1.594675963,103.0949786,103.0949786
69.215,24492.1875,0.1797021108,159.0706582,1.590706582,102.8383601,102.8383601
69.342,24442.5375,0.1805833962,160.1864069,1.601864069,103.5596859,103.5596859
69.469,24447.3625,0.1804976741,160.0778788,1.600778788,103.4895231,103.4895231
69.596,24481.125,0.1798983149,159.3190619,1.593190619,102.9989518,102.9989518
69.723,24421.875,0.1809506823,160.6514085,1.606514085,103.860307,103.860307
69.85,24413.7625,0.181094971,160.8340847,1.608340847,103.9784062,103.9784062
69.977,24419.475,0.1809933636,160.705445,1.60705445,103.8952414,103.8952414
70.104,24446.1875,0.1805185479,160.104306,1.60104306,103.5066081,103.5066081
70.231,24427.0625,0.1808584427,160.5346288,1.605346288,103.7848096,103.7848096
70.358,24402,0.1813042636,161.0990589,1.610990589,104.1497107,104.1497107
70.485,24389.9,0.1815196667,161.3717694,1.613717694,104.3260167,104.3260167
70.612,24306.75,0.1830027921,163.249476,1.63249476,105.5399443,105.5399443
70.739,24333.6875,0.1825217599,162.6404666,1.626404666,105.1462229,105.1462229
70.866,24331,0.1825697276,162.701196,1.62701196,105.1854841,105.1854841
70.993,24390.625,0.1815067573,161.3554255,1.613554255,104.3154504,104.3154504
71.12,24415.4375,0.1810651755,160.7963623,1.607963623,103.9540189,103.9540189
71.247,24430.5875,0.1807957754,160.4552891,1.604552891,103.7335169,103.7335169
71.374,24454.4,0.1803726747,159.9196236,1.599196236,103.3872119,103.3872119
71.501,24436.2,0.1806960153,160.3289881,1.603289881,103.6518639,103.6518639
71.628,24488.0375,0.1797757047,159.1638315,1.591638315,102.8985962,102.8985962
71.755,24455.75,0.1803487002,159.8892708,1.598892708,103.3675889,103.3675889
71.882,24497.15,0.1796141249,158.9592639,1.589592639,102.7663443,102.7663443
72.009,24474.5,0.1800158582,159.4678771,1.594678771,103.0951601,103.0951601
72.136,24453,0.1803975385,159.9511024,1.599511024,103.4075627,103.4075627
72.263,24453.4875,0.1803888804,159.9401408,1.599401408,103.4004761,103.4004761
72.39,24456.8,0.1803300543,159.8656642,1.598656642,103.3523274,103.3523274
72.517,24457.8625,0.1803111872,159.8417776,1.598417776,103.3368849,103.3368849
72.644,24355.0125,0.1821413295,162.1588239,1.621588239,104.8348433,104.8348433
72.771,24384.6125,0.1816138278,161.4909819,1.614909819,104.4030869,104.4030869
72.898,24416.65,0.1810436085,160.7690574,1.607690574,103.9363664,103.9363664
73.025,24441.725,0.1805978329,160.2046845,1.602046845,103.5715023,103.5715023
73.152,24412.9625,0.1811092023,160.8521023,1.608521023,103.9900545,103.9900545
73.279,24375.1125,0.1817830575,161.7052347,1.617052347,104.5416002,104.5416002
73.406,24383.975,0.1816251819,161.5053567,1.615053567,104.4123802,104.4123802
73.533,24409.4875,0.1811710252,160.930373,1.60930373,104.0406561,104.0406561
73.66,24392.0375,0.1814816073,161.3235845,1.613235845,104.2948653,104.2948653
73.787,24394.85,0.1814315343,161.2601897,1.612601897,104.2538809,104.2538809
73.914,24358.8,0.1820737967,162.0733241,1.620733241,104.7795682,104.7795682
74.041,24419.0875,0.1810002553,160.7141702,1.607141702,103.9008821,103.9008821
74.168,24433.8375,0.1807380051,160.3821491,1.603821491,103.6862322,103.6862322
74.295,24417.1375,0.1810349375,160.7580795,1.607580795,103.9292693,103.9292693
74.422,24411.025,0.1811436709,160.895741,1.60895741,104.0182668,104.0182668
74.549,24415.7375,0.1810598393,160.7896063,1.607896063,103.9496512,103.9496512
74.676,24404.0125,0.1812684476,161.0537142,1.610537142,104.1203956,104.1203956
74.803,24450.875,0.1804352809,159.9988861,1.599988861,103.4384547,103.4384547
74.93,24487.625,0.1797830204,159.1730936,1.591730936,102.9045841,102.9045841
75.057,24482.6375,0.1798714841,159.2850927,1.592850927,102.9769909,102.9769909
75.184,24437.475,0.1806733559,160.3003002,1.603003002,103.6333173,103.6333173
75.311,24466.4875,0.1801580614,159.6479132,1.596479132,103.2115525,103.2115525
75.438,24441.7375,0.1805976108,160.2044033,1.602044033,103.5713205,103.5713205
75.565,24443.7125,0.1805625193,160.1599758,1.601599758,103.5425984,103.5425984
75.692,24452.3,0.1804099709,159.9668424,1.599668424,103.4177386,103.4177386
75.819,24474.9375,0.1800080949,159.4580485,1.594580485,103.0888059,103.0888059
75.946,24372.975,0.1818211433,161.753453,1.61753453,104.5727732,104.5727732
76.073,24435.6375,0.1807060125,160.341645,1.60341645,103.6600466,103.6600466
76.2,24426.05,0.1808764446,160.55742,1.6055742,103.799544,103.799544
76.327,24445.175,0.1805365357,160.1270793,1.601270793,103.5213309,103.5213309
76.454,24463.35,0.1802137575,159.718427,1.59718427,103.2571393,103.2571393
76.581,24511.7,0.1793562537,158.6327868,1.586327868,102.5552786,102.5552786
76.708,24435.475,0.1807089007,160.3453015,1.603453015,103.6624105,103.6624105
76.835,24486.2125,0.1798080722,159.2048103,1.592048103,102.9250888,102.9250888
76.962,24473.1875,0.1800391488,159.4973642,1.594973642,103.1142233,103.1142233
77.089,24459.6875,0.1802787822,159.8007513,1.598007513,103.3103616,103.3103616
77.216,24454.225,0.1803757826,159.9235583,1.599235583,103.3897557,103.3897557
77.343,24437.775,0.1806680244,160.2935503,1.602935503,103.6289536,103.6289536
77.47,24398.9625,0.1813583268,161.1675056,1.611675056,104.1939611,104.1939611
77.597,24437.6,0.1806711344,160.2974877,1.602974877,103.6314991,103.6314991
77.724,24440.375,0.1806218211,160.2350547,1.602350547,103.5911365,103.5911365
77.851,24445.9875,0.180522101,160.1088043,1.601088043,103.5095163,103.5095163
77.978,24429.0125,0.1808237746,160.4907373,1.604907373,103.756434,103.756434
78.105,24422.65,0.1809369007,160.6339603,1.606339603,103.8490269,103.8490269
78.232,24397.575,0.1813830246,161.1987741,1.611987741,104.2141761,104.2141761
78.359,24399.05,0.1813567693,161.1655337,1.611655337,104.1926864,104.1926864
78.486,24420.725,0.1809711333,160.6773003,1.606773003,103.877046,103.877046
78.613,24401.5625,0.18131205,161.108917,1.61108917,104.1560839,104.1560839
78.74,24427.0625,0.1808584427,160.5346288,1.605346288,103.7848096,103.7848096
78.867,24427.1625,0.1808566648,160.5323779,1.605323779,103.7833544,103.7833544
78.994,24479.85,0.179920934,159.3476987,1.593476987,103.0174654,103.0174654
79.121,24450.0625,0.1804497127,160.0171574,1.600171574,103.450267,103.450267
79.248,24425.5875,0.1808846679,160.5678311,1.605678311,103.8062747,103.8062747
79.375,24430.65,0.1807946644,160.4538825,1.604538825,103.7326075,103.7326075
79.502,24471.85,0.1800628844,159.5274145,1.595274145,103.1336507,103.1336507
79.629,24384.3875,0.1816178351,161.4960553,1.614960553,104.4063668,104.4063668
79.756,24382.775,0.1816465553,161.5324163,1.615324163,104.4298741,104.4298741
79.883,24405.0625,0.1812497621,161.0300576,1.610300576,104.1051017,104.1051017
80.01,24481.3,0.1798952105,159.3151314,1.593151314,102.9964108,102.9964108
80.137,24456.8875,0.1803285005,159.863697,1.59863697,103.3510556,103.3510556
80.264,24465.425,0.1801769219,159.6717913,1.596717913,103.2269896,103.2269896
80.391,24517.1625,0.1792594808,158.5102678,1.585102678,102.4760706,102.4760706
80.518,24559.2625,0.1785143653,157.5669165,1.575669165,101.8661989,101.8661989
80.645,24497.8,0.1796026016,158.9446749,1.589446749,102.7569126,102.7569126
80.772,24563.5875,0.1784378907,157.4700961,1.574700961,101.803605,101.803605
80.899,24545.725,0.1787538221,157.8700801,1.578700801,102.0621926,102.0621926
81.026,24542.65,0.1788082323,157.938966,1.57938966,102.106727,102.106727
81.153,24569.5625,0.1783322631,157.3363666,1.573363666,101.7171495,101.7171495
81.28,24570.3,0.1783192272,157.3198624,1.573198624,101.7064797,101.7064797
81.407,24503.15,0.1795077677,158.8246107,1.588246107,102.6792917,102.6792917
81.534,24528.2,0.1790640076,158.2627896,1.582627896,102.3160772,102.3160772
81.661,24524.925,0.1791219984,158.3362086,1.583362086,102.3635423,102.3635423
81.788,24525.4375,0.179112923,158.3247187,1.583247187,102.3561141,102.3561141
81.915,24527.875,0.1790697621,158.270075,1.58270075,102.3207872,102.3207872
82.042,24540.625,0.1788440672,157.9843346,1.579843346,102.1360576,102.1360576
82.169,24525.275,0.1791158006,158.3283618,1.583283618,102.3584694,102.3584694
82.296,24521.9875,0.1791740196,158.4020699,1.584020699,102.4061213,102.4061213
82.423,24533.925,0.178962653,158.1344699,1.581344699,102.2331192,102.2331192
82.55,24537.8125,0.1788938428,158.0473528,1.580473528,102.1767985,102.1767985
82.677,24511.6625,0.1793569181,158.633628,1.58633628,102.5558224,102.5558224
82.804,24544.1875,0.1787810264,157.904522,1.57904522,102.0844591,102.0844591
82.931,24534.95,0.1789445091,158.1114988,1.581114988,102.2182685,102.2182685
83.058,24489.45,0.1797506548,159.1321172,1.591321172,102.878093,102.878093
83.185,24495.275,0.1796473668,159.0013498,1.590013498,102.7935526,102.7935526
83.312,24452.8,0.1804010906,159.9555995,1.599555995,103.4104701,103.4104701
83.439,24484.55,0.1798375598,159.242143,1.59242143,102.9492242,102.9492242
83.566,24479.3125,0.1799304698,159.3597715,1.593597715,103.0252704,103.0252704
83.693,24504.5625,0.1794827332,158.7929159,1.587929159,102.6588012,102.6588012
83.82,24562.2,0.178462423,157.5011551,1.575011551,101.8236845,101.8236845
83.947,24520.6125,0.1791983721,158.4329013,1.584329013,102.4260536,102.4260536
84.074,24574.7875,0.1782399152,157.2194498,1.572194498,101.6415634,101.6415634
84.201,24531.3,0.1790091227,158.1933027,1.581933027,102.2711543,102.2711543
84.328,24562.225,0.178461981,157.5005955,1.575005955,101.8233227,101.8233227
84.455,24567.8,0.1783634184,157.3758106,1.573758106,101.7426499,101.7426499
84.582,24609.05,0.1776348377,156.4533932,1.564533932,101.1463118,101.1463118
84.709,24572.15,0.1782865285,157.2784645,1.572784645,101.6797161,101.6797161
84.836,24548.6625,0.1787018512,157.8042825,1.578042825,102.0196547,102.0196547
84.963,24553.1875,0.178621806,157.7029415,1.577029415,101.9541384,101.9541384
85.09,24581.8125,0.1781157846,157.0622946,1.570622946,101.5399634,101.5399634
85.217,24586.9625,0.1780248075,156.9471133,1.569471133,101.4654993,101.4654993
85.344,24555.4125,0.1785824522,157.6531178,1.576531178,101.9219275,101.9219275
85.471,24668.025,0.1765953064,155.1372977,1.551372977,100.2954629,100.2954629
85.598,24686.65,0.1762675266,154.722313,1.54722313,100.0271774,100.0271774
85.725,24637.675,0.1771299643,155.8141997,1.558141997,100.7330765,100.7330765
85.852,24603.5,0.1777327938,156.5774102,1.565774102,101.2264882,101.2264882
85.979,24587.4375,0.1780164174,156.936491,1.56936491,101.4586321,101.4586321
86.106,24626.45,0.1773278753,156.0647643,1.560647643,100.8950652,100.8950652
86.233,24622.175,0.1774032726,156.160221,1.56160221,100.9567775,100.9567775
86.36,24579.3875,0.1781586299,157.1165388,1.571165388,101.575032,101.575032
86.487,24605.2,0.1777027869,156.53942,1.5653942,101.2019277,101.2019277
86.614,24607.6875,0.1776588834,156.4838362,1.564838362,101.1659931,101.1659931
86.741,24574.175,0.1782507397,157.2331541,1.572331541,101.6504232,101.6504232
86.868,24603.2875,0.1777365448,156.5821592,1.565821592,101.2295583,101.2295583
86.995,24630,0.1772652745,155.9855088,1.559855088,100.843827,100.843827
87.122,24643.4375,0.1770283991,155.6856134,1.556856134,100.6499461,100.6499461
87.249,24643.775,0.1770224514,155.6780833,1.556780833,100.6450779,100.6450779
87.376,24617.1375,0.1774921349,156.2727248,1.562727248,101.0295106,101.0295106
87.503,24634.1625,0.1771918844,155.8925935,1.558925935,100.7837577,100.7837577
87.63,24611.575,0.1775902794,156.3969803,1.563969803,101.1098411,101.1098411
87.757,24617.4125,0.1774872834,156.2665825,1.562665825,101.0255397,101.0255397
87.884,24590.775,0.1779574702,156.8618611,1.568618611,101.4103842,101.4103842
88.011,24654.9625,0.17682534,155.4285311,1.554285311,100.4837437,100.4837437
88.138,24601.825,0.1777623614,156.6148443,1.566148443,101.2506891,101.2506891
88.265,24622.15,0.1774037136,156.1607792,1.561607792,100.9571384,100.9571384
88.392,24685.025,0.1762961149,154.7585072,1.547585072,100.0505768,100.0505768
88.519,24593.825,0.1779036079,156.7936689,1.567936689,101.3662983,101.3662983
88.646,24610.275,0.1776132197,156.4260238,1.564260238,101.1286176,101.1286176
88.773,24618.7,0.1774645702,156.2378266,1.562378266,101.0069491,101.0069491
88.9,24613.55,0.17755543,156.3528594,1.563528594,101.0813172,101.0813172
89.027,24541.7,0.1788250434,157.9602496,1.579602496,102.1204867,102.1204867
89.154,24628.9375,0.1772840097,156.0092285,1.560092285,100.8591616,100.8591616
89.281,24639.3625,0.1771002193,155.7765412,1.557765412,100.7087305,100.7087305
89.408,24579.1625,0.1781626055,157.1215721,1.571215721,101.578286,101.578286
89.535,24607.525,0.1776617513,156.4874671,1.564874671,101.1683404,101.1683404
89.662,24537.575,0.1788980463,158.0526747,1.580526747,102.1802391,102.1802391
89.789,24600.175,0.1777914898,156.6517221,1.566517221,101.2745304,101.2745304
89.916,24628.3625,0.1772941491,156.0220654,1.560220654,100.8674606,100.8674606
90.043,24637.85,0.1771268795,155.8102943,1.558102943,100.7305517,100.7305517
90.17,24679.7625,0.1763887103,154.8757373,1.548757373,100.1263654,100.1263654
90.297,24670.2875,0.1765554757,155.0868701,1.550868701,100.2628617,100.2628617
90.424,24679.6125,0.1763913499,154.8790791,1.548790791,100.1285259,100.1285259
90.551,24662.7,0.1766890662,155.256002,1.55256002,100.3722046,100.3722046
90.678,24623.7625,0.1773752727,156.1247717,1.561247717,100.9338597,100.9338597
90.805,24625.6125,0.1773426451,156.0834636,1.560834636,100.9071542,100.9071542
90.932,24664.775,0.1766525283,155.2097433,1.552097433,100.3422986,100.3422986
91.059,24700.6125,0.1760219638,154.4114189,1.544114189,99.82618598,99.82618598
91.186,24675.5375,0.1764630648,154.9698736,1.549698736,100.187224,100.187224
91.313,24661.0375,0.1767183427,155.2930675,1.552930675,100.3961672,100.3961672
91.44,24689.5,0.1762173914,154.6588396,1.546588396,99.98614214,99.98614214
91.567,24648.925,0.176931703,155.5631916,1.555631916,100.570801,100.570801
91.694,24687.6,0.1762508142,154.7011544,1.547011544,100.0134984,100.0134984
91.821,24589.4625,0.1779806507,156.8912088,1.568912088,101.4293573,101.4293573
91.948,24602.6625,0.1777475773,156.5961269,1.565961269,101.2385884,101.2385884
92.075,24672.95,0.1765086077,155.0275331,1.550275331,100.2245006,100.2245006
92.202,24714.25,0.1757822508,154.1079311,1.541079311,99.62998264,99.62998264
92.329,24693.0125,0.1761556101,154.5806215,1.545806215,99.93557454,99.93557454
92.456,24657.0875,0.17678791,155.3811429,1.553811429,100.4531075,100.4531075
92.583,24681.7375,0.1763539572,154.8317383,1.548317383,100.0979203,100.0979203
92.71,24668.625,0.1765847432,155.1239242,1.551239242,100.286817,100.286817
92.837,24687.25,0.1762569713,154.7089495,1.547089495,100.018538,100.018538
92.964,24709.35,0.1758683653,154.216956,1.54216956,99.7004667,99.7004667
93.091,24688.5375,0.1762343224,154.6802749,1.546802749,100,100
93.218,24667.675,0.1766014684,155.1450991,1.551450991,100.3005064,100.3005064
93.345,24662.35,0.1766952295,155.263805,1.55263805,100.3772492,100.3772492
93.472,24679.825,0.1763876105,154.8743449,1.548743449,100.1254652,100.1254652
93.599,24638.6625,0.1771125577,155.7921622,1.557921622,100.7188294,100.7188294
93.726,24662.4,0.176694349,155.2626903,1.552626903,100.3765285,100.3765285
93.853,24683.7125,0.176319207,154.7877428,1.547877428,100.0694774,100.0694774
93.98,24678.5375,0.1764102674,154.9030296,1.549030296,100.1440097,100.1440097
94.107,24654.2,0.1768387716,155.4455361,1.554455361,100.4947374,100.4947374
94.234,24685.825,0.1762820404,154.7406882,1.547406882,100.0390569,100.0390569
94.361,24700.7875,0.1760188869,154.4075234,1.544075234,99.82366756,99.82366756
94.488,24710.55,0.1758472744,154.190254,1.54190254,99.683204,99.683204
94.615,24679.2625,0.176397509,154.8868768,1.548868768,100.1335671,100.1335671
94.742,24685,0.1762965548,154.7590641,1.547590641,100.0509368,100.0509368
94.869,24724.7875,0.1755971186,153.873545,1.53873545,99.47845327,99.47845327
94.996,24656.5375,0.1767975975,155.3934077,1.553934077,100.4610366,100.4610366
95.123,24697.2625,0.1760808686,154.4859952,1.544859952,99.87439916,99.87439916
95.25,24696.5875,0.1760927384,154.501023,1.54501023,99.88411454,99.88411454
95.377,24709.475,0.1758661683,154.2141745,1.542141745,99.69866846,99.69866846
95.504,24711.8,0.1758253059,154.1624408,1.541624408,99.66522292,99.66522292
95.631,24669.7125,0.1765655981,155.0996855,1.550996855,100.2711468,100.2711468
95.758,24684.9125,0.1762980942,154.7610131,1.547610131,100.0521968,100.0521968
95.885,24703.5,0.1759711977,154.3471468,1.543471468,99.78463434,99.78463434
96.012,24741.6,0.175301905,153.4997907,1.534997907,99.23682301,99.23682301
96.139,24725.6875,0.1755813103,153.8535309,1.538535309,99.46551426,99.46551426
96.266,24723.95,0.1756118297,153.8921699,1.538921699,99.49049417,99.49049417
96.393,24728.825,0.1755262052,153.7837652,1.537837652,99.42041109,99.42041109
96.52,24738.3125,0.175359615,153.5728543,1.535728543,99.28405824,99.28405824
96.647,24739,0.1753475457,153.557574,1.53557574,99.27417963,99.27417963
96.774,24661.4375,0.1767112986,155.2841492,1.552841492,100.3904016,100.3904016
96.901,24755.1125,0.175064782,153.1995818,1.531995818,99.04273952,99.04273952
97.028,24719.0625,0.1756976907,154.000874,1.54000874,99.56077082,99.56077082
97.155,24737.4875,0.1753740986,153.5911911,1.535911911,99.29591293,99.29591293
97.282,24781.4625,0.1746027533,152.6146317,1.526146317,98.66457229,98.66457229
97.409,24761.0125,0.1749612869,153.0685522,1.530685522,98.95802954,98.95802954
97.536,24800.75,0.1742648718,152.1868579,1.521868579,98.38801872,98.38801872
97.663,24718.225,0.1757124052,154.0195033,1.540195033,99.57281451,99.57281451
97.79,24658.5625,0.1767619311,155.3482523,1.553482523,100.4318439,100.4318439
97.917,24650.025,0.1769123223,155.5386547,1.555386547,100.5549381,100.5549381
98.044,24701.525,0.1760059202,154.391107,1.54391107,99.81305442,99.81305442
98.171,24636.05,0.1771586095,155.8504659,1.558504659,100.7565224,100.7565224
98.298,24643.9375,0.1770195876,155.6744577,1.556744577,100.642734,100.642734
98.425,24658.3375,0.1767658938,155.3532694,1.553532694,100.4350874,100.4350874
98.552,24663.275,0.1766789409,155.2431829,1.552431829,100.3639171,100.3639171
98.679,24649.0125,0.1769301613,155.5612397,1.555612397,100.5695392,100.5695392
98.806,24662.5875,0.1766910473,155.2585101,1.552585101,100.373826,100.373826
98.933,24615.7125,0.1775172754,156.3045538,1.563045538,101.0500879,101.0500879
99.06,24505.4,0.1794678905,158.7741242,1.587741242,102.6466525,102.6466525
99.187,24618.55,0.1774672164,156.2411767,1.562411767,101.0091149,101.0091149
99.314,24657.5,0.1767806445,155.3719445,1.553719445,100.4471608,100.4471608
99.441,24641.15,0.1770687139,155.7366538,1.557366538,100.6829435,100.6829435
99.568,24643.75,0.1770228919,155.6786411,1.556786411,100.6454385,100.6454385
99.695,24654.95,0.1768255602,155.4288098,1.554288098,100.483924,100.483924
99.822,24654.7625,0.176828863,155.4329914,1.554329914,100.4866273,100.4866273
99.949,24685.5875,0.1762862188,154.7459782,1.547459782,100.0424768,100.0424768
100.076,24661.7125,0.1767064558,155.278018,1.55278018,100.3864378,100.3864378
100.203,24661.9,0.1767031539,155.2738377,1.552738377,100.3837353,100.3837353
100.33,24671.15,0.1765402925,155.0676476,1.550676476,100.2504344,100.2504344
100.457,24677.25,0.1764329255,154.9317158,1.549317158,100.1625552,100.1625552
100.584,24723.4,0.175621491,153.9044015,1.539044015,99.49840185,99.49840185
100.711,24645.025,0.1770004233,155.6501947,1.556501947,100.6270481,100.6270481
100.838,24666.1,0.1766291985,155.1802067,1.551802067,100.3232033,100.3232033
100.965,24686.275,0.1762741237,154.7306653,1.547306653,100.0325771,100.0325771
101.092,24666.625,0.1766199549,155.1685039,1.551685039,100.3156375,100.3156375
101.219,24696.975,0.1760859242,154.4923959,1.544923959,99.87853716,99.87853716
101.346,24764.85,0.1748939845,152.9833442,1.529833442,98.902943,98.902943
101.473,24735.625,0.1754067981,153.6325903,1.536325903,99.32267726,99.32267726
101.6,24737.5625,0.1753727819,153.5895241,1.535895241,99.29483522,99.29483522
101.727,24729.3625,0.1755167655,153.7718142,1.537718142,99.41268483,99.41268483
101.854,24739.3625,0.1753411821,153.5495173,1.535495173,99.26897102,99.26897102
101.981,24739.825,0.1753330631,153.5392383,1.535392383,99.26232566,99.26232566
102.108,24718.9625,0.1756994477,154.0030984,1.540030984,99.56220885,99.56220885
102.235,24686.425,0.1762714848,154.7273243,1.547273243,100.0304172,100.0304172
102.362,24681.975,0.1763497783,154.8264475,1.548264475,100.0944998,100.0944998
102.489,24685.2875,0.1762914967,154.7526603,1.547526603,100.0467968,100.0467968
102.616,24657.5375,0.1767799841,155.3711083,1.553711083,100.4466202,100.4466202
102.743,24647.6375,0.1769543883,155.5919122,1.555919122,100.5893688,100.5893688
102.87,24624.7,0.1773587381,156.1038381,1.561038381,100.9203263,100.9203263
102.997,24638.875,0.1771088121,155.78742,1.5578742,100.7157636,100.7157636
103.124,24630.5125,0.1772562378,155.9740679,1.559740679,100.8364305,100.8364305
103.251,24676.6375,0.176443705,154.9453632,1.549453632,100.1713782,100.1713782
103.378,24619.3625,0.1774528833,156.2230304,1.562230304,100.9973835,100.9973835
103.505,24618.25,0.1774725087,156.247877,1.56247877,101.0134467,101.0134467
103.632,24670.95,0.1765438132,155.0721049,1.550721049,100.253316,100.253316
103.759,24624.925,0.1773547699,156.0988142,1.560988142,100.9170783,100.9170783
103.886,24597.725,0.1778347445,156.7064846,1.567064846,101.3099341,101.3099341
104.013,24620.7375,0.1774286285,156.1923227,1.561923227,100.9775311,100.9775311
104.14,24629.9,0.1772670378,155.9877412,1.559877412,100.8452702,100.8452702
104.267,24590.0875,0.1779696122,156.8772335,1.568772335,101.4203224,101.4203224
104.394,24564.8,0.1784164538,157.4429559,1.574429559,101.786059,101.786059
104.521,24557.525,0.1785450915,157.6058173,1.576058173,101.8913481,101.8913481
104.648,24595.8625,0.1778676298,156.748119,1.56748119,101.3368505,101.3368505
104.775,24615.325,0.1775241121,156.3132094,1.563132094,101.0556837,101.0556837
104.902,24623.65,0.1773772569,156.1272837,1.561272837,100.9354837,100.9354837
105.029,24600.925,0.1777782494,156.6349591,1.566349591,101.2636932,101.2636932
105.156,24600.7125,0.1777820008,156.6397086,1.566397086,101.2667637,101.2667637
105.283,24622.725,0.1773935717,156.1479391,1.561479391,100.9488373,100.9488373
105.41,24634.5125,0.177185714,155.8847815,1.558847815,100.7787073,100.7787073
105.537,24650.0625,0.1769116616,155.5378182,1.555378182,100.5543973,100.5543973
105.664,24641.9,0.1770554955,155.7199188,1.557199188,100.6721244,100.6721244
105.791,24559.075,0.178517681,157.5711143,1.575711143,101.8689127,101.8689127
105.918,24614.8625,0.1775322722,156.3235405,1.563235405,101.0623627,101.0623627
106.045,24646.0375,0.1769825814,155.627606,1.55627606,100.6124447,100.6124447
106.172,24655.8,0.1768105878,155.4098541,1.554098541,100.4716691,100.4716691
106.299,24635.7,0.1771647795,155.8582774,1.558582774,100.7615725,100.7615725
106.426,24633.9875,0.1771949696,155.8964995,1.558964995,100.7862829,100.7862829
106.553,24640.3125,0.1770834749,155.755342,1.55755342,100.6950253,100.6950253
106.68,24637.5125,0.1771328287,155.8178262,1.558178262,100.735421,100.735421
106.807,24678.9625,0.1764027883,154.8935607,1.548935607,100.1378881,100.1378881
106.934,24676.2875,0.1764498648,154.9531618,1.549531618,100.17642,100.17642
107.061,24597.175,0.1778444553,156.718779,1.56718779,101.3178824,101.3178824
107.188,24618.95,0.17746016,156.2322431,1.562322431,101.0033394,101.0033394
107.315,24626.75,0.1773225847,156.0580662,1.560580662,100.890735,100.890735
107.442,24724.6375,0.1755997534,153.8768808,1.538768808,99.48060982,99.48060982
107.569,24664.825,0.1766516479,155.2086287,1.552086287,100.341578,100.341578
107.696,24650.4625,0.1769046143,155.528896,1.55528896,100.5486291,100.5486291
107.823,24645.7875,0.1769869867,155.6331834,1.556331834,100.6160504,100.6160504
107.95,24666.175,0.176627878,155.1785348,1.551785348,100.3221224,100.3221224
108.077,24670.0125,0.1765603168,155.0929992,1.550929992,100.2668241,100.2668241
108.204,24660.675,0.1767247266,155.3011498,1.553011498,100.4013924,100.4013924
108.331,24623.575,0.1773785797,156.1289585,1.561289585,100.9365664,100.9365664
108.458,24644.7875,0.1770046085,155.6554935,1.556554935,100.6304737,100.6304737
108.585,24644.8875,0.1770028463,155.6532624,1.556532624,100.6290314,100.6290314
108.712,24689.7125,0.1762136535,154.6541072,1.546541072,99.98308269,99.98308269
108.839,24659.2625,0.1767496026,155.3326439,1.553326439,100.4217532,100.4217532
108.966,24647.65,0.176954168,155.5916334,1.555916334,100.5891885,100.5891885
109.093,24652.075,0.176876206,155.4929298,1.554929298,100.5253772,100.5253772
109.22,24625.8625,0.1773382361,156.0778816,1.560778816,100.9035455,100.9035455
109.347,24638.5875,0.1771138797,155.7938359,1.557938359,100.7199114,100.7199114
109.474,24594.0375,0.1778998554,156.7889181,1.567889181,101.3632269,101.3632269
109.601,24632.875,0.1772145833,155.9213314,1.559213314,100.8023366,100.8023366
109.728,24660.95,0.1767198837,155.2950184,1.552950184,100.3974285,100.3974285
109.855,24616.5625,0.1775022792,156.2855679,1.562855679,101.0378136,101.0378136
109.982,24571.825,0.1782922727,157.2857369,1.572857369,101.6844177,101.6844177
110.109,24610.5375,0.1776085874,156.4201591,1.564201591,101.1248262,101.1248262
110.236,24604.525,0.1777147011,156.554504,1.56554504,101.2116794,101.2116794
110.363,24640.8625,0.177073781,155.7430691,1.557430691,100.6870909,100.6870909
110.49,24617.4875,0.1774859603,156.2649074,1.562649074,101.0244567,101.0244567
110.617,24606.225,0.1776846955,156.5165155,1.565165155,101.18712,101.18712
110.744,24649.125,0.1769281791,155.5587302,1.555587302,100.5679168,100.5679168
110.871,24617.8,0.1774804473,156.2579277,1.562579277,101.0199443,101.0199443
110.998,24596.7125,0.1778526215,156.7291177,1.567291177,101.3245663,101.3245663
111.125,24598.0625,0.1778287857,156.6989405,1.566989405,101.3050569,101.3050569
111.252,24564.5875,0.1784202107,157.4477123,1.574477123,101.789134,101.789134
111.379,24583.5125,0.1780857512,157.0242709,1.570242709,101.5153813,101.5153813
111.506,24620.3125,0.1774361253,156.201814,1.56201814,100.9836671,100.9836671
111.633,24614.775,0.177533816,156.325495,1.56325495,101.0636263,101.0636263
111.76,24584.7625,0.1780636692,156.996314,1.56996314,101.4973073,101.4973073
111.887,24603.1625,0.1777387513,156.5849527,1.565849527,101.2313643,101.2313643
112.014,24585.875,0.1780440171,156.9714336,1.569714336,101.4812222,101.4812222
112.141,24615.8625,0.177514629,156.3012033,1.563012033,101.0479218,101.0479218
112.268,24611.275,0.1775955732,156.4036825,1.564036825,101.1141741,101.1141741
112.395,24611.85,0.1775854268,156.3908367,1.563908367,101.1058693,101.1058693
112.522,24615.375,0.17752323,156.3120926,1.563120926,101.0549617,101.0549617
112.649,24584.4375,0.1780694104,157.0035827,1.570035827,101.5020065,101.5020065
112.776,24624.15,0.1773684383,156.116119,1.56116119,100.9282658,100.9282658
112.903,24580,0.1781478078,157.1028375,1.571028375,101.5661742,101.5661742
113.03,24566.7875,0.1783813171,157.3984712,1.573984712,101.7572999,101.7572999
113.157,24545.725,0.1787538221,157.8700801,1.578700801,102.0621926,102.0621926
113.284,24589.7125,0.1779762353,156.8856186,1.568856186,101.4257433,101.4257433
113.411,24536.5375,0.1789164096,158.0759235,1.580759235,102.1952693,102.1952693
113.538,24580.1625,0.1781449367,157.0992025,1.570992025,101.5638242,101.5638242
113.665,24560.95,0.1784845253,157.5291377,1.575291377,101.8417751,101.8417751
113.792,24641.475,0.1770629859,155.7294019,1.557294019,100.6782552,100.6782552
113.919,24609.35,0.1776295434,156.4466904,1.564466904,101.1419785,101.1419785
114.046,24567.1875,0.1783742459,157.3895188,1.573895188,101.7515122,101.7515122
114.173,24549.825,0.1786812857,157.7782456,1.577782456,102.002822,102.002822
114.3,24616.625,0.1775011765,156.2841719,1.562841719,101.0369111,101.0369111
114.427,24590.65,0.1779596778,156.8646561,1.568646561,101.4121911,101.4121911
114.554,24628.6875,0.1772884181,156.0148097,1.560148097,100.8627698,100.8627698
114.681,24583.075,0.1780934802,157.0340562,1.570340562,101.5217074,101.5217074
114.808,24608.425,0.1776458677,156.4673577,1.564673577,101.1553398,101.1553398
114.935,24562.2875,0.1784608759,157.4991964,1.574991964,101.8224182,101.8224182
115.062,24594.8625,0.1778852874,156.7704743,1.567704743,101.3513031,101.3513031
115.189,24547.775,0.1787175524,157.8241609,1.578241609,102.0325061,102.0325061
115.316,24583,0.1780948052,157.0357337,1.570357337,101.5227919,101.5227919
115.443,24505.525,0.1794656752,158.7713196,1.587713196,102.6448393,102.6448393
115.57,24523.6,0.1791454625,158.3659153,1.583659153,102.3827475,102.3827475
115.697,24538.6125,0.1788796838,158.0294269,1.580294269,102.1652095,102.1652095
115.824,24635.475,0.177168746,155.8632991,1.558632991,100.764819,100.764819
115.951,24608.45,0.1776454265,156.4667991,1.564667991,101.1549786,101.1549786
116.078,24571.1625,0.1783039822,157.3005617,1.573005617,101.6940018,101.6940018
116.205,24620.675,0.177429731,156.1937184,1.561937184,100.9784334,100.9784334
116.332,24607.025,0.1776705759,156.4986394,1.564986394,101.1755632,101.1755632
116.459,24560.9,0.1784854095,157.5302571,1.575302571,101.8424987,101.8424987
116.586,24582.3625,0.1781060677,157.0499926,1.570499926,101.5320102,101.5320102
116.713,24542.3875,0.1788128774,157.9448469,1.579448469,102.1105289,102.1105289
116.84,24568.575,0.1783497186,157.3584661,1.573584661,101.7314367,101.7314367
116.967,24589.0375,0.1779881571,156.9007121,1.569007121,101.4355012,101.4355012
117.094,24627.7375,0.1773051704,156.0360189,1.560360189,100.8764815,100.8764815
117.221,24607.2125,0.1776672666,156.4944498,1.564944498,101.1728547,101.1728547
117.348,24599.575,0.1778020824,156.6651328,1.566651328,101.2832004,101.2832004
117.475,24634,0.1771947493,155.8962205,1.558962205,100.7861025,100.7861025
117.602,24579.8125,0.1781511207,157.1070317,1.571070317,101.5688857,101.5688857
117.729,24574.475,0.1782454378,157.2264417,1.572264417,101.6460837,101.6460837
117.856,24597.0375,0.1778468831,156.7218527,1.567218527,101.3198695,101.3198695
117.983,24568.275,0.1783550217,157.36518,1.5736518,101.7357773,101.7357773
118.11,24545.3625,0.1787602359,157.8782003,1.578782003,102.0674423,102.0674423
118.237,24517.4375,0.1792546095,158.5041005,1.585041005,102.4720835,102.4720835
118.364,24461.6375,0.1802441603,159.7569184,1.597569184,103.2820238,103.2820238
118.491,24471.2625,0.1800733107,159.5406147,1.595406147,103.1421846,103.1421846
118.618,24448.8625,0.1804710283,160.0441439,1.600441439,103.4677136,103.4677136
118.745,24518.8125,0.1792302538,158.4732651,1.584732651,102.4521485,102.4521485
118.872,24552.4875,0.1786341877,157.7186174,1.577186174,101.9642727,101.9642727
118.999,24540.9375,0.1788385369,157.9773331,1.579773331,102.1315311,102.1315311
119.126,24577.925,0.1781844717,157.1492557,1.571492557,101.5961833,101.5961833
119.253,24563.925,0.1784319236,157.4625415,1.574625415,101.798721,101.798721
119.38,24478.8375,0.179938897,159.3704407,1.593704407,103.032168,103.032168
119.507,24546.7125,0.1787363503,157.84796,1.5784796,102.047892,102.047892
119.634,24610.95,0.1776013082,156.4109433,1.564109433,101.1188682,101.1188682
119.761,24595.925,0.1778665263,156.7467218,1.567467218,101.3359472,101.3359472
119.888,24557.1625,0.1785515023,157.6139337,1.576139337,101.8965952,101.8965952
120.015,24563.4,0.1784412058,157.4742932,1.574742932,101.8063184,101.8063184
120.142,24541.9375,0.1788208406,157.9549286,1.579549286,102.1170467,102.1170467
120.269,24528.925,0.179051171,158.2465378,1.582465378,102.3055706,102.3055706
120.396,24577.0875,0.1781992707,157.1679919,1.571679919,101.6082962,101.6082962
120.523,24613.6125,0.1775543273,156.3514632,1.563514632,101.0804146,101.0804146
120.65,24576.025,0.1782180462,157.1917626,1.571917626,101.6236638,101.6236638
120.777,24578.95,0.1781663602,157.1263257,1.571263257,101.5813592,101.5813592
120.904,24587.9375,0.1780075858,156.9253099,1.569253099,101.4514035,101.4514035
121.031,24593.325,0.1779124373,156.8048474,1.568048474,101.3735251,101.3735251
121.158,24629.925,0.177266597,155.9871831,1.559871831,100.8449094,100.8449094
121.285,24599.2125,0.1778084822,156.6732353,1.566732353,101.2884386,101.2884386
121.412,24618.3875,0.177470083,156.244806,1.56244806,101.0114613,101.0114613
121.539,24608.7625,0.1776399114,156.4598168,1.564598168,101.1504646,101.1504646
121.666,24589.45,0.1779808715,156.8914883,1.568914883,101.429538,101.429538
121.793,24665.2375,0.1766443847,155.1994332,1.551994332,100.3356331,100.3356331
121.92,24633.1375,0.1772099553,155.9154721,1.559154721,100.7985486,100.7985486
122.047,24659.675,0.1767423378,155.3234463,1.553234463,100.415807,100.415807
122.174,24633.7125,0.1771998179,155.9026376,1.559026376,100.7902512,100.7902512
122.301,24636.7875,0.1771456087,155.8340063,1.558340063,100.7458814,100.7458814
122.428,24661.95,0.1767022734,155.272723,1.55272723,100.3830146,100.3830146
122.555,24635.3,0.177171831,155.867205,1.55867205,100.7673441,100.7673441
122.682,24650.325,0.1769070368,155.531963,1.55531963,100.5506119,100.5506119
122.809,24659.3125,0.176748722,155.3315291,1.553315291,100.4210324,100.4210324
122.936,24684.2375,0.17630997,154.7760484,1.547760484,100.061917,100.061917
123.063,24664.425,0.1766586911,155.2175457,1.552175457,100.3473428,100.3473428
123.19,24724.4875,0.1756023882,153.8802166,1.538802166,99.48276638,99.48276638
123.317,24648.75,0.1769347863,155.5670952,1.555670952,100.5733248,100.5733248
123.444,24618.05,0.1774760369,156.252344,1.56252344,101.0163345,101.0163345
123.571,24663,0.1766837834,155.2493137,1.552493137,100.3678806,100.3678806
123.698,24579.975,0.1781482495,157.1033967,1.571033967,101.5665357,101.5665357
123.825,24604.6875,0.1777118328,156.5508727,1.565508727,101.2093318,101.2093318
123.952,24644.55,0.1770087938,155.6607922,1.556607922,100.6338994,100.6338994
124.079,24619.5,0.1774504578,156.2199596,1.562199596,100.9953982,100.9953982
124.206,24609.75,0.1776224844,156.4377534,1.564377534,101.1362007,101.1362007
124.333,24635.025,0.177176679,155.8733427,1.558733427,100.7713122,100.7713122
124.46,24618.775,0.1774632472,156.2361515,1.562361515,101.0058662,101.0058662
124.587,24616.1375,0.1775097772,156.2950608,1.562950608,101.0439507,101.0439507
124.714,24664.5875,0.1766558298,155.2139231,1.552139231,100.3450008,100.3450008
124.841,24605.6375,0.1776950648,156.5296436,1.565296436,101.1956073,101.1956073
124.968,24543.4625,0.178793855,157.9207636,1.579207636,102.0949592,102.0949592
125.095,24587.3125,0.1780186253,156.9392863,1.569392863,101.4604392,101.4604392
125.222,24614.4125,0.1775402119,156.3335925,1.563335925,101.0688613,101.0688613
125.349,24592.3625,0.1779294345,156.8263666,1.568263666,101.3874372,101.3874372
125.476,24605.925,0.1776899904,156.5232191,1.565232191,101.1914539,101.1914539
125.603,24578.5,0.1781743115,157.1363924,1.571363924,101.5878673,101.5878673
125.73,24629.425,0.1772754134,155.9983452,1.559983452,100.8521256,100.8521256
125.857,24659.1625,0.1767513638,155.3348737,1.553348737,100.4231947,100.4231947
125.984,24680.0375,0.1763838711,154.8696106,1.548696106,100.1224045,100.1224045
126.111,24659.55,0.1767445392,155.3262335,1.553262335,100.4176089,100.4176089
126.238,24695.3375,0.1761147205,154.5288533,1.545288533,99.9021067,99.9021067
126.365,24665.925,0.1766322797,155.1841076,1.551841076,100.3257252,100.3257252
126.492,24700.4625,0.1760246011,154.414758,1.54414758,99.82834464,99.82834464
126.619,24700.2625,0.1760281176,154.41921,1.5441921,99.83122287,99.83122287
126.746,24660.2625,0.1767319911,155.310347,1.55310347,100.4073383,100.4073383
126.873,24674.7,0.1764778052,154.9885356,1.549885356,100.199289,100.199289
127,24651.8,0.1768810507,155.4990634,1.554990634,100.5293425,100.5293425
127.127,24658.0375,0.1767711776,155.3599589,1.553599589,100.4394122,100.4394122
127.254,24672.3125,0.1765198292,155.0417399,1.550417399,100.2336853,100.2336853
127.381,24674.25,0.1764857256,154.9985633,1.549985633,100.2057718,100.2057718
127.508,24692.4625,0.1761652835,154.5928684,1.545928684,99.94349212,99.94349212
127.635,24655.9375,0.1768081659,155.4067878,1.554067878,100.4696868,100.4696868
127.762,24702.6875,0.175985482,154.3652312,1.543652312,99.79632587,99.79632587
127.889,24678.6125,0.1764089475,154.9013586,1.549013586,100.1429294,100.1429294
128.016,24701.8625,0.1759999864,154.3835946,1.543835946,99.80819766,99.80819766
128.143,24712.05,0.1758209123,154.1568784,1.541568784,99.66162681,99.66162681
128.27,24752.5625,0.1751095206,153.2562229,1.532562229,99.07935771,99.07935771
128.397,24746.0125,0.1752244584,153.4017396,1.534017396,99.17343349,99.17343349
128.524,24740.5125,0.1753209945,153.5239589,1.535239589,99.25244766,99.25244766
128.651,24758.6625,0.1750025066,153.1207382,1.531207382,98.99176754,98.99176754
128.778,24766.2625,0.1748692146,152.9519843,1.529519843,98.88266899,98.88266899
128.905,24758.8375,0.1749994369,153.1168518,1.531168518,98.98925503,98.98925503
129.032,24808.625,0.1741269919,152.0122954,1.520122954,98.27516496,98.27516496
129.159,24792.4125,0.1744108972,152.3717329,1.523717329,98.50753945,98.50753945
129.286,24772.35,0.174762479,152.8168519,1.528168519,98.79530663,98.79530663
129.413,24750.5125,0.1751454902,153.3017622,1.533017622,99.1087986,99.1087986
129.54,24731.5375,0.1754785701,153.723457,1.53723457,99.38142213,99.38142213
129.667,24795.7625,0.1743522184,152.2974428,1.522974428,98.4595113,98.4595113
129.794,24826.925,0.1738067541,151.6068593,1.516068593,98.01305261,98.01305261
129.921,24769.85,0.1748063097,152.8723437,1.528723437,98.8311818,98.8311818
130.048,24844.425,0.1735007365,151.2194266,1.512194266,97.76257938,97.76257938
130.175,24868.2875,0.1730838068,150.691574,1.50691574,97.4213254,97.4213254
130.302,24836.8375,0.1736333905,151.3873728,1.513873728,97.87115574,97.87115574
130.429,24854.2375,0.1733292423,151.0023069,1.510023069,97.62221265,97.62221265
130.556,24882.5625,0.1728345827,150.3760446,1.503760446,97.2173373,97.2173373
130.683,24935.7375,0.1719074689,149.2223234,1.492223234,96.47146244,96.47146244
130.81,24931.175,0.1719869392,149.3204078,1.493204078,96.53487356,96.53487356
130.937,24940.75,0.1718201772,149.1145855,1.491145855,96.40181045,96.40181045
131.064,25026.0125,0.1703380292,147.2852759,1.472852759,95.21917123,95.21917123
131.191,25005.4125,0.1706956631,147.7266779,1.477266779,95.50453536,95.50453536
131.318,25007.6625,0.1706565868,147.6784488,1.476784488,95.47335551,95.47335551
131.445,25018.2875,0.1704721074,147.450759,1.47450759,95.32615524,95.32615524
131.572,25034.7,0.1701872949,147.0992353,1.470992353,95.09889694,95.09889694
131.699,25082.65,0.1693562682,146.0735583,1.460735583,94.4358021,94.4358021
131.826,25142.35,0.1683238185,144.7992793,1.447992793,93.61198729,93.61198729
131.953,25138.475,0.1683907582,144.8818982,1.448818982,93.66539996,93.66539996
132.08,25223.175,0.1669299333,143.0789061,1.430789061,92.4997749,92.4997749
132.207,25213.6875,0.1670933205,143.2805633,1.432805633,92.63014522,92.63014522
132.334,25262.4625,0.1662540045,142.2446554,1.422446554,91.96043613,91.96043613
132.461,25261.85,0.1662645343,142.2576516,1.422576516,91.96883809,91.96883809
132.588,25302.7375,0.1655621764,141.3907813,1.413907813,91.40841091,91.40841091
132.715,25311.425,0.1654130903,141.206775,1.41206775,91.28945179,91.28945179
132.842,25394.0875,0.1639970746,139.4590879,1.394590879,90.15958108,90.15958108
132.969,25416.6,0.1636122322,138.9841043,1.389841043,89.85250662,89.85250662
133.096,25450.9875,0.1630250487,138.2593856,1.382593856,89.38397972,89.38397972
133.223,25515.2125,0.1619304967,136.9084581,1.369084581,88.51061208,88.51061208
133.35,25505.275,0.1620996758,137.1172639,1.371172639,88.64560393,88.64560393
133.477,25585.4625,0.1607364144,135.4346875,1.354346875,87.55782695,87.55782695
133.604,25472.5,0.1626581154,137.806506,1.37806506,89.09119543,89.09119543
133.731,25694.1625,0.1588952199,133.1622325,1.331622325,86.08869651,86.08869651
133.858,25709.8,0.1586309881,132.83611,1.3283611,85.87786003,85.87786003
133.985,25755.525,0.1578592794,131.883645,1.31883645,85.26209629,85.26209629
134.112,25754.85,0.1578706615,131.8976931,1.318976931,85.27117834,85.27117834
134.239,25867.8,0.1559701919,129.552079,1.29552079,83.75475089,83.75475089
134.366,25916.2625,0.1551573162,128.5488045,1.285488045,83.10613911,83.10613911
134.493,25962.7375,0.154379204,127.5884361,1.275884361,82.4852659,82.4852659
134.62,26012.3875,0.1535494714,126.5643563,1.265643563,81.82320361,81.82320361
134.747,26070.4625,0.1525809506,125.3689801,1.253689801,81.05039908,81.05039908
134.874,26172.525,0.150884063,123.2746329,1.232746329,79.69641438,79.69641438
135.001,26178.4875,0.1507851354,123.1525336,1.231525336,79.6174778,79.6174778
135.128,26268.1625,0.1492999921,121.3195271,1.213195271,78.43244857,78.43244857
135.255,26323.3,0.148389353,120.1955902,1.201955902,77.70582918,77.70582918
135.382,26363.175,0.1477319738,119.384234,1.19384234,77.18129156,77.18129156
135.509,26476.5625,0.1458680872,117.0837716,1.170837716,75.69405449,75.69405449
135.636,26566.775,0.1443908487,115.2605215,1.152605215,74.51533273,74.51533273
135.763,26612.725,0.1436403401,114.3342223,1.143342223,73.91648504,73.91648504
135.89,26683.175,0.1424921818,112.9171324,1.129171324,73.00034375,73.00034375
136.017,26743.2,0.1415163141,111.7126885,1.117126885,72.22167697,72.22167697
136.144,26770.0875,0.1410798956,111.1740483,1.111740483,71.87344885,71.87344885
136.271,26903.5,0.1389209033,108.509358,1.08509358,70.15074035,70.15074035
136.398,26957.175,0.1380553084,107.4410159,1.074410159,69.46006268,69.46006268
136.525,27075.35,0.1361556069,105.09635,1.0509635,67.94424822,67.94424822
136.652,27165.225,0.1347163798,103.3200146,1.033200146,66.79585658,66.79585658
136.779,27251.8875,0.1333330989,101.6127296,1.016127296,65.69210563,65.69210563
136.906,27318.9375,0.1322658818,100.2955396,1.002955396,64.84054909,64.84054909
137.033,27442.775,0.1303016614,98.53052039,0.9853052039,63.69947327,63.69947327
137.16,27506.2875,0.1292977083,97.67516531,0.9767516531,63.14649062,63.14649062
137.287,27606.9625,0.127711061,96.32336226,0.9632336226,62.27255692,62.27255692
137.414,27626.1375,0.1274095173,96.06645091,0.9606645091,62.10646506,62.10646506
137.541,27783.2,0.1249474211,93.96877672,0.9396877672,60.75032951,60.75032951
137.668,27935.25,0.122577124,91.94931418,0.9194931418,59.4447574,59.4447574
137.795,27990.375,0.1217209694,91.2198815,0.912198815,58.97318293,58.97318293
137.922,28099.425,0.1200322533,89.78111721,0.8978111721,58.04302924,58.04302924
138.049,28200.725,0.1184694128,88.44959724,0.8844959724,57.18220844,57.18220844
138.176,28295.3875,0.1170140404,87.20963878,0.8720963878,56.38058169,56.38058169
138.303,28378.1125,0.1157461803,86.12943828,0.8612943828,55.68223764,55.68223764
138.43,28508.3,0.113758366,84.43584617,0.8443584617,54.58733908,54.58733908
138.557,28548.125,0.1131520967,83.91931251,0.8391931251,54.25340273,54.25340273
138.684,28704.675,0.1107770523,81.89580535,0.8189580535,52.94521579,52.94521579
138.811,28785.0375,0.1095628868,80.861352,0.80861352,52.27644703,52.27644703
138.938,28928.6875,0.1074009563,79.01941512,0.7901941512,51.08564434,51.08564434
139.065,29000.9625,0.1063172746,78.09613232,0.7809613232,50.48874677,50.48874677
139.192,29130.0125,0.1043890154,76.45328033,0.7645328033,49.42665143,49.42665143
139.319,29139.925,0.1042412567,76.32739185,0.7632739185,49.34526518,49.34526518
139.446,29295.4,0.1019302541,74.35844746,0.7435844746,48.07235278,48.07235278
139.573,29403.675,0.1003280725,72.99340943,0.7299340943,47.18986274,47.18986274
139.7,29483.0375,0.09915746151,71.99606397,0.7199606397,46.54508404,46.54508404
139.827,29618.375,0.09716845889,70.3014594,0.703014594,45.44953093,45.44953093
139.954,29760.875,0.09508399058,68.5255193,0.685255193,44.30139481,44.30139481
140.081,29851.3375,0.09376589172,67.40251608,0.6740251608,43.57537902,43.57537902
140.208,29960.375,0.09218244142,66.05343686,0.6605343686,42.70320626,42.70320626
140.335,30091.7,0.09028296288,64.43510566,0.6443510566,41.65696349,41.65696349
140.462,30192.2375,0.08883438723,63.2009379,0.632009379,40.8590804,40.8590804
140.589,30287.5,0.0874662592,62.03531047,0.6203531047,40.10550827,40.10550827
140.716,30357.65,0.08646153676,61.17929992,0.6117929992,39.55210187,39.55210187
140.843,30494.1625,0.08451297607,59.51915135,0.5951915135,38.47882438,38.47882438
140.97,30610.8,0.0828550065,58.10658268,0.5810658268,37.56560602,37.56560602
141.097,30692.5375,0.08169689121,57.1198834,0.571198834,36.92771002,36.92771002
141.224,30765.325,0.08066817907,56.24343393,0.5624343393,36.36108997,36.36108997
141.351,30918.875,0.07850600285,54.40128769,0.5440128769,35.17015192,35.17015192
141.478,31027.4125,0.0769841268,53.10466894,0.5310466894,34.33189459,34.33189459
141.605,31147.2125,0.07531050052,51.67876094,0.5167876094,33.41005242,33.41005242
141.732,31235.7625,0.07407757431,50.62832373,0.5062832373,32.73095018,32.73095018
141.859,31374.3,0.0721556414,49.19249314,0.4919249314,31.80269311,31.80269311
141.986,31477.925,0.07072359006,48.21618451,0.4821618451,31.17151461,31.17151461
142.113,31594.9625,0.0691118421,47.11736675,0.4711736675,30.4611346,30.4611346
142.24,31692.25,0.0677766132,46.20706732,0.4620706732,29.87263072,29.87263072
142.367,31762.1,0.06682047759,45.55521678,0.4555521678,29.4512127,29.4512127
142.494,31821.7625,0.06600545626,44.99957164,0.4499957164,29.09199098,29.09199098
142.621,31918.925,0.06468143005,44.09690972,0.4409690972,28.5084247,28.5084247
142.748,32039.0125,0.06305056446,42.9850584,0.429850584,27.78961857,27.78961857
142.875,32148.15,0.06157370031,41.9781984,0.419781984,27.13868876,27.13868876
143.002,32177.375,0.06117907447,41.70916013,0.4170916013,26.96475691,26.96475691
143.129,32269.475,0.05993778652,40.86290545,0.4086290545,26.41765763,26.41765763
143.256,32370.375,0.05858195575,39.9385606,0.399385606,25.82007345,25.82007345
143.383,32432.3875,0.05775076604,39.37189258,0.3937189258,25.4537255,25.4537255
143.51,32520.3,0.05657514303,38.57040533,0.3857040533,24.93556812,24.93556812
143.637,32520.5375,0.05657197133,38.56824301,0.3856824301,24.93417019,24.93417019
143.764,32673.325,0.05453635365,37.1804498,0.371804498,24.03696904,24.03696904
143.891,32651.3125,0.05482904284,37.37999222,0.3737999222,24.16597218,24.16597218
144.018,32747.3625,0.05355335905,36.51028799,0.3651028799,23.60371289,23.60371289
144.145,32879.9125,0.05179903322,35.314267,0.35314267,22.83049149,22.83049149
144.272,32921.5375,0.05124957693,34.93967225,0.3493967225,22.58831791,22.58831791
144.399,32994.8875,0.05028303442,34.28072674,0.3428072674,22.16231304,22.16231304
144.526,33096.9,0.04894236858,33.36672066,0.3336672066,21.57141282,21.57141282
144.653,33118.0125,0.04866542061,33.17790991,0.3317790991,21.44934764,21.44934764
144.78,33230.8,0.04718888971,32.17127709,0.3217127709,20.79856472,20.79856472
144.907,33247.6875,0.04696824244,32.02084964,0.3202084964,20.70131415,20.70131415
145.034,33342.1625,0.04573592254,31.18070898,0.3118070898,20.15816754,20.15816754
145.161,33376.175,0.04529312247,30.87882767,0.3087882767,19.96300284,19.96300284
145.288,33464.4875,0.04414550806,30.09643543,0.3009643543,19.45719029,19.45719029
145.415,33444.5,0.04440497877,30.27333097,0.3027333097,19.57155234,19.57155234
145.542,33526,0.04334794566,29.55269302,0.2955269302,19.10566362,19.10566362
145.669,33590.2,0.04251709665,28.98625727,0.2898625727,18.73946583,18.73946583
145.796,33621.3375,0.0421147001,28.71192128,0.2871192128,18.56210903,18.56210903
145.923,33627.2,0.04203897945,28.66029833,0.2866029833,18.52873505,18.52873505
146.05,33736.2625,0.0406327191,27.70157283,0.2770157283,17.90892397,17.90892397
146.177,33775.8125,0.04012388127,27.35466993,0.2735466993,17.68465303,17.68465303
146.304,33898.6625,0.03854712325,26.27970675,0.2627970675,16.98969488,16.98969488
146.431,33882.9625,0.03874831121,26.41686771,0.2641686771,17.07836873,17.07836873
146.558,34007.3,0.03715753373,25.33234668,0.2533234668,16.37723148,16.37723148
146.685,33961.6125,0.03774138394,25.73038968,0.2573038968,16.63456423,16.63456423
146.812,33994.275,0.03732390298,25.44576981,0.2544576981,16.45055895,16.45055895
146.939,34052.7375,0.03657765575,24.93701178,0.2493701178,16.12164951,16.12164951
147.066,34109.3,0.03585687955,24.44561876,0.2444561876,15.80396645,15.80396645
147.193,34136.3625,0.03551244462,24.21079841,0.2421079841,15.65215631,15.65215631
147.32,34212.25,0.03454804944,23.55331686,0.2355331686,15.22709788,15.22709788
147.447,34202.5625,0.03467104116,23.63716712,0.2363716712,15.28130664,15.28130664
147.574,34246.7375,0.03411048141,23.25500252,0.2325500252,15.0342392,15.0342392
147.701,34229.7125,0.03432643489,23.40222996,0.2340222996,15.12942097,15.12942097
147.828,34323.875,0.03313337464,22.58885478,0.2258885478,14.60357811,14.60357811
147.955,34342.2,0.03290157323,22.43082293,0.2243082293,14.50141134,14.50141134
148.082,34324.7625,0.03312214539,22.58119918,0.2258119918,14.59862881,14.59862881
148.209,34362.6375,0.03264319568,22.25467266,0.2225467266,14.3875311,14.3875311
148.336,34378.15,0.03244718416,22.12104076,0.2212104076,14.30113876,14.30113876
148.463,34445.525,0.03159687792,21.54133995,0.2154133995,13.92636518,13.92636518
148.59,34458.3625,0.0314350509,21.43101351,0.2143101351,13.85503971,13.85503971
148.717,34468.3375,0.03130934961,21.34531599,0.2134531599,13.7996367,13.7996367
148.844,34488.4,0.03105663947,21.17302951,0.2117302951,13.68825438,13.68825438
148.971,34516.05,0.0307085969,20.93574963,0.2093574963,13.53485416,13.53485416
149.098,34424.3375,0.03186409537,21.72351687,0.2172351687,14.04414162,14.04414162
149.225,34545.65,0.0303363177,20.68194629,0.2068194629,13.37077161,13.37077161
149.352,34585.4625,0.02983609861,20.34091927,0.2034091927,13.1502994,13.1502994
149.479,34588.675,0.02979576067,20.31341866,0.2031341866,13.1325204,13.1325204
149.606,34626.575,0.02932014981,19.98916842,0.1998916842,12.92289429,12.92289429
149.733,34652.9125,0.02898994438,19.76404911,0.1976404911,12.77735582,12.77735582
149.86,34697.425,0.02843244065,19.38396797,0.1938396797,12.53163532,12.53163532
149.987,34725.5375,0.02808070964,19.14417348,0.1914417348,12.37660942,12.37660942
150.114,34762.7625,0.02761540502,18.82694957,0.1882694957,12.1715258,12.1715258
150.241,34765.2875,0.0275838611,18.80544434,0.1880544434,12.15762278,12.15762278
150.368,34735.725,0.02795331849,19.05732388,0.1905732388,12.3204616,12.3204616
150.495,34774.4,0.02747004096,18.72784685,0.1872784685,12.1074564,12.1074564
150.622,34788.2,0.02729772814,18.61037167,0.1861037167,12.0315093,12.0315093
150.749,34806.825,0.02706527661,18.4518966,0.184518966,11.92905599,11.92905599
150.876,34798.1875,0.02717306249,18.52538019,0.1852538019,11.97656275,11.97656275
151.003,34865.7375,0.02633083026,17.95118388,0.1795118388,11.6053478,11.6053478
151.13,34833.125,0.02673724808,18.2282614,0.182282614,11.78447698,11.78447698
151.257,34837.2625,0.02668566537,18.19309461,0.1819309461,11.76174184,11.76174184
151.384,34965.0125,0.0250959985,17.10933075,0.1710933075,11.06109409,11.06109409
151.511,34929.1625,0.0255415137,17.41306311,0.1741306311,11.25745549,11.25745549
151.638,34940.75,0.0253974635,17.31485612,0.1731485612,11.19396518,11.19396518
151.765,34991.7375,0.02476417861,16.88311077,0.1688311077,10.91484404,10.91484404
151.892,34950.075,0.0252815743,17.23584804,0.1723584804,11.14288686,11.14288686
152.019,35019.175,0.02442377581,16.65103935,0.1665103935,10.76481106,10.76481106
152.146,35042.6625,0.02413259041,16.45252215,0.1645252215,10.63647072,10.63647072
152.273,35019.1625,0.02442393083,16.65114503,0.1665114503,10.76487939,10.76487939
152.4,35000.5375,0.02465497252,16.80865894,0.1680865894,10.86671131,10.86671131
152.527,35038.7875,0.02418061713,16.48526462,0.1648526462,10.65763856,10.65763856
152.654,35088.95,0.02355931374,16.06168772,0.1606168772,10.38379827,10.38379827
152.781,35003.0875,0.0246233327,16.78708832,0.1678708832,10.85276602,10.85276602
152.908,35090.475,0.02354043929,16.04881996,0.1604881996,10.37547934,10.37547934
153.035,35011.825,0.02451493728,16.71318916,0.1671318916,10.8049906,10.8049906
153.162,34989.55,0.02479132928,16.90162088,0.1690162088,10.92681073,10.92681073
153.289,34987.4,0.02481801615,16.9198148,0.169198148,10.93857301,10.93857301
153.416,34990.7375,0.02477659013,16.89157239,0.1689157239,10.92031443,10.92031443
153.543,34964.8375,0.02509817215,17.11081265,0.1711081265,11.06205213,11.06205213
153.67,34976.45,0.02495395849,17.01249421,0.1701249421,10.99848977,10.99848977
153.797,34918.1,0.02567908195,17.506851,0.17506851,11.31808888,11.31808888
153.924,34970.85,0.02502349796,17.05990312,0.1705990312,11.02913938,11.02913938
154.051,35026.125,0.02433759311,16.59228383,0.1659228383,10.72682592,10.72682592
154.178,35019.575,0.02441881519,16.64765742,0.1664765742,10.76262466,10.76262466
154.305,34995.425,0.02471841419,16.85191064,0.1685191064,10.89467331,10.89467331
154.432,34993.4375,0.02474307984,16.86872657,0.1686872657,10.90554473,10.90554473
154.559,35052.3,0.02401316633,16.37110415,0.1637110415,10.5838344,10.5838344
154.686,35118.9625,0.02318800904,15.80854876,0.1580854876,10.22014524,10.22014524
154.813,35130.9125,0.02304025592,15.70781729,0.1570781729,10.15502286,10.15502286
154.94,35190.775,0.02230085501,15.20372678,0.1520372678,9.829130949,9.829130949
155.067,35101.2375,0.02340725848,15.95802324,0.1595802324,10.31677972,10.31677972
155.194,35075.525,0.0237255062,16.17499032,0.1617499032,10.45704782,10.45704782
155.321,35119.1,0.02318630866,15.80738952,0.1580738952,10.2193958,10.2193958
155.448,35083.825,0.02362275028,16.10493592,0.1610493592,10.41175801,10.41175801
155.575,35190.025,0.02231011097,15.21003708,0.1521003708,9.833210525,9.833210525
155.702,35157.3125,0.02271401707,15.48540221,0.1548540221,10.01123266,10.01123266
155.829,35174.7375,0.02249882125,15.33869131,0.1533869131,9.916384826,9.916384826
155.956,35179.5375,0.02243956078,15.29829018,0.1529829018,9.890265699,9.890265699
156.083,35195.2,0.02224624888,15.16649875,0.1516649875,9.805063223,9.805063223
156.21,35116.8,0.02321475216,15.82678103,0.1582678103,10.23193231,10.23193231
156.337,35231.45,0.02179916879,14.86169952,0.1486169952,9.608012092,9.608012092
156.464,35172.5125,0.02252629369,15.3574208,0.153574208,9.928493339,9.928493339
156.591,35200.0875,0.0221859433,15.1253851,0.151253851,9.77848346,9.77848346
156.718,35179.7875,0.02243647452,15.2961861,0.152961861,9.888905426,9.888905426
156.845,35189.025,0.02232245255,15.21845102,0.1521845102,9.838650094,9.838650094
156.972,35129.325,0.02305988131,15.721197,0.15721197,10.16367278,10.16367278
157.099,35208.9,0.02207722933,15.05126878,0.1505126878,9.730567638,9.730567638
157.226,35149.0125,0.02281655817,15.55531016,0.1555531016,10.05642779,10.05642779
157.353,35231.8125,0.02179470031,14.85865311,0.1485865311,9.606042605,9.606042605
157.48,35251.1625,0.02155624277,14.69608341,0.1469608341,9.500942132,9.500942132
157.607,35207.45,0.02209511515,15.06346253,0.1506346253,9.738450835,9.738450835
157.734,35167.2875,0.02259081445,15.40140817,0.1540140817,9.956930948,9.956930948
157.861,35170.625,0.02254960032,15.37331022,0.1537331022,9.938765768,9.938765768
157.988,35265.0625,0.02138502846,14.57935714,0.1457935714,9.425479202,9.425479202
158.115,35227.9625,0.02184216097,14.89100967,0.1489100967,9.626960953,9.626960953
158.242,35244.0375,0.02164403168,14.75593397,0.1475593397,9.539635207,9.539635207
158.369,35234.8,0.02175787565,14.8335477,0.148335477,9.589812085,9.589812085
158.496,35238.45,0.02171288908,14.80287787,0.1480287787,9.569984196,9.569984196
158.623,35191.0125,0.022297924,15.20172854,0.1520172854,9.827839102,9.827839102
158.75,35212.6625,0.02203082215,15.01963044,0.1501963044,9.710113614,9.710113614
158.877,35219.775,0.02194310917,14.95983164,0.1495983164,9.671454003,9.671454003
159.004,35211.625,0.02204361832,15.02835429,0.1502835429,9.715753542,9.715753542
159.131,35227.775,0.0218444725,14.89258557,0.1489258557,9.627979762,9.627979762
159.258,35214.025,0.02201401812,15.0081742,0.150081742,9.702707214,9.702707214
159.385,35197.125,0.02222249581,15.15030497,0.1515030497,9.794594027,9.794594027
159.512,35184,0.02238447432,15.26073469,0.1526073469,9.86598627,9.86598627
159.639,35170.225,0.02255453963,15.37667762,0.1537667762,9.940942777,9.940942777
159.766,35233.4125,0.02177497793,14.84520727,0.1484520727,9.597349937,9.597349937
159.893,35203.475,0.02214415074,15.0968928,0.150968928,9.760063335,9.760063335
160.02,35183.225,0.02239404066,15.26725659,0.1526725659,9.870202644,9.870202644
160.147,35197.025,0.0222237297,15.15114618,0.1515114618,9.795137867,9.795137867
160.274,35214.95,0.02200261025,15.00039682,0.1500039682,9.697679179,9.697679179
160.401,35192.425,0.0222804926,15.18984459,0.1518984459,9.820156189,9.820156189
160.528,35284.25,0.02114879581,14.41830428,0.1441830428,9.321359353,9.321359353
160.655,35248.675,0.02158688986,14.71697723,0.1471697723,9.514449878,9.514449878
160.782,35165.75,0.02260980205,15.41435306,0.1541435306,9.965299757,9.965299757
160.909,35221.125,0.02192646266,14.9484828,0.149484828,9.664117032,9.664117032
161.036,35210.6375,0.02205579816,15.03665796,0.1503665796,9.72112182,9.72112182
161.163,35235.65,0.02174739891,14.82640513,0.1482640513,9.585194447,9.585194447
161.29,35240.2625,0.02169055159,14.78764916,0.1478764916,9.560138918,9.560138918
161.417,35206.525,0.02210652545,15.07124156,0.1507124156,9.743479941,9.743479941
161.544,35331.6125,0.02056622768,14.02113535,0.1402113535,9.064591689,9.064591689
161.671,35250.4125,0.02156548287,14.7023829,0.147023829,9.505014719,9.505014719
161.798,35220.125,0.02193879335,14.95688931,0.1495688931,9.669551798,9.669551798
161.925,35200.5375,0.02218039129,15.12159999,0.1512159999,9.776036404,9.776036404
162.052,35247.8875,0.02159659266,14.72359216,0.1472359216,9.518726399,9.518726399
162.179,35277.55,0.02123127027,14.47453168,0.1447453168,9.357710077,9.357710077
162.306,35168.5375,0.02257537799,15.39088428,0.1539088428,9.950127308,9.950127308
162.433,35199.875,0.0221885651,15.12717253,0.1512717253,9.779639025,9.779639025
162.56,35210.775,0.02205410221,15.03550174,0.1503550174,9.720374329,9.720374329
162.687,35248.8125,0.02158519575,14.71582226,0.1471582226,9.513703194,9.513703194
162.814,35275.5375,0.02125604644,14.49142296,0.1449142296,9.368630206,9.368630206
162.941,35165.5625,0.02261211766,15.41593175,0.1541593175,9.966320369,9.966320369
163.068,35119.5875,0.02318028012,15.80327953,0.1580327953,10.21673871,10.21673871
163.195,35126.475,0.02309511653,15.7452188,0.157452188,10.17920275,10.17920275
163.322,35236.525,0.02173661429,14.81905266,0.1481905266,9.580441114,9.580441114
163.449,35186.3125,0.02235593087,15.24127503,0.1524127503,9.853405704,9.853405704
163.576,35310.15,0.02083012386,14.20104797,0.1420104797,9.180904274,9.180904274
163.703,35213.4,0.02202172631,15.0134293,0.150134293,9.706104609,9.706104609
163.83,35133.0625,0.02301367806,15.68969769,0.1568969769,10.14330864,10.14330864
163.957,35207.7375,0.02209156876,15.06104476,0.1506104476,9.736887762,9.736887762
164.084,35173.0625,0.02251950259,15.35279093,0.1535279093,9.925500152,9.925500152
164.211,35143.5625,0.02288390255,15.60122255,0.1560122255,10.08610991,10.08610991
164.338,35186.8375,0.02234945099,15.23685735,0.1523685735,9.850549691,9.850549691
164.465,35235.125,0.0217538698,14.83081669,0.1483081669,9.588046504,9.588046504
164.592,35200.7875,0.02217730687,15.11949717,0.1511949717,9.774676942,9.774676942
164.719,35101.825,0.02339998962,15.95306766,0.1595306766,10.31357596,10.31357596
164.846,35137.025,0.0229646987,15.65630575,0.1565630575,10.12172092,10.12172092
164.973,35175.4,0.02249064159,15.33311479,0.1533311479,9.912779631,9.912779631
165.1,35130.5375,0.02304489176,15.71097779,0.1571097779,10.15706612,10.15706612
165.227,35150.5625,0.02279740709,15.5422538,0.155422538,10.04798693,10.04798693
165.354,35123.7125,0.0231292727,15.76850495,0.1576850495,10.19425713,10.19425713
165.481,35107.8375,0.02332560683,15.90235679,0.1590235679,10.28079165,10.28079165
165.608,35200.2,0.02218455529,15.12443882,0.1512443882,9.777871693,9.777871693
165.735,35171.3,0.02254126535,15.36762781,0.1536762781,9.935092121,9.935092121
165.862,35145.3625,0.02286165922,15.58605803,0.1558605803,10.07630613,10.07630613
165.989,35100.8125,0.02341251688,15.96160818,0.1596160818,10.31909737,10.31909737
166.116,35229.5625,0.02182243643,14.87756236,0.1487756236,9.618267336,9.618267336
166.243,35086.175,0.02359366116,16.08510426,0.1608510426,10.39893694,10.39893694
166.37,35040.2875,0.02416202551,16.47258969,0.1647258969,10.64944428,10.64944428
166.497,35145.275,0.02286274047,15.58679518,0.1558679518,10.0767827,10.0767827
166.624,35128.2375,0.02307332599,15.73036299,0.1573036299,10.16959854,10.16959854
166.751,35168.3375,0.02257784778,15.39256807,0.1539256807,9.951215874,9.951215874
166.878,35108.7,0.02331493757,15.89508297,0.1589508297,10.27608916,10.27608916
167.005,34978.8375,0.02492431447,16.99228424,0.1699228424,10.98542413,10.98542413
167.132,35115.05,0.0232363952,15.84153629,0.1584153629,10.24147151,10.24147151
167.259,35195.5625,0.0222417758,15.16344921,0.1516344921,9.803091707,9.803091707
167.386,35064.7625,0.02385878465,16.26585361,0.1626585361,10.51579047,10.51579047
167.513,35158.1,0.02270428927,15.47877024,0.1547877024,10.00694513,10.00694513
167.64,35102.8,0.02338792668,15.94484368,0.1594484368,10.30825921,10.30825921
167.767,35064.2,0.02386575155,16.27060333,0.1627060333,10.51886114,10.51886114
167.894,35173.8375,0.02250993349,15.34626714,0.1534626714,9.92128256,9.92128256
168.021,35231.25,0.02180163418,14.86338031,0.1486338031,9.609098714,9.609098714
168.148,35057.325,0.02395091155,16.32866162,0.1632866162,10.55639552,10.55639552
168.275,35143.8375,0.02288050419,15.5989057,0.155989057,10.08461208,10.08461208
168.402,35190.625,0.02230270619,15.20498883,0.1520498883,9.829946857,9.829946857
168.529,35065.175,0.02385367566,16.26237053,0.1626237053,10.51353868,10.51353868
168.656,34980.8875,0.02489886257,16.97493228,0.1697493228,10.97420617,10.97420617
168.783,35131.0625,0.0230384016,15.70655309,0.1570655309,10.15420557,10.15420557
168.91,35025.8,0.02434162285,16.59503113,0.1659503113,10.72860204,10.72860204
169.037,35093.3625,0.02350470384,16.02445713,0.1602445713,10.35972889,10.35972889
169.164,35178.4625,0.02245283196,15.30733787,0.1530733787,9.896114986,9.896114986
169.291,35150.075,0.02280343033,15.54636018,0.1554636018,10.05064167,10.05064167
169.418,35170.6625,0.02254913726,15.37299452,0.1537299452,9.938561675,9.938561675
169.545,35207.525,0.02209419,15.0628318,0.150628318,9.738043076,9.738043076
169.672,35156.4125,0.02272513481,15.49298179,0.1549298179,10.01613282,10.01613282
169.799,35138.3,0.02294893995,15.64556214,0.1564556214,10.11477523,10.11477523
169.926,35141.625,0.02290784631,15.61754633,0.1561754633,10.09666315,10.09666315
170.053,35149.7375,0.02280760031,15.54920308,0.1554920308,10.0524796,10.0524796
170.18,35137.55,0.02295820973,15.65188186,0.1565188186,10.1188609,10.1188609
170.307,35196.7375,0.02222727716,15.15356469,0.1515356469,9.796701416,9.796701416
170.434,35143.275,0.02288745542,15.60364473,0.1560364473,10.08767584,10.08767584
170.561,35130.3625,0.02304705517,15.71245271,0.1571245271,10.15801964,10.15801964
170.688,35159.85,0.02268267274,15.46403304,0.1546403304,9.997417609,9.997417609
170.815,35077.9875,0.02369501735,16.15420438,0.1615420438,10.44360982,10.44360982
170.942,35048.775,0.02405684293,16.4008809,0.164008809,10.60308491,10.60308491
171.069,35042.9,0.02412964701,16.45051547,0.1645051547,10.63517341,10.63517341
171.196,35023.8875,0.02436533711,16.61119845,0.1661119845,10.73905413,10.73905413
171.323,35034.8625,0.02422926897,16.51843327,0.1651843327,10.67908192,10.67908192
171.45,35093.3375,0.02350501323,16.02466806,0.1602466806,10.35986525,10.35986525
171.577,35064.0875,0.02386714494,16.27155329,0.1627155329,10.51947528,10.51947528
171.704,35060.225,0.02391498748,16.30417019,0.1630417019,10.54056194,10.54056194
171.831,35037.2875,0.02419920955,16.4979401,0.164979401,10.66583319,10.66583319
171.958,35023.55,0.02436952211,16.6140516,0.166140516,10.74089867,10.74089867
172.085,35013.7375,0.02449121485,16.69701627,0.1669701627,10.79453491,10.79453491
172.212,35088.3875,0.02356627583,16.06643417,0.1606643417,10.38686683,10.38686683
172.339,34980.3875,0.02490507022,16.97916437,0.1697916437,10.9769422,10.9769422
172.466,34969.5125,0.02504010836,17.07122735,0.1707122735,11.03646044,11.03646044
172.593,34952.825,0.02524740376,17.21255209,0.1721255209,11.12782615,11.12782615
